time,tunis_d1,tunis_d2,tunis_d3,tunis_d4,tunis_d5,tunis_d6,tunis_d7,tunis_d8,tunis_d9,tunis_d10,tunis_d11,tunis_d12,tunis_d13,tunis_d14,tunis_d15,tunis_d16,tunis_d17,tunis_d18,tunis_d19,tunis_d20,tunis_d21,ariana_d1,ariana_d2,ariana_d3,ariana_d4,ariana_d5,ariana_d6,ariana_d7,ben_arous_d1,ben_arous_d2,ben_arous_d3,ben_arous_d4,ben_arous_d5,ben_arous_d6,ben_arous_d7,ben_arous_d8,ben_arous_d9,ben_arous_d10,ben_arous_d11,ben_arous_d12,manouba_d1,manouba_d2,manouba_d3,manouba_d4,manouba_d5,manouba_d6,manouba_d7,manouba_d8,nabeul_d1,nabeul_d2,nabeul_d3,nabeul_d4,nabeul_d5,nabeul_d6,nabeul_d7,nabeul_d8,nabeul_d9,nabeul_d10,nabeul_d11,nabeul_d12,nabeul_d13,nabeul_d14,nabeul_d15,nabeul_d16,zaghouan_d1,zaghouan_d2,zaghouan_d3,zaghouan_d4,zaghouan_d5,zaghouan_d6,bizerte_d1,bizerte_d2,bizerte_d3,bizerte_d4,bizerte_d5,bizerte_d6,bizerte_d7,bizerte_d8,bizerte_d9,bizerte_d10,bizerte_d11,bizerte_d12,bizerte_d13,bizerte_d14,beja_d1,beja_d2,beja_d3,beja_d4,beja_d5,beja_d6,beja_d7,beja_d8,beja_d9,jendouba_d1,jendouba_d2,jendouba_d3,jendouba_d4,jendouba_d5,jendouba_d6,jendouba_d7,jendouba_d8,jendouba_d9,kef_d1,kef_d2,kef_d3,kef_d4,kef_d5,kef_d6,kef_d7,kef_d8,kef_d9,kef_d10,kef_d11,siliana_d1,siliana_d2,siliana_d3,siliana_d4,siliana_d5,siliana_d6,siliana_d7,siliana_d8,siliana_d9,siliana_d10,siliana_d11,kairouan_d1,kairouan_d2,kairouan_d3,kairouan_d4,kairouan_d5,kairouan_d6,kairouan_d7,kairouan_d8,kairouan_d9,kairouan_d10,kairouan_d11,kairouan_d12,kairouan_d13,kasserine_d1,kasserine_d2,kasserine_d3,kasserine_d4,kasserine_d5,kasserine_d6,kasserine_d7,kasserine_d8,kasserine_d9,kasserine_d10,kasserine_d11,kasserine_d12,kasserine_d13,sidi_bouzid_d1,sidi_bouzid_d2,sidi_bouzid_d3,sidi_bouzid_d4,sidi_bouzid_d5,sidi_bouzid_d6,sidi_bouzid_d7,sidi_bouzid_d8,sidi_bouzid_d9,sidi_bouzid_d10,sidi_bouzid_d11,sidi_bouzid_d12,sousse_d1,sousse_d2,sousse_d3,sousse_d4,sousse_d5,sousse_d6,sousse_d7,sousse_d8,sousse_d9,sousse_d10,sousse_d11,sousse_d12,sousse_d13,sousse_d14,sousse_d15,sousse_d16,monastir_d1,monastir_d2,monastir_d3,monastir_d4,monastir_d5,monastir_d6,monastir_d7,monastir_d8,monastir_d9,monastir_d10,monastir_d11,monastir_d12,monastir_d13,mahdia_d1,mahdia_d2,mahdia_d3,mahdia_d4,mahdia_d5,mahdia_d6,mahdia_d7,mahdia_d8,mahdia_d9,mahdia_d10,mahdia_d11,sfax_d1,sfax_d2,sfax_d3,sfax_d4,sfax_d5,sfax_d6,sfax_d7,sfax_d8,sfax_d9,sfax_d10,sfax_d11,sfax_d12,sfax_d13,sfax_d14,sfax_d15,sfax_d16,gafsa_d1,gafsa_d2,gafsa_d3,gafsa_d4,gafsa_d5,gafsa_d6,gafsa_d7,gafsa_d8,gafsa_d9,gafsa_d10,gafsa_d11,tozeur_d1,tozeur_d2,tozeur_d3,tozeur_d4,tozeur_d5,kebili_d1,kebili_d2,kebili_d3,kebili_d4,kebili_d5,kebili_d6,gabes_d1,gabes_d2,gabes_d3,gabes_d4,gabes_d5,gabes_d6,gabes_d7,gabes_d8,gabes_d9,gabes_d10,medenine_d1,medenine_d2,medenine_d3,medenine_d4,medenine_d5,medenine_d6,medenine_d7,medenine_d8,medenine_d9,tataouine_d1,tataouine_d2,tataouine_d3,tataouine_d4,tataouine_d5,tataouine_d6,tataouine_d7
2026-09-17 00:30:00+01:00,0.0,0.0,0.0,0.0,0.0,0.0,0.0,0.0,0.0,0.0,0.0,0.0,0.0,0.0,0.0,0.0,0.0,0.0,0.0,0.0,0.0,0.0,0.0,0.0,0.0,0.0,0.0,0.0,0.0,0.0,0.0,0.0,0.0,0.0,0.0,0.0,0.0,0.0,0.0,0.0,0.0,0.0,0.0,0.0,0.0,0.0,0.0,0.0,0.0,0.0,0.0,0.0,0.0,0.0,0.0,0.0,0.0,0.0,0.0,0.0,0.0,0.0,0.0,0.0,0.0,0.0,0.0,0.0,0.0,0.0,0.0,0.0,0.0,0.0,0.0,0.0,0.0,0.0,0.0,0.0,0.0,0.0,0.0,0.0,0.0,0.0,0.0,0.0,0.0,0.0,0.0,0.0,0.0,0.0,0.0,0.0,0.0,0.0,0.0,0.0,0.0,0.0,0.0,0.0,0.0,0.0,0.0,0.0,0.0,0.0,0.0,0.0,0.0,0.0,0.0,0.0,0.0,0.0,0.0,0.0,0.0,0.0,0.0,0.0,0.0,0.0,0.0,0.0,0.0,0.0,0.0,0.0,0.0,0.0,0.0,0.0,0.0,0.0,0.0,0.0,0.0,0.0,0.0,0.0,0.0,0.0,0.0,0.0,0.0,0.0,0.0,0.0,0.0,0.0,0.0,0.0,0.0,0.0,0.0,0.0,0.0,0.0,0.0,0.0,0.0,0.0,0.0,0.0,0.0,0.0,0.0,0.0,0.0,0.0,0.0,0.0,0.0,0.0,0.0,0.0,0.0,0.0,0.0,0.0,0.0,0.0,0.0,0.0,0.0,0.0,0.0,0.0,0.0,0.0,0.0,0.0,0.0,0.0,0.0,0.0,0.0,0.0,0.0,0.0,0.0,0.0,0.0,0.0,0.0,0.0,0.0,0.0,0.0,0.0,0.0,0.0,0.0,0.0,0.0,0.0,0.0,0.0,0.0,0.0,0.0,0.0,0.0,0.0,0.0,0.0,0.0,0.0,0.0,0.0,0.0,0.0,0.0,0.0,0.0,0.0,0.0,0.0,0.0,0.0,0.0,0.0,0.0,0.0,0.0,0.0,0.0,0.0,0.0,0.0,0.0,0.0,0.0,0.0,0.0,0.0,0.0,0.0,0.0,0.0,0.0,0.0
2026-09-17 01:30:00+01:00,0.0,0.0,0.0,0.0,0.0,0.0,0.0,0.0,0.0,0.0,0.0,0.0,0.0,0.0,0.0,0.0,0.0,0.0,0.0,0.0,0.0,0.0,0.0,0.0,0.0,0.0,0.0,0.0,0.0,0.0,0.0,0.0,0.0,0.0,0.0,0.0,0.0,0.0,0.0,0.0,0.0,0.0,0.0,0.0,0.0,0.0,0.0,0.0,0.0,0.0,0.0,0.0,0.0,0.0,0.0,0.0,0.0,0.0,0.0,0.0,0.0,0.0,0.0,0.0,0.0,0.0,0.0,0.0,0.0,0.0,0.0,0.0,0.0,0.0,0.0,0.0,0.0,0.0,0.0,0.0,0.0,0.0,0.0,0.0,0.0,0.0,0.0,0.0,0.0,0.0,0.0,0.0,0.0,0.0,0.0,0.0,0.0,0.0,0.0,0.0,0.0,0.0,0.0,0.0,0.0,0.0,0.0,0.0,0.0,0.0,0.0,0.0,0.0,0.0,0.0,0.0,0.0,0.0,0.0,0.0,0.0,0.0,0.0,0.0,0.0,0.0,0.0,0.0,0.0,0.0,0.0,0.0,0.0,0.0,0.0,0.0,0.0,0.0,0.0,0.0,0.0,0.0,0.0,0.0,0.0,0.0,0.0,0.0,0.0,0.0,0.0,0.0,0.0,0.0,0.0,0.0,0.0,0.0,0.0,0.0,0.0,0.0,0.0,0.0,0.0,0.0,0.0,0.0,0.0,0.0,0.0,0.0,0.0,0.0,0.0,0.0,0.0,0.0,0.0,0.0,0.0,0.0,0.0,0.0,0.0,0.0,0.0,0.0,0.0,0.0,0.0,0.0,0.0,0.0,0.0,0.0,0.0,0.0,0.0,0.0,0.0,0.0,0.0,0.0,0.0,0.0,0.0,0.0,0.0,0.0,0.0,0.0,0.0,0.0,0.0,0.0,0.0,0.0,0.0,0.0,0.0,0.0,0.0,0.0,0.0,0.0,0.0,0.0,0.0,0.0,0.0,0.0,0.0,0.0,0.0,0.0,0.0,0.0,0.0,0.0,0.0,0.0,0.0,0.0,0.0,0.0,0.0,0.0,0.0,0.0,0.0,0.0,0.0,0.0,0.0,0.0,0.0,0.0,0.0,0.0,0.0,0.0,0.0,0.0,0.0,0.0
2026-09-17 02:30:00+01:00,0.0,0.0,0.0,0.0,0.0,0.0,0.0,0.0,0.0,0.0,0.0,0.0,0.0,0.0,0.0,0.0,0.0,0.0,0.0,0.0,0.0,0.0,0.0,0.0,0.0,0.0,0.0,0.0,0.0,0.0,0.0,0.0,0.0,0.0,0.0,0.0,0.0,0.0,0.0,0.0,0.0,0.0,0.0,0.0,0.0,0.0,0.0,0.0,0.0,0.0,0.0,0.0,0.0,0.0,0.0,0.0,0.0,0.0,0.0,0.0,0.0,0.0,0.0,0.0,0.0,0.0,0.0,0.0,0.0,0.0,0.0,0.0,0.0,0.0,0.0,0.0,0.0,0.0,0.0,0.0,0.0,0.0,0.0,0.0,0.0,0.0,0.0,0.0,0.0,0.0,0.0,0.0,0.0,0.0,0.0,0.0,0.0,0.0,0.0,0.0,0.0,0.0,0.0,0.0,0.0,0.0,0.0,0.0,0.0,0.0,0.0,0.0,0.0,0.0,0.0,0.0,0.0,0.0,0.0,0.0,0.0,0.0,0.0,0.0,0.0,0.0,0.0,0.0,0.0,0.0,0.0,0.0,0.0,0.0,0.0,0.0,0.0,0.0,0.0,0.0,0.0,0.0,0.0,0.0,0.0,0.0,0.0,0.0,0.0,0.0,0.0,0.0,0.0,0.0,0.0,0.0,0.0,0.0,0.0,0.0,0.0,0.0,0.0,0.0,0.0,0.0,0.0,0.0,0.0,0.0,0.0,0.0,0.0,0.0,0.0,0.0,0.0,0.0,0.0,0.0,0.0,0.0,0.0,0.0,0.0,0.0,0.0,0.0,0.0,0.0,0.0,0.0,0.0,0.0,0.0,0.0,0.0,0.0,0.0,0.0,0.0,0.0,0.0,0.0,0.0,0.0,0.0,0.0,0.0,0.0,0.0,0.0,0.0,0.0,0.0,0.0,0.0,0.0,0.0,0.0,0.0,0.0,0.0,0.0,0.0,0.0,0.0,0.0,0.0,0.0,0.0,0.0,0.0,0.0,0.0,0.0,0.0,0.0,0.0,0.0,0.0,0.0,0.0,0.0,0.0,0.0,0.0,0.0,0.0,0.0,0.0,0.0,0.0,0.0,0.0,0.0,0.0,0.0,0.0,0.0,0.0,0.0,0.0,0.0,0.0,0.0
2026-09-17 03:30:00+01:00,0.0,0.0,0.0,0.0,0.0,0.0,0.0,0.0,0.0,0.0,0.0,0.0,0.0,0.0,0.0,0.0,0.0,0.0,0.0,0.0,0.0,0.0,0.0,0.0,0.0,0.0,0.0,0.0,0.0,0.0,0.0,0.0,0.0,0.0,0.0,0.0,0.0,0.0,0.0,0.0,0.0,0.0,0.0,0.0,0.0,0.0,0.0,0.0,0.0,0.0,0.0,0.0,0.0,0.0,0.0,0.0,0.0,0.0,0.0,0.0,0.0,0.0,0.0,0.0,0.0,0.0,0.0,0.0,0.0,0.0,0.0,0.0,0.0,0.0,0.0,0.0,0.0,0.0,0.0,0.0,0.0,0.0,0.0,0.0,0.0,0.0,0.0,0.0,0.0,0.0,0.0,0.0,0.0,0.0,0.0,0.0,0.0,0.0,0.0,0.0,0.0,0.0,0.0,0.0,0.0,0.0,0.0,0.0,0.0,0.0,0.0,0.0,0.0,0.0,0.0,0.0,0.0,0.0,0.0,0.0,0.0,0.0,0.0,0.0,0.0,0.0,0.0,0.0,0.0,0.0,0.0,0.0,0.0,0.0,0.0,0.0,0.0,0.0,0.0,0.0,0.0,0.0,0.0,0.0,0.0,0.0,0.0,0.0,0.0,0.0,0.0,0.0,0.0,0.0,0.0,0.0,0.0,0.0,0.0,0.0,0.0,0.0,0.0,0.0,0.0,0.0,0.0,0.0,0.0,0.0,0.0,0.0,0.0,0.0,0.0,0.0,0.0,0.0,0.0,0.0,0.0,0.0,0.0,0.0,0.0,0.0,0.0,0.0,0.0,0.0,0.0,0.0,0.0,0.0,0.0,0.0,0.0,0.0,0.0,0.0,0.0,0.0,0.0,0.0,0.0,0.0,0.0,0.0,0.0,0.0,0.0,0.0,0.0,0.0,0.0,0.0,0.0,0.0,0.0,0.0,0.0,0.0,0.0,0.0,0.0,0.0,0.0,0.0,0.0,0.0,0.0,0.0,0.0,0.0,0.0,0.0,0.0,0.0,0.0,0.0,0.0,0.0,0.0,0.0,0.0,0.0,0.0,0.0,0.0,0.0,0.0,0.0,0.0,0.0,0.0,0.0,0.0,0.0,0.0,0.0,0.0,0.0,0.0,0.0,0.0,0.0
2026-09-17 04:30:00+01:00,0.0,0.0,0.0,0.0,0.0,0.0,0.0,0.0,0.0,0.0,0.0,0.0,0.0,0.0,0.0,0.0,0.0,0.0,0.0,0.0,0.0,0.0,0.0,0.0,0.0,0.0,0.0,0.0,0.0,0.0,0.0,0.0,0.0,0.0,0.0,0.0,0.0,0.0,0.0,0.0,0.0,0.0,0.0,0.0,0.0,0.0,0.0,0.0,0.0,0.0,0.0,0.0,0.0,0.0,0.0,0.0,0.0,0.0,0.0,0.0,0.0,0.0,0.0,0.0,0.0,0.0,0.0,0.0,0.0,0.0,0.0,0.0,0.0,0.0,0.0,0.0,0.0,0.0,0.0,0.0,0.0,0.0,0.0,0.0,0.0,0.0,0.0,0.0,0.0,0.0,0.0,0.0,0.0,0.0,0.0,0.0,0.0,0.0,0.0,0.0,0.0,0.0,0.0,0.0,0.0,0.0,0.0,0.0,0.0,0.0,0.0,0.0,0.0,0.0,0.0,0.0,0.0,0.0,0.0,0.0,0.0,0.0,0.0,0.0,0.0,0.0,0.0,0.0,0.0,0.0,0.0,0.0,0.0,0.0,0.0,0.0,0.0,0.0,0.0,0.0,0.0,0.0,0.0,0.0,0.0,0.0,0.0,0.0,0.0,0.0,0.0,0.0,0.0,0.0,0.0,0.0,0.0,0.0,0.0,0.0,0.0,0.0,0.0,0.0,0.0,0.0,0.0,0.0,0.0,0.0,0.0,0.0,0.0,0.0,0.0,0.0,0.0,0.0,0.0,0.0,0.0,0.0,0.0,0.0,0.0,0.0,0.0,0.0,0.0,0.0,0.0,0.0,0.0,0.0,0.0,0.0,0.0,0.0,0.0,0.0,0.0,0.0,0.0,0.0,0.0,0.0,0.0,0.0,0.0,0.0,0.0,0.0,0.0,0.0,0.0,0.0,0.0,0.0,0.0,0.0,0.0,0.0,0.0,0.0,0.0,0.0,0.0,0.0,0.0,0.0,0.0,0.0,0.0,0.0,0.0,0.0,0.0,0.0,0.0,0.0,0.0,0.0,0.0,0.0,0.0,0.0,0.0,0.0,0.0,0.0,0.0,0.0,0.0,0.0,0.0,0.0,0.0,0.0,0.0,0.0,0.0,0.0,0.0,0.0,0.0,0.0
2026-09-17 05:30:00+01:00,0.0,0.0,0.0,0.0,0.0,0.0,0.0,0.0,0.0,0.0,0.0,0.0,0.0,0.0,0.0,0.0,0.0,0.0,0.0,0.0,0.0,0.0,0.0,0.0,0.0,0.0,0.0,0.0,0.0,0.0,0.0,0.0,0.0,0.0,0.0,0.0,0.0,0.0,0.0,0.0,0.0,0.0,0.0,0.0,0.0,0.0,0.0,0.0,0.0,0.0,0.0,0.0,0.0,0.0,0.0,0.0,0.0,0.0,0.0,0.0,0.0,0.0,0.0,0.0,0.0,0.0,0.0,0.0,0.0,0.0,0.0,0.0,0.0,0.0,0.0,0.0,0.0,0.0,0.0,0.0,0.0,0.0,0.0,0.0,0.0,0.0,0.0,0.0,0.0,0.0,0.0,0.0,0.0,0.0,0.0,0.0,0.0,0.0,0.0,0.0,0.0,0.0,0.0,0.0,0.0,0.0,0.0,0.0,0.0,0.0,0.0,0.0,0.0,0.0,0.0,0.0,0.0,0.0,0.0,0.0,0.0,0.0,0.0,0.0,0.0,0.0,0.0,0.0,0.0,0.0,0.0,0.0,0.0,0.0,0.0,0.0,0.0,0.0,0.0,0.0,0.0,0.0,0.0,0.0,0.0,0.0,0.0,0.0,0.0,0.0,0.0,0.0,0.0,0.0,0.0,0.0,0.0,0.0,0.0,0.0,0.0,0.0,0.0,0.0,0.0,0.0,0.0,0.0,0.0,0.0,0.0,0.0,0.0,0.0,0.0,0.0,0.0,0.0,0.0,0.0,0.0,0.0,0.0,0.0,0.0,0.0,0.0,0.0,0.0,0.0,0.0,0.0,0.0,0.0,0.0,0.0,0.0,0.0,0.0,0.0,0.0,0.0,0.0,0.0,0.0,0.0,0.0,0.0,0.0,0.0,0.0,0.0,0.0,0.0,0.0,0.0,0.0,0.0,0.0,0.0,0.0,0.0,0.0,0.0,0.0,0.0,0.0,0.0,0.0,0.0,0.0,0.0,0.0,0.0,0.0,0.0,0.0,0.0,0.0,0.0,0.0,0.0,0.0,0.0,0.0,0.0,0.0,0.0,0.0,0.0,0.0,0.0,0.0,0.0,0.0,0.0,0.0,0.0,0.0,0.0,0.0,0.0,0.0,0.0,0.0,0.0
2026-09-17 06:30:00+01:00,0.32506621941124914,0.12436199957398911,0.10207821954692274,0.08776585758957763,0.07176149753258101,0.0662635864761335,0.03960097310012618,0.03922080014871554,0.02737839574004432,0.027305956745556435,0.026419665478916225,0.01200256464966804,0.011844034424960233,0.009476159592235592,0.006957966535320516,0.006604078692515483,0.005253137550978871,0.00501849728139916,0.0010426768437374215,7.35070895354784e-05,4.7841296137510433e-05,0.20961893518314054,0.12579725805778455,0.07764838841793505,0.06417355602577443,0.03687029143166469,0.035691028722219756,0.010387128863032958,0.1298087251075013,0.11250868012364329,0.08490716562664304,0.043713741899821815,0.040338734591412094,0.034411121863068495,0.011574143940850094,0.008522972803048019,0.007412148960532357,0.004753185575739727,0.004544180061880595,0.0027279242127629965,0.1556365967788674,0.09439860160655127,0.06503806848854306,0.04759277656087227,0.02557019650294835,0.02515088077065243,0.00948602652596708,0.005864553105996921,0.120453552849616,0.0949233113357827,0.08705584525597565,0.07900065697609072,0.06580275643472826,0.055674974574376986,0.05479823068010221,0.054130437715087826,0.05366392193121999,0.042104942940185866,0.03074910648105031,0.02863789094709566,0.028414039207624534,0.02035441103101033,0.01600880051813463,0.008503605273893692,0.08236697682092044,0.05793864146598598,0.05283301162097048,0.03884121454184294,0.017873924831926475,0.010580450818816612,0.15799065229007922,0.10048702335800183,0.06283703657783099,0.059697103651662975,0.04397995409251988,0.03620133084245209,0.03264770462730926,0.023001396112441494,0.019736474343034525,0.01540359716051384,0.01463837741475114,0.0027778620940944665,0.0027533696214023426,0.0010178464517065923,0.08776644499662319,0.08214699272975179,0.0656587526348609,0.06075127606516732,0.05517083058848453,0.023109096510600592,0.01219153307056706,0.002089967398029647,0.0007347785810205675,0.16392496216420588,0.06883058990019683,0.06153505504617597,0.038166248749875634,0.012320828020286374,0.012085947354957183,0.006534403100075979,0.0011959368548832786,0.0008803338688700628,0.056766215183676846,0.04117320517005321,0.020752934259408076,0.016680908163772656,0.015688631772740963,0.015339706751510676,0.006334031559961276,0.003549112915396746,0.002869989547700739,0.0010520400245204462,0.00021183249255116,0.0642691531219975,0.049254440632985015,0.047449508819869,0.03486220346432812,0.0231602425583005,0.017400462303290187,0.012817978313787538,0.007933947037560486,0.007085975598773953,0.0032440379039751902,0.0017490008884727163,0.1621157465100758,0.13456682150770094,0.12529248286617187,0.08709259114325062,0.08231319216119032,0.06590011798378581,0.04593205697849055,0.043296534735006505,0.027631975316897064,0.025088428668880662,0.01020083596159901,0.009954563460710105,0.009763893557920924,0.1099854625630684,0.07511840845913786,0.07095077216343505,0.054307828855647416,0.053789098883648884,0.04741211494630033,0.045977783993944636,0.018510944679565,0.014895231532079056,0.014890156127176672,0.005426992519407963,0.0030642556040592754,0.002269006261641956,0.153688438439696,0.1068551781162947,0.09992578457111077,0.08980879254099035,0.05538960745875738,0.020825110940151076,0.014979985938639917,0.01346064407205272,0.010294932595264681,0.00624378047428397,0.0023722856885404413,0.001205070660773999,0.37917621854068234,0.1732096269947027,0.1556168769626964,0.11021592124780223,0.1101723440483492,0.10076123805408185,0.07024518775666927,0.046643739526218454,0.040325422270811324,0.03112575106631001,0.022266232073119094,0.019140889510201757,0.017586368748577122,0.009749795163104601,0.007527931421578941,0.003063491074698609,0.1655125953723462,0.12942698227867555,0.06749364132701077,0.0670106969173424,0.05934496280756197,0.04539655921695174,0.038622676410427235,0.03305399522281025,0.0250724734394379,0.018796928554996723,0.012701857796293356,0.006720210607511437,0.0050300473171234015,0.16388030557425565,0.09868682035939086,0.0544854212461984,0.039361416166370226,0.030890586315273773,0.027459588022475653,0.0182184993682026,0.0077181823638803925,0.002309679691310491,0.001954549808397707,0.0008923228215584169,0.16899174519273827,0.1555763804555615,0.1396101868556772,0.12037872982571975,0.11811267802317552,0.10702925113441604,0.10236388295812826,0.08836816897023812,0.07717764691023767,0.05013212644196218,0.04189806525012607,0.040300930934083726,0.03932155314442202,0.0379695210740249,0.037888967424470295,0.03179347568529493,0.15688968487969537,0.05079700279035311,0.050431672235789614,0.037462634424810334,0.031745973650935434,0.018485891038032474,0.016848949455929678,0.014836187677556793,0.010075776703544058,0.009159801767607318,0.0029087452660002656,0.051595588736744434,0.01936989068233081,0.01509605939363236,0.014276091484364511,0.008127578939085663,0.0487644995650497,0.04266076414515299,0.0359901838522507,0.031548544456390964,0.030908004528916583,0.017962929099308685,0.1103051422006578,0.10865762696855562,0.0741563720182946,0.06817637310960586,0.04211554880379113,0.03513395744690171,0.024276325898009203,0.022024305877467735,0.02054373063905445,0.003008945495676585,0.4587456700133349,0.27049286297352587,0.0711329618941207,0.035468701873317694,0.03489869238779007,0.02931787787541545,0.028368140700519733,0.0034847720535508987,0.0017806338992893433,0.19019413179655312,0.067279021941437,0.06364372934144226,0.033685054655281196,0.01315422706439317,0.009213274490512563,0.0021078852186773088
2026-09-17 07:30:00+01:00,2.64693672116468,1.012650111678958,0.8311986039005498,0.7146564528886374,0.5843367647637643,0.5395685858635834,0.32246128214253716,0.31936562444145417,0.22293574885189724,0.22234589539095778,0.21512903691957783,0.09773402224599163,0.09644314842356375,0.0771621082182411,0.056657062552767715,0.053775438224066455,0.04277504660496226,0.040864426833583385,0.008490268939649654,0.0005985507042527981,0.0003895602679473871,1.5268078415230404,0.9162733313043315,0.5655699386820722,0.46742289036515944,0.2685532679951953,0.2599638361749107,0.0756570478002531,1.581457191079944,1.3706910771452208,1.034422359076932,0.5325636733527316,0.4914460244935219,0.4192300330999335,0.1410075721080632,0.10383521306134587,0.09030206764053832,0.05790796807430219,0.05536165793533309,0.03323424800160706,1.0150003800854681,0.6156303754593283,0.42415258109048654,0.31038128112787977,0.16675871682177987,0.16402410531995626,0.06186411633658112,0.03824629781693178,0.4338316167196154,0.34188060581820595,0.3135447415108186,0.2845327674198068,0.23699854037785023,0.20052180827393876,0.19736408305866718,0.19495892609324442,0.19327869921780075,0.15164729504021618,0.1107475392943562,0.10314367849763392,0.10233744273502839,0.0733094776870829,0.05765810676580889,0.03062701544822477,0.36539091554263164,0.2570235556487713,0.234374299411675,0.17230481790157287,0.07929111897450374,0.04693629365499864,1.0315039083136208,0.6560689244973116,0.41025622641187537,0.38975594339995245,0.2871403711315428,0.23635457989996905,0.21315333807665296,0.1501736314316297,0.12885730975901527,0.10056842251645248,0.09557238542798137,0.018136361647230367,0.017976452937822646,0.006645409571895468,0.5297095737525264,0.49579367724878115,0.39627980685184294,0.3666610006892724,0.3329805275321724,0.139473686816268,0.07358133038712433,0.012613883809576149,0.004434715898198522,1.1154083303597635,0.4683497396897391,0.4187081217008118,0.25969779850582053,0.08383564058408084,0.08223742242810417,0.044462585536255254,0.008137613167083245,0.005990129373047487,0.3696932733120211,0.2681428899709583,0.1351546896752755,0.1086353832280085,0.10217312560093614,0.09990073113493722,0.04125074840883656,0.023113803990657517,0.01869097361569155,0.006851471761183407,0.001379571410771131,0.304259381819502,0.23317758101480346,0.22463277513191615,0.1650426675887168,0.10964390755549476,0.0823762823468814,0.0606821463871744,0.0375604423548968,0.03354602403393285,0.01535774036712322,0.008280020869705978,0.7440969931001669,0.6176498545667422,0.57508145732764,0.3997473199617117,0.3778102997281094,0.30247573534526195,0.21082409463830917,0.19872727974622093,0.12682833215984507,0.11515367714734522,0.04682093830818659,0.045690569227208364,0.04481541117258155,0.867182008366732,0.5922722039338065,0.5594124138413,0.42819088086365753,0.42410094671749926,0.3738215224259365,0.36251251879090485,0.1459498174568828,0.11744167359998993,0.11740165649487477,0.042789202888270636,0.02416016868914283,0.01789001347190832,1.0243611335717366,0.7122090151639253,0.6660233586566894,0.5985917839102468,0.36918171373580166,0.13880311665591366,0.0998443053542695,0.0897176180605409,0.06861758067421488,0.041615921856868944,0.01581171154929005,0.008032013082030616,1.9629751943773754,0.8966970621905694,0.8056203273504469,0.5705819849872085,0.570356388134389,0.5216355910087093,0.3636556153796041,0.24147216831095297,0.20876257462835224,0.16113636420733565,0.11527110376278307,0.09909137089728345,0.09104369927389447,0.05047417300877334,0.03897170213471079,0.015859530987924166,0.7983305899337685,0.6242758678482184,0.32554766225588005,0.3232182365429401,0.2862434672187747,0.2189649785812467,0.18629194940839588,0.15943206887989492,0.12093413475255968,0.09066478009419614,0.06126592121256741,0.03241414761640641,0.02426184323338106,1.1518127737938841,0.6936083008677599,0.38294414912764635,0.27664692091082127,0.2171107247038491,0.1929963709585221,0.12804650453951824,0.05424630498482942,0.01623330248562616,0.013737315343903815,0.006271582302811151,0.7250812953701267,0.6675209096222857,0.5990158573528344,0.5165007631437495,0.506777970030449,0.45922307013592356,0.4392056947500242,0.37915524425970487,0.33114083845616166,0.21509847796849016,0.1797691561230704,0.17291644140948906,0.1687142922715254,0.1629132209596255,0.16256759493807493,0.13641408642723973,1.1140382389944719,0.3606980508511818,0.3581039210460969,0.26601371093779724,0.2254209931543441,0.13126413960258168,0.11964058692057465,0.10534841985545929,0.07154581605492445,0.06504168478984787,0.02065434356824195,0.46645684435774226,0.17511609624874624,0.13647795091397025,0.12906492098648523,0.0734784681600972,0.4150179724972432,0.3630711685472505,0.3063001418119626,0.2684988684865872,0.26304745230524545,0.15287634409048456,0.6277738690134158,0.6183974520043712,0.4220422696997837,0.38800861563155886,0.23969001345452798,0.1999560488310822,0.13816258000647352,0.12534577660832188,0.11691945642740631,0.017124653645205268,2.2789414651923314,1.3437454384060712,0.35337195966938617,0.1762002362077859,0.17336856206449844,0.14564437754755696,0.1409263048323604,0.01731153457938846,0.008845773797275587,0.9179235109939127,0.32470505505806335,0.3071602416857622,0.16257233251692746,0.06348552490712417,0.04446552156050912,0.01017317086717558
2026-09-17 08:30:00+01:00,5.303582581804325,2.0290146911406226,1.6654460994168823,1.4319343130524465,1.17081691554204,1.0811163450918229,0.6461053736580995,0.6399027031781387,0.44668924081878914,0.4455073702752882,0.43104718141693266,0.19582653936866404,0.19324005671299885,0.15460725216789312,0.11352194696926499,0.1077481283226753,0.08570699491830876,0.08187874709549066,0.017011680748962907,0.0011992969321930201,0.0007805494687986715,3.351586488983348,2.0113659583723185,1.2415161315723233,1.0260677220695111,0.5895172136967559,0.5706620422377253,0.16607927488160543,2.943047045518457,2.55081727641076,1.9250307152612025,0.9910859138342505,0.9145671337646324,0.7801752189477976,0.26241109833961224,0.1932343908799018,0.16804959051228568,0.10776508862479668,0.10302647756802236,0.06184799433259713,2.0369930163071217,1.2355017791536067,0.8512271152619749,0.6229007539846539,0.3346662210566849,0.32917815953393087,0.12415440960427603,0.07675607130918724,1.6051664004405561,1.2649499028474882,1.1601078960394482,1.0527642995227344,0.8768888188567543,0.7419257997623862,0.7302422934847564,0.7213432713759613,0.7151264729185945,0.5610912928772828,0.4097631941879932,0.38162909470299844,0.37864604204594793,0.2712432793786087,0.21333358871653235,0.11331921014654223,0.7882129072560042,0.5544453225672944,0.5055868661951218,0.3716920034826901,0.17104498428391654,0.10124989676518538,2.6014571453198037,1.6546085552367005,1.034667908680981,0.9829661096934871,0.72416920980082,0.596087233169154,0.537573604829893,0.37873852282841325,0.3249786709459151,0.2536339797070565,0.24103395339854314,0.04573997947756342,0.04533668904760501,0.016759750569096125,1.186897477057126,1.1109035853340508,0.887927132653404,0.8215615465856263,0.7460951578378026,0.3125126960144822,0.16487052476001843,0.028263387356619877,0.009936677326311677,2.202237729914404,0.9246994481452903,0.8266881269693471,0.5127416343221686,0.165523249002683,0.16236776214829415,0.08778595315484652,0.016066724857809467,0.011826779981227902,0.9487041132782273,0.6881062789775338,0.3468329539108412,0.27877930802647627,0.2621959108308969,0.25636450914600784,0.10585736207929,0.05931447094774734,0.04796463671497592,0.017582195595856304,0.00354024583740529,0.8336157916851058,0.6388644867364748,0.6154532608335563,0.4521871213338912,0.30040451753282243,0.22569614588058629,0.1662581288346439,0.10290883292563485,0.0919100512717274,0.0420774367517404,0.022685762756738528,1.6016054208203332,1.3294387215858818,1.2378138710543312,0.8604220693617181,0.8132045011567984,0.6510532657539903,0.45378091289612443,0.42774354883541443,0.2729871860582366,0.2478584851931466,0.10077808309620653,0.09834505989572342,0.09646135669928249,1.8396506893303706,1.2564536138038316,1.1867444467412163,0.9083694559454906,0.899693018820755,0.7930296232882329,0.769038562435841,0.3096197565236486,0.24914222586472923,0.24905733308063105,0.09077354676391601,0.051253682104210906,0.037952096904906626,2.2965797662727243,1.5967462645515822,1.4931997312536043,1.342020635234396,0.8276917446947976,0.3111914526628612,0.2238472389660543,0.20114358067998023,0.15383807743419464,0.09330135726452658,0.03544927235537024,0.018007476193782727,3.902802679879398,1.7828201331231623,1.601740654469108,1.1344355784410771,1.1339870450086234,1.0371199739765435,0.7230229471681543,0.4800968592469639,0.4150633884991525,0.3203725833396912,0.22918291273708166,0.19701424093313985,0.1810137970821343,0.10035314671707775,0.07748384389495776,0.03153204391914561,1.9165364344287616,1.4986867106833595,0.7815358245363808,0.7759436183671108,0.6871790220233318,0.5256648869607868,0.4472273929921323,0.38274540983081246,0.2903241819139446,0.21765714174176165,0.1470798835385585,0.07781600214385992,0.05824492648719794,2.2767711920184883,1.3710452201003305,0.7569600083649348,0.5468438571103121,0.4291595428793508,0.38149305821217483,0.25310762252963975,0.10722786486913014,0.03208812776824581,0.027154347079910664,0.012396943531352612,1.6445042042223337,1.5139556754388623,1.3585843437179463,1.1714378537931522,1.1493862931561554,1.0415304798738683,0.9961305251518193,0.8599344614451071,0.7510364761966283,0.48784922959630495,0.40772136162053635,0.39217921727233856,0.3826486281256099,0.36949163976812754,0.368707750500596,0.3093908780673079,2.140590435251152,0.6930702830835277,0.6880857419302755,0.5111372171507114,0.43313955029635104,0.25222003328931747,0.22988573198454365,0.20242376968582468,0.13747309936833285,0.12497560988520032,0.03968669004438837,0.9373333457373205,0.3518914094085187,0.27424902409933355,0.2593527261287299,0.1476531414068722,0.9049545850412587,0.7916835907035435,0.6678932867982351,0.5854668911162421,0.5735799744157705,0.33334977687008027,1.311647360838503,1.292056624060366,0.8817994130338402,0.8106907627033759,0.5007993946308369,0.41778072754949114,0.2886717532810477,0.2618928012071246,0.24428716138613682,0.0357796140739444,4.686159178269307,2.763127142852126,0.7266343947135785,0.36231836873820306,0.3564956321830478,0.29948673409661425,0.28978501946473173,0.03559749466943031,0.01818945536870063,1.772126374123791,0.6268696519785816,0.5929979555531691,0.3138591774865003,0.1225639954915085,0.08584432423048682,0.019640137970394787
2026-09-17 09:30:00+01:00,8.572117675905014,3.279472400084746,2.6918407938170654,2.3144184607899168,1.8923775056128276,1.7473955366069873,1.0442924586549127,1.0342671558640213,0.7219785263637112,0.7200682830102214,0.6966964511215467,0.3165121149037229,0.3123316136389521,0.24988986947774042,0.18348417757404334,0.17415202291924334,0.13852720020020648,0.1323396486115293,0.027495777994546968,0.0019384094190182145,0.0012615928563765356,5.642316476874606,3.3860869547159695,2.0900630040434987,1.7273607092198657,0.9924382674222374,0.9606960328275826,0.2795905259231772,4.333051320247147,3.7555710106950646,2.834224785832277,1.4591768534441927,1.3465181715147805,1.1486528112534249,0.38634814140650475,0.28449920085182034,0.2474195922708995,0.15866265551319664,0.15168599337422067,0.09105886836079712,3.083941469832797,1.8705096886839476,1.288730290181196,0.9430515723053219,0.5066738223482108,0.4983650749035592,0.18796575608068053,0.11620620663736062,2.6953120045494643,2.124038141692198,1.9479928921447311,1.7677471031576177,1.4724261356773503,1.2458032475858423,1.2261849109967626,1.2112421355237626,1.2008032106201476,0.942155340982248,0.6880530616727993,0.6408117438516172,0.635802756849058,0.45545761913647925,0.3582186759475356,0.1902797288618861,1.3973926564140904,0.9829550049312223,0.8963357076453086,0.658958602851013,0.30323914104235544,0.17950208744349008,4.121534878031595,2.6214257967563737,1.6392427914796328,1.557330710718549,1.1473141739660462,0.9443916177039311,0.8516874344063835,0.6000421857034185,0.5148694950941753,0.4018368303691899,0.3818743843269472,0.07246666395269483,0.07182772374334319,0.02655277125818187,1.6176758457058302,1.5141003596694014,1.210195743950608,1.119743107860972,1.0168865793066317,0.4259375806177609,0.22470943845496952,0.038521439238370675,0.013543143538566579,3.913170659581944,1.6431045114981337,1.4689475523639033,0.9110939714276853,0.29411934628018155,0.28851234100206796,0.15598743566269405,0.028549068729105637,0.02101508288193343,1.7161605001723628,1.244751445022463,0.6274042742400614,0.5042984741019175,0.47429989938573924,0.4637511718191812,0.19149091999313722,0.10729704942186982,0.08676574053307404,0.03180535339269047,0.0064041358965551175,0.9490896418603494,0.7273610612490156,0.7007068732773633,0.514824835759302,0.34201705246264896,0.256959952534083,0.18928848220722028,0.11716393614404026,0.10464158490630074,0.047906073487864236,0.02582823246018231,2.639555523985945,2.19100614654855,2.0400021119648835,1.4180345524679105,1.3402167632894486,1.0729804118356647,0.747862051254081,0.704950690413857,0.44990159596758117,0.40848777436284056,0.16608918930672578,0.1620794002879475,0.15897492829186188,2.4048119344652075,1.6424502016071463,1.5513255996019546,1.187430701508079,1.1760887659617194,1.0366571836320546,1.0052958008473079,0.4047384049334423,0.3256815011749937,0.3255705283791617,0.11866019449108524,0.06699938587491137,0.0496114050913224,3.4008789684745486,2.3645339338319795,2.211197554001781,1.9873247255133741,1.2256832914107756,0.46082634797736394,0.33148309426512074,0.29786249240035056,0.2278103681744195,0.13816486076860157,0.05249488242107425,0.02666628347167509,4.953075355741775,2.2625900383376485,2.0327807508284783,1.4397204694004146,1.439151232348804,1.3162165257633538,0.9175936974003093,0.6092944268395978,0.5267599746317061,0.406587182943153,0.2908577066648511,0.2500322105770056,0.2297259305470363,0.12735891067156285,0.09833531160640625,0.04001754699443672,3.2691857784308405,2.5564268922180253,1.333126653378802,1.323587590854233,1.1721748909533676,0.8966676248890988,0.7628706695212714,0.6528787181400625,0.49522861637145427,0.37127477441782064,0.25088563667240443,0.13273682825595487,0.09935291702109043,3.1204113230276973,1.8790755277394302,1.0374457431038604,0.7494726609494546,0.588181325238431,0.5228523896801256,0.34689471390662896,0.1469603291075902,0.043978137800498224,0.037216182458131374,0.01699053602829209,2.2301081168440806,2.0530715772386694,1.8423728954681706,1.5885839996121545,1.5586799323319487,1.412416928545107,1.3508501613273405,1.1661550134677559,1.0184787228343473,0.6615711434032684,0.5529099382209596,0.5318332744002862,0.5189088658400316,0.5010667062068067,0.5000036758942416,0.4195642107109733,3.177747225857602,1.0288760208977663,1.0214763747248814,0.7587929232444112,0.6430039028937112,0.374425437903446,0.3412697427064871,0.30050193721027996,0.20408143143763544,0.18552867053522143,0.058915646410065775,1.177750052209628,0.4421480657737591,0.3445911787095928,0.32587412805478216,0.18552470771651478,1.254573498788706,1.0975415437861642,0.9259262635790149,0.8116553671907883,0.7951760753884922,0.4621356726639094,1.8302757937374476,1.8029388338372012,1.2304649624545265,1.1312397855426555,0.6988166460573887,0.5829722039276085,0.4028132393971274,0.3654458270682343,0.34087887610283574,0.049926957125842296,6.418639422516931,3.784659490608109,0.9952722462551548,0.4962680260349039,0.488292614833944,0.41020743958239103,0.39691898615319937,0.04875794311204485,0.024914124950141538,2.3939637555540654,0.8468375891282144,0.8010803481291572,0.42399205057946154,0.16557157955940843,0.11596701218863606,0.026531842842446127
2026-09-17 10:30:00+01:00,10.308745876836195,3.9438618158029985,3.2371817249267347,2.7832972746052165,2.275754900476703,2.101400985643545,1.2558560188259895,1.2437996865733265,0.8682443986666816,0.865947158470202,0.8378404193042528,0.3806344106373899,0.3756069802163809,0.3005151421197471,0.22065629877525014,0.20943353977252677,0.16659147224583254,0.1591503825012552,0.03306615689941099,0.002331112434689573,0.001517179377153679,6.649207987050481,3.990346255199118,2.463042205605371,2.0356143919498844,1.1695424178074045,1.1321356681756434,0.3294844530064012,5.289798584322,4.584809351983943,3.4600278537413596,1.7813663128236987,1.6438323460790363,1.4022778789749673,0.4716546609817205,0.3473172502883859,0.3020503825589307,0.1936957189029105,0.18517859441523124,0.11116486682124822,3.8952277999798834,2.362580940904971,1.6277539966613253,1.191138268087037,0.639963494002311,0.6294689809429651,0.2374135325497604,0.1467763415913971,2.842793599116043,2.2402608763990695,2.0545828147410536,1.8644743692863919,1.5529940825438577,1.3139708842676274,1.293279075086871,1.277518663529333,1.2665085434216943,0.9937080264535193,0.7257018246028939,0.6758755649011673,0.6705924970541441,0.48037926672843345,0.377819620640802,0.20069142063592918,1.9082110156530314,1.3422752436056993,1.2239921708484274,0.8998416150592811,0.41408852884562164,0.2451192648109065,4.62890657883117,2.9441301543270115,1.841037857577358,1.7490421858819103,1.288551543301284,1.0606486907301205,0.9565323805083005,0.6739089448893163,0.5782512737631239,0.4513039929922799,0.42888411773973056,0.08138749942516083,0.08066990400838733,0.02982148670349189,1.8870945957415237,1.7662689430191367,1.4117499833238403,1.3062327493313592,1.1862457941654814,0.49687612548624405,0.2621340783730769,0.04493706202010876,0.01579871087821647,4.219867467369176,1.7718836914460672,1.5840770890769806,0.9825014404443612,0.31717110467761267,0.31112464741295387,0.16821303294287385,0.03078661700037127,0.022662151051447317,1.7536516149522818,1.2719441926082047,0.6411105014003903,0.5153153410989112,0.48466141974830956,0.4738822454630791,0.19567421640396476,0.10964105279161174,0.08866121845426116,0.03250017077984131,0.006544040173538438,1.41239932227557,1.0824312316211233,1.0427654768108872,0.7661428563183731,0.5089768466528185,0.38239808633851213,0.28169196268963986,0.17435894008980235,0.15572365041704625,0.07129200735403143,0.0384365990454093,3.3807083412736927,2.8062121399261977,2.6128081388949616,1.8162001883193195,1.7165321773286535,1.3742593384958963,0.9578519761458856,0.9028916639987549,0.5762281052315713,0.5231858218354094,0.212724870752756,0.2075891851953403,0.20361301789101763,3.1006923616582793,2.117726014886866,2.000232686885946,1.5310375224761268,1.516413571051485,1.3366346718754614,1.2961982457840668,0.5218575567847745,0.4199239568608001,0.4197808718671435,0.15299689485831475,0.08638699810192535,0.06396745733549736,4.385825456117412,3.0493390723355733,2.8515941351466374,2.5628843165323403,1.5806598912922722,0.5942886961117884,0.42748566078864103,0.38412801916852846,0.29378772992765684,0.17817951450699668,0.06769820207436203,0.0343892464137219,5.916742198286689,2.7027979579871735,2.4282771378289523,1.719831466961969,1.7191514795516847,1.5722986832894736,1.0961200790124548,0.7278383201425891,0.6292460232123971,0.48569249805850945,0.3474467766224988,0.29867830085341396,0.2744212453244148,0.15213777037022463,0.11746736037214203,0.04780333267076755,3.87088238999809,3.026939583456175,1.578489824667595,1.5671950890220825,1.3879147441927213,1.0617001155959398,0.903277709079393,0.7730416391527066,0.5863758929770885,0.43960823383805087,0.29706136595418753,0.15716716204693543,0.11763891163030651,4.869461091248511,2.9323330236368332,1.6189537715892999,1.1695663115036912,0.9178681210105657,0.8159210772069991,0.5413357846968433,0.2293343827031532,0.06862871868997851,0.058076559044414014,0.026514053932142453,2.9031005716935434,2.6726387050884233,2.3983562795490623,2.067980060080513,2.0290516717385243,1.8386500464971045,1.7585039245412972,1.5180722677573353,1.32583086003127,0.8612172432912857,0.7197647260330271,0.6923276370753048,0.6755029559772541,0.6522764659966859,0.6508926389594109,0.5461784972563896,4.492145290046368,1.4544456317069758,1.4439853013719965,1.0726492115347501,0.9089668713614832,0.529297438658793,0.48242769433007715,0.42479727490743435,0.28849476558698944,0.2622681051317534,0.08328467455733175,1.6051272884973717,0.6025929904212572,0.46963504971578923,0.4441260304549887,0.25284717286794306,1.5063196692271983,1.3177772500338152,1.1117251754717783,0.9745243665785575,0.954738294737649,0.5548690883852547,2.2337167796815427,2.2003540338901173,1.5016918449390628,1.380594825903302,0.8528542384487688,0.7114746304664447,0.4916038855990648,0.4459997115079656,0.41601755756986,0.06093217332165231,7.309491584325004,4.30993780381075,1.1334075072971754,0.56514577640027,0.5560634464518948,0.46714071785001965,0.4520079409302526,0.05552512789489836,0.028371992047883383,2.5647810393604686,0.9072622703559238,0.8582400978791864,0.454245294918463,0.17738566297243324,0.12424164457905926,0.028424978157552884
2026-09-17 11:30:00+01:00,12.084614144203446,4.62326347467049,3.794844933398695,3.2627706623164787,2.667794917792799,2.4634053819109933,1.472199973644644,1.4580667197058572,1.0178152285555189,1.0151222471101824,0.9821736128407624,0.4462055848029937,0.44031208839706903,0.3522843205561842,0.25866834443738806,0.24551226184483504,0.19528987190666133,0.18656691962420538,0.038762401570006405,0.002732688790328765,0.0017785410155121682,7.430577822792953,4.459264689402529,2.752482224231462,2.274825992214242,1.3069791123243701,1.2651765751232698,0.3682032317582013,6.432230435923227,5.574985471874335,4.207286178331842,2.1660859921647733,1.998848969286395,1.705126255562475,0.5735173877136419,0.42232696625678023,0.3672838640087517,0.23552796549341945,0.22517140720808743,0.1351730180979343,4.651010379992718,2.820987383530876,1.9435835651474742,1.4222522361613787,0.764134219168524,0.7516034785601726,0.28347836402414694,0.17525503599108383,4.077188674345032,3.213024778046756,2.9467217688160465,2.6740646188400143,2.2273336645479778,1.8845220452940847,1.854845458830079,1.832241576675078,1.8164506529091031,1.4251949604508232,1.040815365963424,0.9693535961733053,0.9617765197375144,0.6889690853055105,0.5418760893161605,0.2878354543606189,2.177249057263999,1.5315221874081788,1.396562423242408,1.0267099875242363,0.4724707339268911,0.2796785490959719,5.389118780282586,3.4276490216586537,2.1433942389017973,2.03628998142857,1.5001722767799963,1.2348406002912133,1.1136251138270603,0.7845860116754579,0.6732183391668396,0.5254223179559925,0.4993203932967968,0.09475388931766333,0.09391844213995097,0.03471911375025337,2.402545962662643,2.2487173285341124,1.7973631159655559,1.6630243260119186,1.5102634758899944,0.6325955953264483,0.33373481811284417,0.057211417580213815,0.020114057409410527,5.2900160842816035,2.2212292920823935,1.9857953702947664,1.2316615303609997,0.3976049622856909,0.3900251374617356,0.2108714685317735,0.03859403177278352,0.0284092200747042,2.391447399336169,1.7345449948999154,0.8742797190665431,0.7027333831882879,0.6609307583862424,0.6462312433334152,0.26684011347894626,0.14951704678589434,0.12090693412909624,0.04432034745484367,0.00892408031374336,1.915938908784445,1.4683327016930907,1.4145255652914723,1.0392832147091802,0.6904340215920084,0.5187282100081064,0.38211898228568864,0.2365202759190297,0.21124125178088568,0.09670857853065838,0.0521397698731539,3.732757383252647,3.0984361935038347,2.8848921252426964,2.0053296463484966,1.895282737137941,1.5173674196165043,1.0575976023636036,0.9969140147117388,0.6362334449207366,0.5776676193644842,0.23487691091525925,0.2292064222935508,0.22481619800798983,4.061626996523552,2.774029845613132,2.6201241957586214,2.005520899420624,1.9863648436194585,1.7508707200076248,1.6979026532988395,0.6835862748548475,0.5500624637139623,0.5498750352930654,0.20041211641146736,0.11315916663585399,0.0837915927505542,4.967021248303566,3.453427893362021,3.2294784191776555,2.902509683645584,1.7901239675279361,0.6730419645625886,0.48413471573991146,0.4350314558500211,0.3327195556782039,0.20179130323898903,0.07666935484317706,0.0389464011641988,7.346927049924524,3.3561136792079265,3.015236153739277,2.135546201352684,2.1347018485431812,1.952352044367445,1.3610723585005868,0.9037701598314783,0.7813463007286823,0.6030932618569665,0.43143101998192446,0.37087431127231896,0.34075388157552894,0.18891225322811506,0.14586137074744077,0.059358272864601415,5.017202821420248,3.9233353763539287,2.045942708662176,2.0313031578211884,1.7989308557778008,1.3761112528848445,1.1707737445676785,1.0019696550465866,0.7600248440146788,0.5697935118955989,0.3850329132322302,0.20371053661924532,0.15247641748698862,5.406888679291237,3.255965687436826,1.7976327679533157,1.2986477827525549,1.0191704296587574,0.9059718011658902,0.6010813663205888,0.2546453199592145,0.07620306132561526,0.06448629196232458,0.02944032930162745,3.6201214732346165,3.33273909310156,2.9907131543147822,2.5787391228238676,2.5301960251684394,2.2927681458879294,2.192827172461906,1.893012618307054,1.653290558747815,1.0739245708390897,0.8975354714869477,0.8633218462796898,0.8423417293945737,0.813378655932233,0.8116530450382365,0.6810761312975933,5.595542997599544,1.811698541434133,1.798668858648012,1.3361221414149744,1.1322347973398283,0.6593078329628143,0.6009255561787257,0.5291394786972992,0.3593572249324416,0.32668855622622484,0.10374174195995882,1.8044961153418384,0.6774395514547137,0.5279672390554467,0.4992898086160289,0.2842526848088763,1.6267083843659123,1.4230971985225649,1.2005769432582758,1.0524107135210707,1.0310432909116425,0.5992155694048921,2.5930328382428716,2.5543033555268715,1.7432542488236418,1.6026775428467017,0.9900445153335691,0.8259225597254206,0.5706833696919738,0.5177433004518509,0.48293821216583976,0.07073373301653593,8.352527689313801,4.924949215722221,1.2951403635619625,0.6457898872207138,0.6354115440073542,0.5337998868506157,0.5165077213449302,0.06344834833511283,0.032420565294736664,2.7044586723649964,0.9566716524797202,0.9049797390343746,0.4789834330378384,0.1870460624968724,0.13100782795653776,0.029972998673270045
2026-09-17 12:30:00+01:00,12.298578046755791,4.705120576913403,3.862034487143814,3.320539585321554,2.715029509233524,2.507021158367948,1.4982659818712751,1.4838824918775824,1.0358361364455242,1.0330954744691696,0.9995634687914505,0.4541058691749937,0.44810802558217144,0.35852168379631366,0.26324819181870684,0.24985917445966366,0.1987475729655023,0.18987017661972247,0.039448708523066874,0.0027810723589775208,0.001810030939144602,7.546411189564217,4.528779019864592,2.7953899617741325,2.310287669593985,1.327353273592941,1.2848990873896955,0.373943057247921,6.206021118780965,5.37892383054576,4.059323921241791,2.089908865421539,1.9285532507301162,1.6451602064983812,0.5533478714103448,0.407474529672083,0.3543671886964397,0.22724489467173092,0.21725255685408998,0.13041924000733277,4.886420991115533,2.9637714905678068,2.0419579305988673,1.4942394476984266,0.8028108267908444,0.7896458434989843,0.29782660439834385,0.1841255591149382,4.643632784873389,3.659410537420188,3.356110032306131,3.0455726052241636,2.5367772878964656,2.146338826164342,2.112539269446618,2.0867950283471455,2.0688102704269355,1.6231973969781808,1.1854159182771105,1.1040259597621838,1.0953961995619443,0.7846876089939214,0.6171589726815189,0.32782445436685914,2.2790757884985946,1.6031492241207377,1.4618775905859835,1.0747277012564824,0.49456749418464613,0.29275870285966876,5.4119414312328376,3.442164945391399,2.1524714072771194,2.0449135685815705,1.5065254320237556,1.2400700890348568,1.1183412609929568,0.7879086945508909,0.6760693854685704,0.5276474554326529,0.5014349904161346,0.09515516734292935,0.09431618208782407,0.03486614747630952,2.5015250873437207,2.3413590828615956,1.8714101605245554,1.7315369349984182,1.572482704660014,0.6586570148687095,0.34748389125681817,0.05956839060876616,0.02094270827691027,5.940009359632161,2.4941555138296576,2.22979342556517,1.3829978778290897,0.4464593603847107,0.43794818959026854,0.23678160459283676,0.04333614611068005,0.031899909273434585,3.0104026221332645,2.1834805157346544,1.1005610909470314,0.8846150745351277,0.8319930802771468,0.8134890317785672,0.3359037616843845,0.1882150992837314,0.1522001076157311,0.055791354737283694,0.011233813791630212,2.131863540974423,1.6338125074906291,1.573941354077066,1.1564095201714306,0.7682453293952858,0.5771884236605488,0.42518345596204055,0.26317590327182977,0.23504795531668718,0.10760755038884581,0.05801587614184155,4.253700084634889,3.530853185817945,3.2875069599659548,2.2851929580701884,2.1597879293043354,1.7291308431143453,1.2051956633633765,1.136043089159436,0.7250260278498546,0.6582867700981858,0.2676562747746622,0.2611944141570122,0.25619149125105467,4.091641743653409,2.7945294642186855,2.639486477241344,2.020341364892041,2.0010437490285238,1.7638093630595544,1.710449871158455,0.688637863589798,0.5541273337200292,0.5539385202343139,0.20189312857752748,0.11399539403312793,0.08441079866733789,5.113453216704153,3.5552378552838078,3.3246861620454586,2.9880781128974516,1.842898329291682,0.6928838083478871,0.49840741477881056,0.447856549444708,0.34252840831396986,0.20774028075735518,0.07892963197598053,0.04009457386157559,6.483527078153981,2.9617081765812703,2.6608900724008544,1.8845799786811874,1.8838348529617233,1.7229145273568014,1.2011211533339117,0.7975604308954092,0.6895236421657266,0.5322186360816011,0.38072988630493265,0.3272897122002172,0.3007089907342571,0.1667115653764588,0.12871995876254202,0.05238257666299403,4.906845534799363,3.8370385567815464,2.000940604113844,1.986623061604124,1.759361969462372,1.3458426132937804,1.1450216635184838,0.9799305515175599,0.743307505183601,0.5572604594866905,0.37656381419907303,0.19922976458798414,0.14912257983950558,5.0523802885979885,3.0424848439294334,1.6797690689899194,1.2135005635571132,0.9523474395268736,0.8465707991672908,0.5616708290431793,0.23794922948447184,0.07120672679039343,0.0602581798369728,0.027510042887155285,3.754489217115457,3.4564400893787406,3.101719202623147,2.674453965696668,2.6241090979732538,2.377868628090686,2.2742181539697834,1.963275408254986,1.7146556051974708,1.1137853387024712,0.9308492200029528,0.8953656905499193,0.8736068564330607,0.8435687630119248,0.8417791027636852,0.7063555767112798,5.461045825203453,1.7681516808056743,1.7554351857642823,1.3040064646927658,1.105019855233942,0.6434603916492305,0.5864814194503939,0.5164208267776447,0.35071954121626714,0.31883611239987264,0.10124815537523502,1.485950827534902,0.5578520527312465,0.4347658878928309,0.41115084592586326,0.23407393822000658,1.596408010248911,1.3965894495403168,1.178214034892772,1.0328076681006966,1.0118382522300322,0.5880540999588626,2.590553641789657,2.551861188298574,1.7415875249445631,1.6011452242345838,0.9890979346290214,0.8251328958806354,0.5701377398159527,0.5172482865302279,0.4824764753590145,0.07066610455559594,8.581730516705198,5.060095404635402,1.3306804831807113,0.6635110937293892,0.6528479570143949,0.5484479608083831,0.5306812786805386,0.06518944293218047,0.03331022235516019,2.6876955187359983,0.9507418765704434,0.8993703671657716,0.4760145309962566,0.18588668745691575,0.13019579693196442,0.02978721584485566
2026-09-17 13:30:00+01:00,11.511341677799088,4.40394412997856,3.61482428163175,3.107990661682769,2.54123950161365,2.3465458395052257,1.4023614417841528,1.3888986441170454,0.969531895760999,0.9669666645356304,0.9355810545057014,0.42503839046223707,0.41942447097784696,0.3355725828944818,0.24639758113234025,0.2338655995517066,0.1860256699060188,0.1777165188678243,0.036923582615041875,0.0026030549249811703,0.0016941702129033788,6.9585451654197445,4.175986778657492,2.5776288642826475,2.130316078749272,1.223952349368019,1.1848053476031333,0.3448128637296085,5.23748815632382,4.539470510500799,3.4258118935247883,1.7637505127587343,1.6275766092660118,1.3884108564688613,0.46699050283089505,0.3438826556201533,0.2990634286065626,0.1917802762266512,0.18334737695476458,0.11006556565333324,4.595644395220757,2.7874061330588638,1.920446997116173,1.4053216363097996,0.755037906736238,0.7426563330264787,0.2801038158069989,0.17316878658264734,4.310499623703583,3.3968852567132375,3.1153434609403194,2.8270839183375776,2.3547894615003786,1.9923609663234905,1.9609861821270116,1.937088827036123,1.92039429156381,1.5067495844337861,1.100374449571176,1.0248233881921036,1.0168127250283499,0.7283942981691618,0.5728841281711105,0.3043064024770226,2.045146265986898,1.4385983415190586,1.3118271497616285,0.9644152056151478,0.4438039617263257,0.2627092837413066,5.61325430175286,3.5702062619439108,2.2325388291473,2.120980064438441,1.5625650183876885,1.2861980954890506,1.1599412103516453,0.8172172454698521,0.7012177486555649,0.5472748341146753,0.5200873203761905,0.09869473999463385,0.09782454624768226,0.03616309503600094,2.3789836606745483,2.2266636581343753,1.779735976598071,1.6467146770012444,1.4954519864727134,0.6263915897902124,0.33046180661149427,0.05665033249832926,0.01991679438000269,5.577320984722812,2.3418659877845185,2.0936454660353787,1.2985540289318596,0.41919919797125854,0.4112077069478603,0.22232406249503742,0.04069010374675185,0.02995214697986572,2.6456940975394105,1.918953122781247,0.9672287556794449,0.7774444734018595,0.7311976031043457,0.7149353093057231,0.2952092165664876,0.16541294961067127,0.1337611532102822,0.049032264600394254,0.00987284379267232,1.38612265763831,1.062293383905097,1.0233655816839722,0.7518893243446567,0.49950770170443487,0.37528384738769044,0.27645128810287944,0.1711151185139988,0.1528265248849368,0.06996567128248704,0.03772151400749962,3.8456132695506433,3.1921140640036754,2.9721137215696114,2.065958621479236,1.9525845628726242,1.5632433840573825,1.0895729231537739,1.0270546327969008,0.6554692756878544,0.5951327756753464,0.2419781605360367,0.23613623081772314,0.23161327284445535,3.6465351333820633,2.490528377356389,2.352351641801688,1.8005598314982771,1.7833614943403435,1.5719344981660062,1.5243796842044501,0.6137248373840215,0.49384694882235436,0.4936786752900039,0.17993031469295187,0.10159447855626941,0.0752282243318908,4.644880213072028,3.2294524398555415,3.0200274284924196,2.7142645710283393,1.6740237216735032,0.6293911677610828,0.4527356838607449,0.4068170640566152,0.3111407025286304,0.1887039303294548,0.0716968886295182,0.03642049411399989,6.991947148781803,3.193957053182736,2.869549634123253,2.032363472806376,2.0315599164107767,1.8580206686785485,1.295309716788554,0.8601028905347163,0.7435941588187189,0.573953733858519,0.41058565976772987,0.35295485658640713,0.32428974924187215,0.1797846203388986,0.13881381812896199,0.056490271904431906,4.792754481786685,3.747822019132506,1.9544159236607617,1.9404312841311548,1.7184543316932879,1.3145498815680607,1.118398301037094,0.9571457893502903,0.7260245613091325,0.54430337082876,0.36780817643062236,0.19459739263494272,0.1456552703346116,4.373111491973787,2.633437048507682,1.45393200825355,1.050351113114821,0.8243087998632169,0.7327533319221385,0.4861568244849536,0.20595807332895902,0.061633316861688145,0.05215675061617604,0.02381144684734221,3.841564585514905,3.536603002821466,3.1736553107384218,2.736480795676305,2.684968312959071,2.433016951823405,2.326962581274272,2.008808347506499,1.7544224709058924,1.1396166204233795,0.9524377861350907,0.9161313108109783,0.8938678385430681,0.8631330916227722,0.8613019249760816,0.7227376112588164,4.689779882633377,1.5184348286947242,1.5075142899313443,1.1198410488914308,0.9489574072185193,0.5525841929582289,0.5036523864683474,0.4434864826105841,0.3011872636650471,0.2738067457498858,0.08694883314128307,1.5251071926954598,0.572552040293115,0.4462224257204838,0.42198510259225164,0.2402420323653003,1.507320512633774,1.3186528202723082,1.1124638386085122,0.9751718694338697,0.9553726511407515,0.5552377598432249,2.4199450549302592,2.3838008076240427,1.6268901175141273,1.4956970607004678,0.9239579590769119,0.7707913238450358,0.5325896294290116,0.4831833678206495,0.4507015573159979,0.06601217882998937,8.451651270568613,4.983396026306883,1.3105104354538724,0.6534537955297346,0.6429522873793565,0.5401347543812844,0.5226373741865453,0.06420132129678592,0.03280531619384847,2.477522095698438,0.876395406432361,0.8290410656031176,0.43879096802281653,0.1713506504960376,0.12001469713269737,0.027457903959178884
2026-09-17 14:30:00+01:00,9.132869157426885,3.494001537047796,2.8679295702692116,2.4658178733758502,2.0161687938325175,1.8617027210161914,1.1126056299706617,1.1019245145083578,0.7692072910158118,0.7671720876663167,0.7422713699348481,0.3372169913487543,0.3327630194707285,0.26623660196845556,0.19548693212087756,0.18554430759779988,0.14758906048727277,0.14099674558904648,0.02929443485262736,0.0020652119192412013,0.001344120895542291,5.846909015259364,3.508867753718686,2.1658494823691874,1.789995464582108,1.0284244559237654,0.995531235847112,0.289728584580716,3.3143446938903414,2.872630839534024,2.1678944434195873,1.1161222667873958,1.02994980376378,0.8786028756019598,0.29551713511484745,0.2176130276494142,0.18925088862339962,0.12136083594521573,0.1160243971559189,0.0696507968352549,3.7487384647293043,2.2737304476140157,1.5665384238715585,1.1463426715151246,0.6158961398872268,0.6057962980308975,0.22848503020058178,0.1412564670643292,3.341785302854276,2.6334908287530068,2.4152209488348277,2.1917430258627175,1.8255890269622344,1.5446104109666505,1.5202865965922203,1.5017597813755643,1.488817069822461,1.1681322482093945,0.8530832813421881,0.7945110858724903,0.7883006882936251,0.5646995877042088,0.4441377860777543,0.23591851342940812,1.0489966306247358,0.7378860075553605,0.6728625149937393,0.49466794529014535,0.22763597315821876,0.13474887251914225,4.603857952940566,2.9281984405295804,1.8310753604390946,1.7395775093681531,1.281578742057785,1.0549091512075566,0.9513562506073053,0.6702621888450138,0.5751221546978359,0.44886182988294065,0.42656327638492475,0.08094708331596655,0.08023337105795408,0.029660112251185273,1.7465433822979075,1.6347168503104168,1.3066025393732623,1.2089442517792948,1.0978939509729944,0.45986868424516936,0.2426102755476109,0.04159013992634085,0.014622019476635915,4.96739868086315,2.0857651998770956,1.8646894727175407,1.1565473079305348,0.3733565897901805,0.3662390288542949,0.1980112419183046,0.03624033263092626,0.026676652788022854,2.1912228081903606,1.5893197382104942,0.801080409165032,0.6438968374325907,0.6055941488876145,0.5921253547748804,0.24449885159818985,0.13699869092728567,0.11078396782031963,0.040609614176307186,0.008176909235396573,1.267835277375296,0.9716405828990446,0.9360347577906662,0.6877254367302719,0.4568812738553389,0.34325829545121966,0.25285979823015703,0.15651268850473649,0.13978478636077185,0.06399501932124617,0.034502477764989825,3.3084433164916516,2.746227376567691,2.556957522441953,1.7773776285570078,1.6798400915845482,1.344883576043717,0.937377214703545,0.8835917179851374,0.563910823141221,0.5120023559566864,0.2081777266323872,0.20315181997531273,0.19926064605100938,2.84999553391506,1.946503870914643,1.8385101001658557,1.4072502500634168,1.3938086727035364,1.2285652367278972,1.1913981719803557,0.47966438869189026,0.3859723126473504,0.3858407963453999,0.14062680723858414,0.07940244631271468,0.058795567717840336,4.046212106962726,2.813215618398376,2.6307829231281072,2.3644291488695384,1.458262590048217,0.5482703635377497,0.39438360544498036,0.35438333270089467,0.2710384810349274,0.16438230750960606,0.062456038798995854,0.03172633899382452,5.600284447758039,2.558238446476646,2.29840040922651,1.6278460501424274,1.6272024319500393,1.4882040772042153,1.0374939494822528,0.6889097899106024,0.5955907152132492,0.4597151696177429,0.32886353914593186,0.28270345184830425,0.259743788189679,0.14400066130440342,0.11118460283799247,0.04524656500745034,4.41373468468804,3.451437393829545,1.7998571350461374,1.7869784264080777,1.5825558176765906,1.2105928707757543,1.029953316269895,0.8814529483645926,0.6686092100822455,0.5012588639683297,0.3387212326007795,0.17920827463344524,0.13413658494850092,4.680829843726318,2.8187414729428077,1.5562393841256656,1.1242601167801378,0.8823121107082671,0.7843142509506369,0.5203657343191352,0.22045051857560632,0.06597020667401719,0.05582681239297598,0.02548696305363039,3.9580394559119516,3.643831546616526,3.269879409741461,2.819449919043961,2.766375596192386,2.5067851594974315,2.397515258195196,2.0697147013422663,1.8076159355403132,1.1741693905802664,0.9813153606836559,0.9439080859550782,0.9209695931351849,0.8893029796317459,0.8874162926643367,0.7446507582926722,3.9573642536949047,1.2812967480400617,1.2720816993992239,0.9449524386237804,0.8007561581966774,0.46628562258701084,0.42499562887348047,0.3742259972113093,0.25415003277871684,0.23104560452050407,0.07336979832422032,1.4374064331767218,0.5396276340361602,0.42056256008125953,0.3977189958030464,0.22642699771876887,1.2314269057798302,1.0772921542933367,0.9088431366040027,0.796680512018115,0.7805052593660086,0.4536093756072902,2.1914028175258067,2.1586720721632946,1.4732448491183179,1.3544418069767012,0.8366983666308452,0.6979969546652111,0.4822912867951031,0.4375510061546809,0.408136813087275,0.05977791701689073,7.952466378000838,4.689058750622374,1.2331069802013963,0.6148584663713452,0.6049772150264154,0.508232454971834,0.4917685329230958,0.06040936057239495,0.030867716343165517,1.6428465050700798,0.5811383611943075,0.5497376671434686,0.29096257487438554,0.1136227272393071,0.07958182334027299,0.018207353885645258
2026-09-17 15:30:00+01:00,4.477926614834005,1.7131398912349416,1.406171262372075,1.2090123368891044,0.9885454117733189,0.9128093285523488,0.5455203919360065,0.5402833464489516,0.3771491457274438,0.3761512675044878,0.363942225117459,0.16534047674458038,0.16315665489511097,0.13053816333589127,0.0958489737570002,0.09097401691641249,0.07236422318356152,0.06913195281733947,0.014363320795680751,0.0010125916904133228,0.0006590343765966218,3.0964080013654485,1.8582273402908065,1.146991281967756,0.9479463874800931,0.5446333619715129,0.5272137596533971,0.1534345592138857,1.9967396616132713,1.7306274573808083,1.3060563149471072,0.6724121366773682,0.6204972061104481,0.5293176692683337,0.17803543049034085,0.13110180241431074,0.11401492307257302,0.07311430067761425,0.06989934267943054,0.04196138945966946,1.7514681028092274,1.0623217359255444,0.7319107766655578,0.5355888768817694,0.28775612217421037,0.2830373211638935,0.10675171024357369,0.06599718777569082,2.041103585714151,1.6084898000245615,1.4751744029600422,1.3386780249561272,1.115037613514668,0.9434208252884035,0.9285642680178061,0.9172484156983046,0.909343235512929,0.7134745964595852,0.5210482381896642,0.4852733731514348,0.4814801717281999,0.34490855900584005,0.2712715346914013,0.144094871470597,0.7031063660576353,0.4945796146437999,0.45099660376592005,0.3315589118823142,0.15257656430788397,0.0903175351772799,3.710771184585252,2.3601671699980256,1.47587127009024,1.4021227763973232,1.0329696344709178,0.850270907719038,0.7668058826128227,0.5402403032210199,0.4635561611769958,0.36178864795903615,0.3438157151222358,0.06524443354149419,0.06466917190045543,0.023906447809269142,1.2378443056185922,1.1585884238347295,0.9260408470026258,0.8568265598455512,0.778120823770761,0.32592710716194573,0.17194748845920352,0.0294765755030757,0.0103632029580532,3.7926635680712355,1.5925046877352933,1.4237109367096143,0.8830365995058023,0.2850618657712578,0.2796275296550414,0.15118376267749045,0.027669892854304566,0.020367918028604794,1.8558116116827696,1.3460420427457607,0.6784587672523437,0.5453353365831725,0.5128956531814012,0.5014885318168608,0.20707333190537167,0.11602825621287,0.09382622940066561,0.03439348716737204,0.006925267047241662,0.6163573846894899,0.4723625057772792,0.45505275455396216,0.3343373221520102,0.22211256627127382,0.1668748212269996,0.12292764423853259,0.07608855273155839,0.0679562928072719,0.031111141522780626,0.016773359552324108,2.029313967609088,1.6844651820751064,1.5683719255546984,1.0901976858323348,1.0303706713697465,0.8249169668615239,0.574963054447485,0.541972415254307,0.34588838327141574,0.3140490656776485,0.12769085880794048,0.12460809703648716,0.12222135111413036,2.457647999929595,1.678536435682415,1.5854097372272018,1.213519713035401,1.2019285840945677,1.0594335538061703,1.0273831308307455,0.41363090274274433,0.3328370416436702,0.33272363066719657,0.12126727478468091,0.06847142777865708,0.050701416085370585,3.0020712889398675,2.0872543540310207,1.9518991274247957,1.75427898362995,1.0819522401669213,0.4067870574854332,0.29261137761354417,0.2629333312876624,0.20109594371304765,0.12196281181974594,0.046339014352889216,0.02353923345556619,3.22606354189696,1.4736822496509732,1.3240016349267862,0.9377264392860977,0.9373556807639666,0.8572851899144031,0.5976520365324113,0.3968489060901555,0.34309212508143183,0.2648205394200101,0.189442997725342,0.1628523171785222,0.14962632222161254,0.08295208712642509,0.06404828129391438,0.02606444282040741,2.703338677007744,2.113947680266986,1.1023823935630315,1.0944943999117682,0.9692889709230728,0.7414678868286445,0.6308291807942212,0.5398751890418472,0.40951195904216015,0.3070126708928643,0.20746109003562438,0.10976207104996383,0.08215641491795897,2.947730782919402,1.7750893081536463,0.980034500576256,0.7079975698503815,0.5556319404268045,0.493918244883063,0.32769789644988834,0.13882768684420796,0.04154443025293731,0.03515667496941882,0.016050296221942404,3.09773746335485,2.851824398882232,2.5591528485344384,2.206626724559253,2.165088402349266,1.961921397614764,1.8764019199411814,1.6198506458109596,1.414720511316959,0.9189571124896683,0.7680209836248184,0.7387443890836396,0.7207917058543342,0.6960080077432247,0.6945314027306504,0.5827967550028694,3.417006883635625,1.1063423853250307,1.0983856033307071,0.8159241304287231,0.6914170971542344,0.40261676206139185,0.3669647008156589,0.3231273965525223,0.21944717640542155,0.19949753686262067,0.06335153649066812,1.2147753230139908,0.45604800306536436,0.3554241917793697,0.33611872776142376,0.191357101891507,0.8753873568975981,0.7658172215720396,0.6460714699769163,0.5663381597673596,0.5548396196592795,0.3224583696466927,1.9842314681058795,1.9545950295636567,1.333966884803934,1.2263952723012828,0.7575983817781882,0.6320095561675413,0.43669632091309996,0.3961857073332356,0.36955228009360797,0.054126618389884265,6.212117274163055,3.662886641669699,0.963248985722317,0.4803004148093029,0.47258161547681005,0.3970088602392195,0.38414796781943267,0.0471891378718734,0.024112503567421378,1.2837165730150606,0.454100211539922,0.4295637796621808,0.2273575031755331,0.08878454413003499,0.06218505820073999,0.014227185474491994
2026-09-17 16:30:00+01:00,3.0086438052701756,1.1510299664694918,0.9447828920799578,0.8123151160688378,0.6641870859400635,0.6133012815895951,0.3665260038897859,0.36300732084340687,0.25340018686257,0.25272972921729175,0.24452667836238692,0.11108949384523123,0.10962222056356237,0.0877064030417199,0.06439931824255504,0.06112391648612466,0.04862030813170919,0.046448599872338174,0.00965047439408185,0.000680343377342961,0.00044279414674619895,1.907527905577631,1.1447524050283147,0.7065987030271628,0.5839780113965574,0.33551887729623814,0.3247876114193841,0.09452265439548811,1.38126626938576,1.1971802722752427,0.9034785898413756,0.46514837230590467,0.42923565726940693,0.36616122592542655,0.12315793571866736,0.09069109058727,0.07887105689056977,0.05057760872748006,0.048353626740366515,0.029027245259590703,1.2708607705697548,0.7708179313947735,0.5310725854096885,0.38862191763060244,0.20879510541809387,0.2053711554880221,0.07745876760312562,0.04788739045691136,0.7463116030563535,0.5881301711280421,0.5393845668423566,0.48947586480857647,0.40770371216564233,0.34495354052860944,0.33952137081898703,0.33538382878357814,0.3324933690646841,0.26087572112976976,0.1905167129364281,0.17743594767655815,0.17604899688449455,0.1261127859365559,0.09918805460736167,0.052687024447019414,0.5098318929391642,0.35862633779979364,0.3270237097928155,0.24041783125023394,0.11063532113271479,0.06549046082916223,1.5247805837941137,0.9698084027036328,0.606445330329544,0.5761415832986985,0.42445409968499576,0.34938197656611675,0.3150856420908156,0.2219883371834809,0.1904783127014118,0.14866136401420807,0.14127616625875772,0.026809372099787638,0.02657299326174417,0.009823318559356312,0.6960391381364629,0.6514736015833684,0.5207122334377579,0.4817930797438168,0.43753688980519895,0.18326862411904277,0.0966859734529087,0.016574661381281088,0.005827223038079831,2.9317346843784184,1.231008536421043,1.1005307111390132,0.682588629305522,0.2203532541380229,0.21615250408663242,0.11686527760801094,0.02138886909899402,0.015744431495516083,1.040733756837862,0.7548564645191848,0.3804777043408301,0.3058224714220945,0.28763039127515383,0.28123331077534014,0.11612612255367744,0.06506830878069096,0.05261747668748699,0.019287767618824753,0.003883669627784008,0.5610973801545754,0.43001247500004414,0.41425464309311627,0.3043620474213945,0.20219889001087585,0.1519135283037183,0.11190646992176854,0.06926677388466548,0.0618636180994031,0.02832184773910782,0.015269530851717015,0.8841692860945509,0.7339191476818201,0.6833374765474233,0.47499762233440124,0.4489310749637753,0.3594151803609601,0.25051060678428383,0.23613663096347873,0.15070308970760393,0.13683074311365306,0.05563473039415117,0.054291575358424084,0.053251673464511824,1.5330302794219632,1.0470365085186633,0.9889459892260184,0.7569686402658217,0.7497383324107135,0.6608528630084554,0.6408604682916306,0.2580144505752792,0.20761690159355312,0.20754615815879035,0.07564403207995007,0.04271106849432568,0.031626500650488415,1.7017522235334532,1.1831796770244247,1.1064522992660641,0.9944294701091195,0.6133147594610433,0.2305910529609454,0.1658694996083452,0.14904622112349847,0.11399311889028618,0.06913576202114037,0.02626770423537313,0.013343434921370113,1.802378349451109,0.8233356058385272,0.7397101298341787,0.5239009740283427,0.5236938339257113,0.4789590302670344,0.33390386679054035,0.22171661129763895,0.1916830868589555,0.14795331850777144,0.10584043157268287,0.09098441082407184,0.08359514317614872,0.046344730640530574,0.03578331115444373,0.014562015539962104,1.2708139963774798,0.9937468518249205,0.5182195582873299,0.5145114869233461,0.4556535965174726,0.34855705519267255,0.2965468437583929,0.25379023071231405,0.19250770673350137,0.1443237588224567,0.09752550028723046,0.051598113602276494,0.03862095521287093,1.6301497583939264,0.9816572882373119,0.541977243508597,0.3915357786819446,0.3072747615525612,0.2731459440692391,0.18122301053385903,0.07677428396067373,0.02297483994531084,0.019442292878107417,0.008876111298887825,1.8761837806404735,1.7272434303141264,1.5499832130384021,1.3364713180251961,1.3113131090654884,1.188262449171489,1.1364664984693746,0.9810829822354064,0.8568433280326135,0.5565779701970235,0.4651615993008909,0.4474298604171639,0.436556591299864,0.4215460318285022,0.42065170737145025,0.3529782081539261,2.2579017252327183,0.7310527796963739,0.7257950695412311,0.5391491924048673,0.4568770007448478,0.26604250814350033,0.2424842147785207,0.21351724798681943,0.14500707053772705,0.13182467814712856,0.04186164921805185,0.8284158229260578,0.3110018573770682,0.2423814665498802,0.22921610867800984,0.13049594277473853,0.4152503831009862,0.3632744888732981,0.3064716702892879,0.2686492282017432,0.2631947592202579,0.15296195504177493,1.442385523005346,1.4208420838482474,0.9696925755574521,0.8914961861471589,0.5507164641291871,0.45942292966822973,0.31744504678984414,0.2879969085585528,0.26863643046114305,0.03934593923627769,4.099546353402105,2.417239229728707,0.6356743912836427,0.31696340026585823,0.3118695531506768,0.26199702185778445,0.2535097666605398,0.031141404700684994,0.0159125016010802,0.7241227031212744,0.25615021226681095,0.24230962802123185,0.1282485037859204,0.05008185252281288,0.035077534546673894,0.008025313546743474
2026-09-17 17:30:00+01:00,0.9625313701060463,0.36823981912325676,0.30225684076444276,0.2598774837546374,0.212488066788359,0.19620857803844158,0.11725973546138971,0.1161340313126741,0.08106829682487289,0.08085380266814442,0.07822946615991755,0.035539974033461756,0.0350705610176535,0.02805920865040348,0.020602759260940642,0.019554886151221834,0.015554706648562438,0.014859929379581176,0.003087399154541918,0.00021765681998959314,0.0001416595929355232,0.6179529238329546,0.3708480980454335,0.22890607955744985,0.1891825113234081,0.10869296885257165,0.10521652318399695,0.03062107268855712,0.4776556650030326,0.4139968894892627,0.31243191570774587,0.16085295067522165,0.1484339753023915,0.12662220727761034,0.042589243645441956,0.03136188448558614,0.02727439883499808,0.017490242009406975,0.016721166836463033,0.010037911186987582,0.38764289622647896,0.23511788412133752,0.16198982601563922,0.11853896915857802,0.06368749532326554,0.06264310879551677,0.023626774629566936,0.014606798131885897,0.33239825072682927,0.2619461352095183,0.24023542680189275,0.2180066885856622,0.18158635104117654,0.153638176043577,0.15121875270654841,0.14937594103211327,0.14808856488732056,0.11619092213696675,0.08485386245497295,0.07902784625377403,0.07841011498008335,0.056169124622912944,0.04417717171951124,0.023466169747957864,0.16034476879082254,0.11278983918659831,0.10285064912975746,0.07561265212886498,0.034795381051691804,0.020597088854363763,0.5173729250525646,0.32906545071476595,0.20577281595253494,0.19549045899702527,0.14402141622117554,0.11854871258058068,0.10691163176078478,0.07532280811865351,0.0646311494577066,0.05044225087845181,0.047936381243542485,0.00909668145666959,0.009016475811241731,0.0033331478055229286,0.30651506944669515,0.2868897239983436,0.22930628128360553,0.2121674360036636,0.19267831766356527,0.0807060867290415,0.042577645772599315,0.007298991114121499,0.00256613683963306,1.21953266084901,0.5120705921817389,0.4577948863015791,0.28394081217439165,0.09166177000176141,0.08991435680129987,0.0486132062773521,0.008897266380834773,0.006549313120860601,0.6486440827470424,0.4704692010004657,0.23713520380823658,0.19060584434364852,0.1792675120731297,0.17528049004583604,0.07237636115087184,0.040554246643436195,0.0327941845627441,0.012021226613580275,0.0024205223544016973,0.2224100157814112,0.17045005864154295,0.16420390642793764,0.12064424138214001,0.08014840187974813,0.06021608979555726,0.04435793254726285,0.027456239892925238,0.0245217474977213,0.01122632688264982,0.006052597495232546,0.2449784874877241,0.20334839217446546,0.18933363110553045,0.13160850632319196,0.12438619782490719,0.09958385645115003,0.06940945644099554,0.065426831268253,0.04175559540115894,0.037911957604710826,0.015414821932967462,0.015042671379573602,0.014754543758412373,0.400188410132119,0.27332263512261434,0.258158451563084,0.19760214832943312,0.19571471959163123,0.1725116979935523,0.16729280260456061,0.06735313330260233,0.05419715375524649,0.05417868660357635,0.01974642336841017,0.011149469664899924,0.008255909347161496,0.5341155437741852,0.37135527007821323,0.3472734533912445,0.3121137318507908,0.19249626457022764,0.07237379445637972,0.05206015115109484,0.046779961466758085,0.035778120833701764,0.02169909615248882,0.008244437079238512,0.004187998640627572,0.5878087045687815,0.26851400874887477,0.24124127617636382,0.17085954952782595,0.17079199503493658,0.156202657010679,0.10889589272331555,0.07230832200571795,0.06251350445294739,0.04825193806571773,0.03451768436559723,0.029672698120646296,0.027262840143179774,0.01511438266537963,0.011669992474821258,0.004749102480654147,0.48152579104653265,0.37654191745529003,0.19635924962378962,0.19495421946053282,0.17265229933862078,0.13207220899748967,0.11236495185775178,0.09616398776845787,0.07294334657285953,0.05468590394179892,0.0369535146818357,0.019551108612015075,0.014633916578556767,0.6821650707770314,0.41079189814373657,0.22679998740842064,0.16384508895640124,0.12858457229660583,0.1143027634786329,0.07583598204440728,0.03212756041720249,0.009614229144704532,0.008135972188425737,0.0037143661563929973,0.6154745879798509,0.5666153015407633,0.5084657959759342,0.4384240724688745,0.4301710226058695,0.3898047456023157,0.3728132910623314,0.32184034980797555,0.2810840279751966,0.18258317784238337,0.15259440286603035,0.14677757681932896,0.1432106443583311,0.1382864903381798,0.13799311077568488,0.11579308992599932,0.8857603088400422,0.28678729843987827,0.2847247325988735,0.21150475675648528,0.17922990569483646,0.10436676297480496,0.09512499617268343,0.08376144161012511,0.056885340113838945,0.051713972456575795,0.016422055453327318,0.35676807860888365,0.13393700606575001,0.1043847397867998,0.09871490671244439,0.05619977972602515,0.16588685179518722,0.14512319253427816,0.12243124297452776,0.1073216943733824,0.10514270857499233,0.06110621012996422,0.5084494170551301,0.5008552274947924,0.34182236087449064,0.3142576716999639,0.1941308066970316,0.16194929652708787,0.11190125414669498,0.10152061146951286,0.09469592857750345,0.013869675997918218,1.5121455820130585,0.8916151463611441,0.23447282687283172,0.11691410806322511,0.11503520787606678,0.09663938517832592,0.0935088033179012,0.011486719133384716,0.005869434547283678,0.24840064511349014,0.08786891737929257,0.08312108936543501,0.04399394044399568,0.017179912218636666,0.012032880854068806,0.002752976883139162
2026-09-17 18:30:00+01:00,0.0,0.0,0.0,0.0,0.0,0.0,0.0,0.0,0.0,0.0,0.0,0.0,0.0,0.0,0.0,0.0,0.0,0.0,0.0,0.0,0.0,0.0,0.0,0.0,0.0,0.0,0.0,0.0,0.0,0.0,0.0,0.0,0.0,0.0,0.0,0.0,0.0,0.0,0.0,0.0,0.0,0.0,0.0,0.0,0.0,0.0,0.0,0.0,0.0,0.0,0.0,0.0,0.0,0.0,0.0,0.0,0.0,0.0,0.0,0.0,0.0,0.0,0.0,0.0,0.0,0.0,0.0,0.0,0.0,0.0,0.0,0.0,0.0,0.0,0.0,0.0,0.0,0.0,0.0,0.0,0.0,0.0,0.0,0.0,0.0,0.0,0.0,0.0,0.0,0.0,0.0,0.0,0.0,0.0,0.0,0.0,0.0,0.0,0.0,0.0,0.0,0.0,0.0,0.0,0.0,0.0,0.0,0.0,0.0,0.0,0.0,0.0,0.0,0.0,0.0,0.0,0.0,0.0,0.0,0.0,0.0,0.0,0.0,0.0,0.0,0.0,0.0,0.0,0.0,0.0,0.0,0.0,0.0,0.0,0.0,0.0,0.0,0.0,0.0,0.0,0.0,0.0,0.0,0.0,0.0,0.0,0.0,0.0,0.0,0.0,0.0,0.0,0.0,0.0,0.0,0.0,0.0,0.0,0.0,0.0,0.0,0.0,0.0,0.0,0.0,0.0,0.0,0.0,0.0,0.0,0.0,0.0,0.0,0.0,0.0,0.0,0.0,0.0,0.0,0.0,0.0,0.0,0.0,0.0,0.0,0.0,0.0,0.0,0.0,0.0,0.0,0.0,0.0,0.0,0.0,0.0,0.0,0.0,0.0,0.0,0.0,0.0,0.0,0.0,0.0,0.0,0.0,0.0,0.0,0.0,0.0,0.0,0.0,0.0,0.0,0.0,0.0,0.0,0.0,0.0,0.0,0.0,0.0,0.0,0.0,0.0,0.0,0.0,0.0,0.005376259136880666,0.0020183421550357826,0.0015730090349392576,0.0014875683980149863,0.0008468935349284918,0.0,0.0,0.0,0.0,0.0,0.0,0.0,0.0,0.0,0.0,0.0,0.0,0.0,0.0,0.0,0.0,0.0,0.0,0.0,0.0,0.0,0.0,0.0,0.0,0.0,0.0,0.0,0.0,0.0,0.0,0.0,0.0
2026-09-17 19:30:00+01:00,0.0,0.0,0.0,0.0,0.0,0.0,0.0,0.0,0.0,0.0,0.0,0.0,0.0,0.0,0.0,0.0,0.0,0.0,0.0,0.0,0.0,0.0,0.0,0.0,0.0,0.0,0.0,0.0,0.0,0.0,0.0,0.0,0.0,0.0,0.0,0.0,0.0,0.0,0.0,0.0,0.0,0.0,0.0,0.0,0.0,0.0,0.0,0.0,0.0,0.0,0.0,0.0,0.0,0.0,0.0,0.0,0.0,0.0,0.0,0.0,0.0,0.0,0.0,0.0,0.0,0.0,0.0,0.0,0.0,0.0,0.0,0.0,0.0,0.0,0.0,0.0,0.0,0.0,0.0,0.0,0.0,0.0,0.0,0.0,0.0,0.0,0.0,0.0,0.0,0.0,0.0,0.0,0.0,0.0,0.0,0.0,0.0,0.0,0.0,0.0,0.0,0.0,0.0,0.0,0.0,0.0,0.0,0.0,0.0,0.0,0.0,0.0,0.0,0.0,0.0,0.0,0.0,0.0,0.0,0.0,0.0,0.0,0.0,0.0,0.0,0.0,0.0,0.0,0.0,0.0,0.0,0.0,0.0,0.0,0.0,0.0,0.0,0.0,0.0,0.0,0.0,0.0,0.0,0.0,0.0,0.0,0.0,0.0,0.0,0.0,0.0,0.0,0.0,0.0,0.0,0.0,0.0,0.0,0.0,0.0,0.0,0.0,0.0,0.0,0.0,0.0,0.0,0.0,0.0,0.0,0.0,0.0,0.0,0.0,0.0,0.0,0.0,0.0,0.0,0.0,0.0,0.0,0.0,0.0,0.0,0.0,0.0,0.0,0.0,0.0,0.0,0.0,0.0,0.0,0.0,0.0,0.0,0.0,0.0,0.0,0.0,0.0,0.0,0.0,0.0,0.0,0.0,0.0,0.0,0.0,0.0,0.0,0.0,0.0,0.0,0.0,0.0,0.0,0.0,0.0,0.0,0.0,0.0,0.0,0.0,0.0,0.0,0.0,0.0,0.0,0.0,0.0,0.0,0.0,0.0,0.0,0.0,0.0,0.0,0.0,0.0,0.0,0.0,0.0,0.0,0.0,0.0,0.0,0.0,0.0,0.0,0.0,0.0,0.0,0.0,0.0,0.0,0.0,0.0,0.0,0.0,0.0,0.0,0.0,0.0,0.0
2026-09-17 20:30:00+01:00,0.0,0.0,0.0,0.0,0.0,0.0,0.0,0.0,0.0,0.0,0.0,0.0,0.0,0.0,0.0,0.0,0.0,0.0,0.0,0.0,0.0,0.0,0.0,0.0,0.0,0.0,0.0,0.0,0.0,0.0,0.0,0.0,0.0,0.0,0.0,0.0,0.0,0.0,0.0,0.0,0.0,0.0,0.0,0.0,0.0,0.0,0.0,0.0,0.0,0.0,0.0,0.0,0.0,0.0,0.0,0.0,0.0,0.0,0.0,0.0,0.0,0.0,0.0,0.0,0.0,0.0,0.0,0.0,0.0,0.0,0.0,0.0,0.0,0.0,0.0,0.0,0.0,0.0,0.0,0.0,0.0,0.0,0.0,0.0,0.0,0.0,0.0,0.0,0.0,0.0,0.0,0.0,0.0,0.0,0.0,0.0,0.0,0.0,0.0,0.0,0.0,0.0,0.0,0.0,0.0,0.0,0.0,0.0,0.0,0.0,0.0,0.0,0.0,0.0,0.0,0.0,0.0,0.0,0.0,0.0,0.0,0.0,0.0,0.0,0.0,0.0,0.0,0.0,0.0,0.0,0.0,0.0,0.0,0.0,0.0,0.0,0.0,0.0,0.0,0.0,0.0,0.0,0.0,0.0,0.0,0.0,0.0,0.0,0.0,0.0,0.0,0.0,0.0,0.0,0.0,0.0,0.0,0.0,0.0,0.0,0.0,0.0,0.0,0.0,0.0,0.0,0.0,0.0,0.0,0.0,0.0,0.0,0.0,0.0,0.0,0.0,0.0,0.0,0.0,0.0,0.0,0.0,0.0,0.0,0.0,0.0,0.0,0.0,0.0,0.0,0.0,0.0,0.0,0.0,0.0,0.0,0.0,0.0,0.0,0.0,0.0,0.0,0.0,0.0,0.0,0.0,0.0,0.0,0.0,0.0,0.0,0.0,0.0,0.0,0.0,0.0,0.0,0.0,0.0,0.0,0.0,0.0,0.0,0.0,0.0,0.0,0.0,0.0,0.0,0.0,0.0,0.0,0.0,0.0,0.0,0.0,0.0,0.0,0.0,0.0,0.0,0.0,0.0,0.0,0.0,0.0,0.0,0.0,0.0,0.0,0.0,0.0,0.0,0.0,0.0,0.0,0.0,0.0,0.0,0.0,0.0,0.0,0.0,0.0,0.0,0.0
2026-09-17 21:30:00+01:00,0.0,0.0,0.0,0.0,0.0,0.0,0.0,0.0,0.0,0.0,0.0,0.0,0.0,0.0,0.0,0.0,0.0,0.0,0.0,0.0,0.0,0.0,0.0,0.0,0.0,0.0,0.0,0.0,0.0,0.0,0.0,0.0,0.0,0.0,0.0,0.0,0.0,0.0,0.0,0.0,0.0,0.0,0.0,0.0,0.0,0.0,0.0,0.0,0.0,0.0,0.0,0.0,0.0,0.0,0.0,0.0,0.0,0.0,0.0,0.0,0.0,0.0,0.0,0.0,0.0,0.0,0.0,0.0,0.0,0.0,0.0,0.0,0.0,0.0,0.0,0.0,0.0,0.0,0.0,0.0,0.0,0.0,0.0,0.0,0.0,0.0,0.0,0.0,0.0,0.0,0.0,0.0,0.0,0.0,0.0,0.0,0.0,0.0,0.0,0.0,0.0,0.0,0.0,0.0,0.0,0.0,0.0,0.0,0.0,0.0,0.0,0.0,0.0,0.0,0.0,0.0,0.0,0.0,0.0,0.0,0.0,0.0,0.0,0.0,0.0,0.0,0.0,0.0,0.0,0.0,0.0,0.0,0.0,0.0,0.0,0.0,0.0,0.0,0.0,0.0,0.0,0.0,0.0,0.0,0.0,0.0,0.0,0.0,0.0,0.0,0.0,0.0,0.0,0.0,0.0,0.0,0.0,0.0,0.0,0.0,0.0,0.0,0.0,0.0,0.0,0.0,0.0,0.0,0.0,0.0,0.0,0.0,0.0,0.0,0.0,0.0,0.0,0.0,0.0,0.0,0.0,0.0,0.0,0.0,0.0,0.0,0.0,0.0,0.0,0.0,0.0,0.0,0.0,0.0,0.0,0.0,0.0,0.0,0.0,0.0,0.0,0.0,0.0,0.0,0.0,0.0,0.0,0.0,0.0,0.0,0.0,0.0,0.0,0.0,0.0,0.0,0.0,0.0,0.0,0.0,0.0,0.0,0.0,0.0,0.0,0.0,0.0,0.0,0.0,0.0,0.0,0.0,0.0,0.0,0.0,0.0,0.0,0.0,0.0,0.0,0.0,0.0,0.0,0.0,0.0,0.0,0.0,0.0,0.0,0.0,0.0,0.0,0.0,0.0,0.0,0.0,0.0,0.0,0.0,0.0,0.0,0.0,0.0,0.0,0.0,0.0
2026-09-17 22:30:00+01:00,0.0,0.0,0.0,0.0,0.0,0.0,0.0,0.0,0.0,0.0,0.0,0.0,0.0,0.0,0.0,0.0,0.0,0.0,0.0,0.0,0.0,0.0,0.0,0.0,0.0,0.0,0.0,0.0,0.0,0.0,0.0,0.0,0.0,0.0,0.0,0.0,0.0,0.0,0.0,0.0,0.0,0.0,0.0,0.0,0.0,0.0,0.0,0.0,0.0,0.0,0.0,0.0,0.0,0.0,0.0,0.0,0.0,0.0,0.0,0.0,0.0,0.0,0.0,0.0,0.0,0.0,0.0,0.0,0.0,0.0,0.0,0.0,0.0,0.0,0.0,0.0,0.0,0.0,0.0,0.0,0.0,0.0,0.0,0.0,0.0,0.0,0.0,0.0,0.0,0.0,0.0,0.0,0.0,0.0,0.0,0.0,0.0,0.0,0.0,0.0,0.0,0.0,0.0,0.0,0.0,0.0,0.0,0.0,0.0,0.0,0.0,0.0,0.0,0.0,0.0,0.0,0.0,0.0,0.0,0.0,0.0,0.0,0.0,0.0,0.0,0.0,0.0,0.0,0.0,0.0,0.0,0.0,0.0,0.0,0.0,0.0,0.0,0.0,0.0,0.0,0.0,0.0,0.0,0.0,0.0,0.0,0.0,0.0,0.0,0.0,0.0,0.0,0.0,0.0,0.0,0.0,0.0,0.0,0.0,0.0,0.0,0.0,0.0,0.0,0.0,0.0,0.0,0.0,0.0,0.0,0.0,0.0,0.0,0.0,0.0,0.0,0.0,0.0,0.0,0.0,0.0,0.0,0.0,0.0,0.0,0.0,0.0,0.0,0.0,0.0,0.0,0.0,0.0,0.0,0.0,0.0,0.0,0.0,0.0,0.0,0.0,0.0,0.0,0.0,0.0,0.0,0.0,0.0,0.0,0.0,0.0,0.0,0.0,0.0,0.0,0.0,0.0,0.0,0.0,0.0,0.0,0.0,0.0,0.0,0.0,0.0,0.0,0.0,0.0,0.0,0.0,0.0,0.0,0.0,0.0,0.0,0.0,0.0,0.0,0.0,0.0,0.0,0.0,0.0,0.0,0.0,0.0,0.0,0.0,0.0,0.0,0.0,0.0,0.0,0.0,0.0,0.0,0.0,0.0,0.0,0.0,0.0,0.0,0.0,0.0,0.0
2026-09-17 23:30:00+01:00,0.0,0.0,0.0,0.0,0.0,0.0,0.0,0.0,0.0,0.0,0.0,0.0,0.0,0.0,0.0,0.0,0.0,0.0,0.0,0.0,0.0,0.0,0.0,0.0,0.0,0.0,0.0,0.0,0.0,0.0,0.0,0.0,0.0,0.0,0.0,0.0,0.0,0.0,0.0,0.0,0.0,0.0,0.0,0.0,0.0,0.0,0.0,0.0,0.0,0.0,0.0,0.0,0.0,0.0,0.0,0.0,0.0,0.0,0.0,0.0,0.0,0.0,0.0,0.0,0.0,0.0,0.0,0.0,0.0,0.0,0.0,0.0,0.0,0.0,0.0,0.0,0.0,0.0,0.0,0.0,0.0,0.0,0.0,0.0,0.0,0.0,0.0,0.0,0.0,0.0,0.0,0.0,0.0,0.0,0.0,0.0,0.0,0.0,0.0,0.0,0.0,0.0,0.0,0.0,0.0,0.0,0.0,0.0,0.0,0.0,0.0,0.0,0.0,0.0,0.0,0.0,0.0,0.0,0.0,0.0,0.0,0.0,0.0,0.0,0.0,0.0,0.0,0.0,0.0,0.0,0.0,0.0,0.0,0.0,0.0,0.0,0.0,0.0,0.0,0.0,0.0,0.0,0.0,0.0,0.0,0.0,0.0,0.0,0.0,0.0,0.0,0.0,0.0,0.0,0.0,0.0,0.0,0.0,0.0,0.0,0.0,0.0,0.0,0.0,0.0,0.0,0.0,0.0,0.0,0.0,0.0,0.0,0.0,0.0,0.0,0.0,0.0,0.0,0.0,0.0,0.0,0.0,0.0,0.0,0.0,0.0,0.0,0.0,0.0,0.0,0.0,0.0,0.0,0.0,0.0,0.0,0.0,0.0,0.0,0.0,0.0,0.0,0.0,0.0,0.0,0.0,0.0,0.0,0.0,0.0,0.0,0.0,0.0,0.0,0.0,0.0,0.0,0.0,0.0,0.0,0.0,0.0,0.0,0.0,0.0,0.0,0.0,0.0,0.0,0.0,0.0,0.0,0.0,0.0,0.0,0.0,0.0,0.0,0.0,0.0,0.0,0.0,0.0,0.0,0.0,0.0,0.0,0.0,0.0,0.0,0.0,0.0,0.0,0.0,0.0,0.0,0.0,0.0,0.0,0.0,0.0,0.0,0.0,0.0,0.0,0.0
2026-09-18 00:30:00+01:00,0.0,0.0,0.0,0.0,0.0,0.0,0.0,0.0,0.0,0.0,0.0,0.0,0.0,0.0,0.0,0.0,0.0,0.0,0.0,0.0,0.0,0.0,0.0,0.0,0.0,0.0,0.0,0.0,0.0,0.0,0.0,0.0,0.0,0.0,0.0,0.0,0.0,0.0,0.0,0.0,0.0,0.0,0.0,0.0,0.0,0.0,0.0,0.0,0.0,0.0,0.0,0.0,0.0,0.0,0.0,0.0,0.0,0.0,0.0,0.0,0.0,0.0,0.0,0.0,0.0,0.0,0.0,0.0,0.0,0.0,0.0,0.0,0.0,0.0,0.0,0.0,0.0,0.0,0.0,0.0,0.0,0.0,0.0,0.0,0.0,0.0,0.0,0.0,0.0,0.0,0.0,0.0,0.0,0.0,0.0,0.0,0.0,0.0,0.0,0.0,0.0,0.0,0.0,0.0,0.0,0.0,0.0,0.0,0.0,0.0,0.0,0.0,0.0,0.0,0.0,0.0,0.0,0.0,0.0,0.0,0.0,0.0,0.0,0.0,0.0,0.0,0.0,0.0,0.0,0.0,0.0,0.0,0.0,0.0,0.0,0.0,0.0,0.0,0.0,0.0,0.0,0.0,0.0,0.0,0.0,0.0,0.0,0.0,0.0,0.0,0.0,0.0,0.0,0.0,0.0,0.0,0.0,0.0,0.0,0.0,0.0,0.0,0.0,0.0,0.0,0.0,0.0,0.0,0.0,0.0,0.0,0.0,0.0,0.0,0.0,0.0,0.0,0.0,0.0,0.0,0.0,0.0,0.0,0.0,0.0,0.0,0.0,0.0,0.0,0.0,0.0,0.0,0.0,0.0,0.0,0.0,0.0,0.0,0.0,0.0,0.0,0.0,0.0,0.0,0.0,0.0,0.0,0.0,0.0,0.0,0.0,0.0,0.0,0.0,0.0,0.0,0.0,0.0,0.0,0.0,0.0,0.0,0.0,0.0,0.0,0.0,0.0,0.0,0.0,0.0,0.0,0.0,0.0,0.0,0.0,0.0,0.0,0.0,0.0,0.0,0.0,0.0,0.0,0.0,0.0,0.0,0.0,0.0,0.0,0.0,0.0,0.0,0.0,0.0,0.0,0.0,0.0,0.0,0.0,0.0,0.0,0.0,0.0,0.0,0.0,0.0
2026-09-18 01:30:00+01:00,0.0,0.0,0.0,0.0,0.0,0.0,0.0,0.0,0.0,0.0,0.0,0.0,0.0,0.0,0.0,0.0,0.0,0.0,0.0,0.0,0.0,0.0,0.0,0.0,0.0,0.0,0.0,0.0,0.0,0.0,0.0,0.0,0.0,0.0,0.0,0.0,0.0,0.0,0.0,0.0,0.0,0.0,0.0,0.0,0.0,0.0,0.0,0.0,0.0,0.0,0.0,0.0,0.0,0.0,0.0,0.0,0.0,0.0,0.0,0.0,0.0,0.0,0.0,0.0,0.0,0.0,0.0,0.0,0.0,0.0,0.0,0.0,0.0,0.0,0.0,0.0,0.0,0.0,0.0,0.0,0.0,0.0,0.0,0.0,0.0,0.0,0.0,0.0,0.0,0.0,0.0,0.0,0.0,0.0,0.0,0.0,0.0,0.0,0.0,0.0,0.0,0.0,0.0,0.0,0.0,0.0,0.0,0.0,0.0,0.0,0.0,0.0,0.0,0.0,0.0,0.0,0.0,0.0,0.0,0.0,0.0,0.0,0.0,0.0,0.0,0.0,0.0,0.0,0.0,0.0,0.0,0.0,0.0,0.0,0.0,0.0,0.0,0.0,0.0,0.0,0.0,0.0,0.0,0.0,0.0,0.0,0.0,0.0,0.0,0.0,0.0,0.0,0.0,0.0,0.0,0.0,0.0,0.0,0.0,0.0,0.0,0.0,0.0,0.0,0.0,0.0,0.0,0.0,0.0,0.0,0.0,0.0,0.0,0.0,0.0,0.0,0.0,0.0,0.0,0.0,0.0,0.0,0.0,0.0,0.0,0.0,0.0,0.0,0.0,0.0,0.0,0.0,0.0,0.0,0.0,0.0,0.0,0.0,0.0,0.0,0.0,0.0,0.0,0.0,0.0,0.0,0.0,0.0,0.0,0.0,0.0,0.0,0.0,0.0,0.0,0.0,0.0,0.0,0.0,0.0,0.0,0.0,0.0,0.0,0.0,0.0,0.0,0.0,0.0,0.0,0.0,0.0,0.0,0.0,0.0,0.0,0.0,0.0,0.0,0.0,0.0,0.0,0.0,0.0,0.0,0.0,0.0,0.0,0.0,0.0,0.0,0.0,0.0,0.0,0.0,0.0,0.0,0.0,0.0,0.0,0.0,0.0,0.0,0.0,0.0,0.0
2026-09-18 02:30:00+01:00,0.0,0.0,0.0,0.0,0.0,0.0,0.0,0.0,0.0,0.0,0.0,0.0,0.0,0.0,0.0,0.0,0.0,0.0,0.0,0.0,0.0,0.0,0.0,0.0,0.0,0.0,0.0,0.0,0.0,0.0,0.0,0.0,0.0,0.0,0.0,0.0,0.0,0.0,0.0,0.0,0.0,0.0,0.0,0.0,0.0,0.0,0.0,0.0,0.0,0.0,0.0,0.0,0.0,0.0,0.0,0.0,0.0,0.0,0.0,0.0,0.0,0.0,0.0,0.0,0.0,0.0,0.0,0.0,0.0,0.0,0.0,0.0,0.0,0.0,0.0,0.0,0.0,0.0,0.0,0.0,0.0,0.0,0.0,0.0,0.0,0.0,0.0,0.0,0.0,0.0,0.0,0.0,0.0,0.0,0.0,0.0,0.0,0.0,0.0,0.0,0.0,0.0,0.0,0.0,0.0,0.0,0.0,0.0,0.0,0.0,0.0,0.0,0.0,0.0,0.0,0.0,0.0,0.0,0.0,0.0,0.0,0.0,0.0,0.0,0.0,0.0,0.0,0.0,0.0,0.0,0.0,0.0,0.0,0.0,0.0,0.0,0.0,0.0,0.0,0.0,0.0,0.0,0.0,0.0,0.0,0.0,0.0,0.0,0.0,0.0,0.0,0.0,0.0,0.0,0.0,0.0,0.0,0.0,0.0,0.0,0.0,0.0,0.0,0.0,0.0,0.0,0.0,0.0,0.0,0.0,0.0,0.0,0.0,0.0,0.0,0.0,0.0,0.0,0.0,0.0,0.0,0.0,0.0,0.0,0.0,0.0,0.0,0.0,0.0,0.0,0.0,0.0,0.0,0.0,0.0,0.0,0.0,0.0,0.0,0.0,0.0,0.0,0.0,0.0,0.0,0.0,0.0,0.0,0.0,0.0,0.0,0.0,0.0,0.0,0.0,0.0,0.0,0.0,0.0,0.0,0.0,0.0,0.0,0.0,0.0,0.0,0.0,0.0,0.0,0.0,0.0,0.0,0.0,0.0,0.0,0.0,0.0,0.0,0.0,0.0,0.0,0.0,0.0,0.0,0.0,0.0,0.0,0.0,0.0,0.0,0.0,0.0,0.0,0.0,0.0,0.0,0.0,0.0,0.0,0.0,0.0,0.0,0.0,0.0,0.0,0.0
2026-09-18 03:30:00+01:00,0.0,0.0,0.0,0.0,0.0,0.0,0.0,0.0,0.0,0.0,0.0,0.0,0.0,0.0,0.0,0.0,0.0,0.0,0.0,0.0,0.0,0.0,0.0,0.0,0.0,0.0,0.0,0.0,0.0,0.0,0.0,0.0,0.0,0.0,0.0,0.0,0.0,0.0,0.0,0.0,0.0,0.0,0.0,0.0,0.0,0.0,0.0,0.0,0.0,0.0,0.0,0.0,0.0,0.0,0.0,0.0,0.0,0.0,0.0,0.0,0.0,0.0,0.0,0.0,0.0,0.0,0.0,0.0,0.0,0.0,0.0,0.0,0.0,0.0,0.0,0.0,0.0,0.0,0.0,0.0,0.0,0.0,0.0,0.0,0.0,0.0,0.0,0.0,0.0,0.0,0.0,0.0,0.0,0.0,0.0,0.0,0.0,0.0,0.0,0.0,0.0,0.0,0.0,0.0,0.0,0.0,0.0,0.0,0.0,0.0,0.0,0.0,0.0,0.0,0.0,0.0,0.0,0.0,0.0,0.0,0.0,0.0,0.0,0.0,0.0,0.0,0.0,0.0,0.0,0.0,0.0,0.0,0.0,0.0,0.0,0.0,0.0,0.0,0.0,0.0,0.0,0.0,0.0,0.0,0.0,0.0,0.0,0.0,0.0,0.0,0.0,0.0,0.0,0.0,0.0,0.0,0.0,0.0,0.0,0.0,0.0,0.0,0.0,0.0,0.0,0.0,0.0,0.0,0.0,0.0,0.0,0.0,0.0,0.0,0.0,0.0,0.0,0.0,0.0,0.0,0.0,0.0,0.0,0.0,0.0,0.0,0.0,0.0,0.0,0.0,0.0,0.0,0.0,0.0,0.0,0.0,0.0,0.0,0.0,0.0,0.0,0.0,0.0,0.0,0.0,0.0,0.0,0.0,0.0,0.0,0.0,0.0,0.0,0.0,0.0,0.0,0.0,0.0,0.0,0.0,0.0,0.0,0.0,0.0,0.0,0.0,0.0,0.0,0.0,0.0,0.0,0.0,0.0,0.0,0.0,0.0,0.0,0.0,0.0,0.0,0.0,0.0,0.0,0.0,0.0,0.0,0.0,0.0,0.0,0.0,0.0,0.0,0.0,0.0,0.0,0.0,0.0,0.0,0.0,0.0,0.0,0.0,0.0,0.0,0.0,0.0
2026-09-18 04:30:00+01:00,0.0,0.0,0.0,0.0,0.0,0.0,0.0,0.0,0.0,0.0,0.0,0.0,0.0,0.0,0.0,0.0,0.0,0.0,0.0,0.0,0.0,0.0,0.0,0.0,0.0,0.0,0.0,0.0,0.0,0.0,0.0,0.0,0.0,0.0,0.0,0.0,0.0,0.0,0.0,0.0,0.0,0.0,0.0,0.0,0.0,0.0,0.0,0.0,0.0,0.0,0.0,0.0,0.0,0.0,0.0,0.0,0.0,0.0,0.0,0.0,0.0,0.0,0.0,0.0,0.0,0.0,0.0,0.0,0.0,0.0,0.0,0.0,0.0,0.0,0.0,0.0,0.0,0.0,0.0,0.0,0.0,0.0,0.0,0.0,0.0,0.0,0.0,0.0,0.0,0.0,0.0,0.0,0.0,0.0,0.0,0.0,0.0,0.0,0.0,0.0,0.0,0.0,0.0,0.0,0.0,0.0,0.0,0.0,0.0,0.0,0.0,0.0,0.0,0.0,0.0,0.0,0.0,0.0,0.0,0.0,0.0,0.0,0.0,0.0,0.0,0.0,0.0,0.0,0.0,0.0,0.0,0.0,0.0,0.0,0.0,0.0,0.0,0.0,0.0,0.0,0.0,0.0,0.0,0.0,0.0,0.0,0.0,0.0,0.0,0.0,0.0,0.0,0.0,0.0,0.0,0.0,0.0,0.0,0.0,0.0,0.0,0.0,0.0,0.0,0.0,0.0,0.0,0.0,0.0,0.0,0.0,0.0,0.0,0.0,0.0,0.0,0.0,0.0,0.0,0.0,0.0,0.0,0.0,0.0,0.0,0.0,0.0,0.0,0.0,0.0,0.0,0.0,0.0,0.0,0.0,0.0,0.0,0.0,0.0,0.0,0.0,0.0,0.0,0.0,0.0,0.0,0.0,0.0,0.0,0.0,0.0,0.0,0.0,0.0,0.0,0.0,0.0,0.0,0.0,0.0,0.0,0.0,0.0,0.0,0.0,0.0,0.0,0.0,0.0,0.0,0.0,0.0,0.0,0.0,0.0,0.0,0.0,0.0,0.0,0.0,0.0,0.0,0.0,0.0,0.0,0.0,0.0,0.0,0.0,0.0,0.0,0.0,0.0,0.0,0.0,0.0,0.0,0.0,0.0,0.0,0.0,0.0,0.0,0.0,0.0,0.0
2026-09-18 05:30:00+01:00,0.0,0.0,0.0,0.0,0.0,0.0,0.0,0.0,0.0,0.0,0.0,0.0,0.0,0.0,0.0,0.0,0.0,0.0,0.0,0.0,0.0,0.0,0.0,0.0,0.0,0.0,0.0,0.0,0.0,0.0,0.0,0.0,0.0,0.0,0.0,0.0,0.0,0.0,0.0,0.0,0.0,0.0,0.0,0.0,0.0,0.0,0.0,0.0,0.0,0.0,0.0,0.0,0.0,0.0,0.0,0.0,0.0,0.0,0.0,0.0,0.0,0.0,0.0,0.0,0.0,0.0,0.0,0.0,0.0,0.0,0.0,0.0,0.0,0.0,0.0,0.0,0.0,0.0,0.0,0.0,0.0,0.0,0.0,0.0,0.0,0.0,0.0,0.0,0.0,0.0,0.0,0.0,0.0,0.0,0.0,0.0,0.0,0.0,0.0,0.0,0.0,0.0,0.0,0.0,0.0,0.0,0.0,0.0,0.0,0.0,0.0,0.0,0.0,0.0,0.0,0.0,0.0,0.0,0.0,0.0,0.0,0.0,0.0,0.0,0.0,0.0,0.0,0.0,0.0,0.0,0.0,0.0,0.0,0.0,0.0,0.0,0.0,0.0,0.0,0.0,0.0,0.0,0.0,0.0,0.0,0.0,0.0,0.0,0.0,0.0,0.0,0.0,0.0,0.0,0.0,0.0,0.0,0.0,0.0,0.0,0.0,0.0,0.0,0.0,0.0,0.0,0.0,0.0,0.0,0.0,0.0,0.0,0.0,0.0,0.0,0.0,0.0,0.0,0.0,0.0,0.0,0.0,0.0,0.0,0.0,0.0,0.0,0.0,0.0,0.0,0.0,0.0,0.0,0.0,0.0,0.0,0.0,0.0,0.0,0.0,0.0,0.0,0.0,0.0,0.0,0.0,0.0,0.0,0.0,0.0,0.0,0.0,0.0,0.0,0.0,0.0,0.0,0.0,0.0,0.0,0.0,0.0,0.0,0.0,0.0,0.0,0.0,0.0,0.0,0.0,0.0,0.0,0.0,0.0,0.0,0.0,0.0,0.0,0.0,0.0,0.0,0.0,0.0,0.0,0.0,0.0,0.0,0.0,0.0,0.0,0.0,0.0,0.0,0.0,0.0,0.0,0.0,0.0,0.0,0.0,0.0,0.0,0.0,0.0,0.0,0.0
2026-09-18 06:30:00+01:00,0.5421041302797349,0.20739513856902816,0.17023308213389035,0.14636474372214198,0.11967470590432239,0.11050598853649218,0.06604147031813104,0.06540746618336239,0.04565820908119102,0.045537404531963116,0.04405936059018807,0.02001635199843044,0.019751975436190512,0.015803134707275807,0.011603612346976766,0.011013443175944916,0.00876051522200916,0.008369211999239684,0.0017388439332787018,0.00012258578241134254,7.978363387328594e-05,0.3103850906119788,0.18626940026620428,0.11497483304129152,0.09502249872870704,0.05459425092923447,0.05284810350888523,0.015380337327513002,0.3208350764262515,0.27807630770729935,0.20985644031555326,0.10804282771972389,0.09970116403851872,0.0850504841158219,0.028606639135819446,0.02106536851340477,0.018319857746586374,0.011747967297249777,0.011231389540577645,0.006742333942206335,0.20509567159491882,0.12439712120938415,0.08570623241554495,0.06271707730597449,0.033696037648764124,0.03314346940000103,0.012500549493990234,0.007728223841770762,0.20089544730580383,0.15831547214184924,0.14519391549304414,0.13175927106507687,0.10974748253722214,0.0928561147118906,0.09139385932260488,0.09028009751782254,0.0895020308285622,0.07022367664251884,0.05128412865062358,0.04776299059351453,0.047389645065156555,0.03394759566640748,0.026699877793852002,0.014182525502952086,0.0682664162780902,0.04802001444709353,0.043788427155508694,0.03219191262081859,0.014814053400945873,0.008769163175401872,0.20121748209583154,0.12798064651494453,0.08002948338576342,0.07603045313811757,0.056013033030200395,0.046106149541442126,0.04158023798302974,0.02929466359779661,0.025136447094748538,0.019618078607374176,0.018643491894423114,0.0035378954898981772,0.0035067017856253357,0.0012963330247952748,0.09525407034672632,0.0891552053242313,0.07126030275693604,0.06593415426804045,0.059877623824971166,0.025080604606404294,0.013231630252118744,0.002268268944491714,0.0007974648015935221,0.2158937290368258,0.0906517990254127,0.08104337695132409,0.05026600986922155,0.01622687277765841,0.015917528416390395,0.008605990409758605,0.0015750820612341302,0.0011594241611438628,0.07868567188897922,0.05707164555793777,0.028766381034663342,0.023122000688927984,0.02174657105573391,0.021262913661180747,0.008779826653034756,0.004919551769555872,0.003978194691058369,0.0014582701333114955,0.00029362855970531843,0.059714817396927924,0.04576409965762924,0.04408707159053248,0.032391746472451396,0.02151902721687036,0.016167405023848974,0.011909651788201676,0.007371719955380309,0.006583838722079653,0.003014154094995962,0.0016250606023072937,0.1577888148393446,0.130975181248529,0.12194837827492237,0.08476805636475918,0.08011622138106254,0.06414121847064541,0.04470611269904508,0.042140933558620045,0.026894467260478165,0.024418808851477465,0.009928571723606354,0.00968887233055346,0.009503291480856248,0.11060891568879191,0.07554421752027966,0.07135295695810667,0.054615673045800235,0.05409400265045018,0.04768087074885454,0.04623840928456819,0.0186158740588814,0.014979665223956518,0.01497456104909693,0.005457755452714379,0.0030816253517499856,0.0022818681345944452,0.16705814951154468,0.11615075605598693,0.10861855861388793,0.0976214661563565,0.060208076926109494,0.022636735283112067,0.01628312940143563,0.014631616488139515,0.0111905124820813,0.006786941311785625,0.002578656281915377,0.0013099025317935742,0.4115614261455128,0.1880033546999038,0.16890801870847433,0.11962939529083418,0.11958209618957898,0.10936719342085038,0.07624478603710824,0.050627552629887954,0.043769591783917434,0.03378418232030114,0.024167977259145122,0.020775701110240165,0.019088409686507584,0.010582519171157963,0.008170887414075088,0.003325141963120598,0.21705367453847338,0.16973090189791143,0.08851134758084478,0.08787801294863437,0.07782514807258303,0.05953317309341821,0.05064988447878758,0.043347100594658565,0.03288011089159401,0.024650344003855018,0.016657251382883365,0.008812902744660206,0.006596417939238237,0.26932750317158355,0.16218590043630424,0.08954353857267769,0.06468813870122203,0.050766835310965715,0.04512819435074013,0.029941016580224702,0.01268437215687867,0.0037958207498271185,0.003212185978514231,0.0014664793106848129,0.19009881074299376,0.1750078672219821,0.15704749636499885,0.135414030741691,0.13286494911492652,0.12039720243234694,0.11514912986537623,0.09940535148399689,0.08681713344545842,0.056393628018724766,0.04713113275087694,0.045334516391124,0.0442328143353789,0.04271191348678571,0.04262129868803401,0.03576448015414996,0.1563888559532951,0.050634846760838785,0.05027068242768471,0.037343044848264936,0.03164463300567045,0.01842687970807009,0.01679516363008997,0.01478882706266282,0.01004361244473409,0.009130561517116486,0.0028994598641597313,0.056749056614844744,0.02130459308379051,0.016603883203297986,0.01570201530248153,0.008939377350826113,0.054308010936789566,0.047510407497901856,0.040081520690226864,0.035134959092360904,0.03442160307113638,0.020004941272507397,0.10963333323641668,0.10799585212855901,0.0737047256627071,0.06776114769317729,0.04185904577359828,0.034919975513773356,0.02412847192645588,0.02189016774188784,0.020418609886504537,0.002990619636006043,0.42839338534614957,0.25259606979578153,0.06642654600889254,0.03312196335041638,0.032589667768907135,0.027378100274710215,0.02649120117105036,0.00325420684000555,0.0016628206739401007,0.170049710332362,0.06015316079690599,0.056902900403679235,0.030117300321271846,0.011760996413595522,0.008237450038679874,0.0018846284449688788
2026-09-18 07:30:00+01:00,3.02556898006167,1.1575051043168563,0.9500977836468679,0.8168848080015135,0.6679234812235787,0.6167514179508914,0.368587901901972,0.36504942444673283,0.2548256937462143,0.25415146443051867,0.24590226717925426,0.11171442960450444,0.11023890215306127,0.08819979684234663,0.06476159765755227,0.061467770075125855,0.04889382246800384,0.046709897228403525,0.00970476329516564,0.0006841706601072399,0.0004452850924398042,1.796943779428628,1.0783882674464367,0.6656354228131227,0.5501233569552294,0.316068015401212,0.3059588676364939,0.08904294156557593,1.9603667977643597,1.6991021273186802,1.2822650268609075,0.6601633916016275,0.6091941500183733,0.5196755512259821,0.174792314425688,0.12871363529305976,0.11193801272046822,0.07178244126945955,0.06862604735541561,0.041197015447839304,1.1073786645568673,0.6716607761066927,0.46275600288620616,0.3386300294487564,0.18193593693213161,0.17895244008583852,0.06749455850156946,0.041727210188031445,0.9984396398851397,0.7868194382371514,0.7216060027369287,0.6548365377015853,0.5454391247401806,0.4614899291020164,0.45422259794106595,0.448687261276159,0.44482031140024075,0.3490079210786646,0.2548793794406336,0.23737951142035785,0.23552400409111987,0.1687177367466157,0.13269696614324758,0.07048639402103662,0.5036316063354406,0.3542649274823974,0.32304663273072914,0.23749400581082583,0.10928983704468877,0.0646940029524103,1.0776616542373734,0.6854267024769655,0.42861437562462595,0.4071967457689316,0.299989330973886,0.24693097671146913,0.2226915255158328,0.15689360240624373,0.1346234177847219,0.10506865916805772,0.0998490593681934,0.018947927717069848,0.018780863411332973,0.00694277841762316,0.7870097102153168,0.7366195696520365,0.5887680181902003,0.544762228584029,0.4947218654629584,0.20722137428313647,0.10932258802685464,0.01874092811149018,0.006588826494495337,1.3334794311517504,0.5599157971682948,0.5005688524525632,0.31047076052516787,0.1002261676495145,0.09831548527474616,0.05315537068769993,0.009728580540074657,0.007161246775268748,0.5156972948270843,0.3740413282240895,0.18853171772456825,0.15153906575385317,0.14252465024420385,0.13935481253415546,0.05754202442865477,0.032242204691361256,0.026072653269948246,0.009557343094647949,0.0019244094927174944,0.3036346216041445,0.23269877876765444,0.2241715186206838,0.1647037722293386,0.10941876691763713,0.08220713251297448,0.06055754286429044,0.03748331648316776,0.0334771412896293,0.015326205085871446,0.008263018838114422,0.8675740268704808,0.7201439818885288,0.670511694495078,0.4660822383718176,0.4405049424573272,0.35266920062499557,0.24580869220373175,0.23170450618288724,0.14787449468751118,0.1342625226523619,0.05459050415006802,0.053272559225511454,0.052252175586495045,1.050246631987247,0.7173025747763051,0.6775059882010586,0.5185832110628013,0.513629880019711,0.4527363242136731,0.4390399572869729,0.17676024495935003,0.1422339496937225,0.14218548486227586,0.051822127056654045,0.029260449996888375,0.02166664692509665,1.037654916381288,0.7214518023532255,0.6746667653478414,0.6063600883744532,0.373972818512053,0.14060445255751963,0.10114004810226127,0.09088194037773824,0.0695080744507791,0.04215599801600188,0.01601691013823946,0.00813624959973574,2.172457083911318,0.9923894557904774,0.8915933283866897,0.6314725111087369,0.6312228393439488,0.5773027281002296,0.40246367860299653,0.26724123876712913,0.23104099094373978,0.1783322768930733,0.12757243527937928,0.10966605756246861,0.10075956639676191,0.05586060130640381,0.04313062672271234,0.017552005007967116,0.9905090504839185,0.7745549336317715,0.4039152575314483,0.40102507985293995,0.3551495439321889,0.2716754133669558,0.23113715576978824,0.1978114194221378,0.15004605422271233,0.11249009667897843,0.07601418536688823,0.040217056671266876,0.030102285453047307,1.434542244431819,0.8638647107602166,0.47694345095005225,0.3445539968543355,0.27040376126494753,0.24037018295091275,0.159477411774772,0.06756186237520903,0.020218006530320028,0.0171093424506837,0.007811034881284935,0.8769688029952528,0.8073508678594945,0.724495615529201,0.6246955464064097,0.6129360564115821,0.5554195215025239,0.5312089759493969,0.4585793659703684,0.40050706945282066,0.26015655893293554,0.2174265736371539,0.2091383760819133,0.20405597535932066,0.19703971580750027,0.19662168924918383,0.16498963474808756,1.395362876803746,0.45178401627173087,0.44853479887422687,0.3331893322606557,0.2823458607522394,0.16441186760550308,0.1498530550429428,0.13195173114427716,0.08961306014394933,0.08146646068670084,0.02587012119609841,0.4616336412533997,0.1733053810469782,0.1350667573931014,0.12773037882016572,0.07271869460329562,0.4099411733026773,0.35862982012814554,0.3025532575411694,0.2652143966573977,0.2598296661309256,0.15100625037893595,0.4911966641316193,0.48386016131797444,0.330223612723582,0.3035942511466281,0.1875435421030738,0.15645401793024902,0.10810421038016708,0.09807580463607844,0.09148269751890051,0.013399048861580512,2.1337893994059987,1.2581585862404137,0.3308647251833757,0.16497755731574976,0.16232624030660098,0.13636788554717627,0.1319503198926484,0.016208915207847164,0.008282362073120221,1.0717222728290703,0.37910962671509985,0.3586251669115105,0.18981144683341736,0.07412257146735277,0.051915752520337054,0.011877693155328928
2026-09-18 08:30:00+01:00,7.175203974345442,2.745049040213969,2.25317797682499,1.937260449052926,1.583995357110113,1.4626396735381064,0.8741143884178675,0.8657228106130719,0.6043247873647563,0.6027258375812677,0.5831626832481527,0.26493324877809793,0.2614340026846788,0.20916777538708334,0.15358356592086625,0.14577218071828763,0.1159527849489688,0.11077355778141168,0.02301506150559983,0.0016225259023616616,0.0010560034777080962,4.464394562357083,2.679188282022023,1.6537296247877367,1.3667471133668252,0.7852512390459071,0.7601356929573021,0.2212216256804854,4.254815939934731,3.687762322406726,2.783051458395708,1.4328306951287242,1.3222061213080847,1.127913317789449,0.37937243501810014,0.27936242735615097,0.2429523094100649,0.15579792295453754,0.14894722789405046,0.08941475554733086,2.4996721172165146,1.5161315347661601,1.0445733826306824,0.7643853631621013,0.41068173265817637,0.4039471222514764,0.15235462931528068,0.09419031373337312,2.220308291038554,1.749711902934079,1.6046916876460426,1.4562112078213074,1.2129356272921548,1.026251237314533,1.0100903048096521,0.9977809438830403,0.9891817051032985,0.776116201574522,0.5667952040164416,0.5278793792581532,0.5237531425357572,0.3751908225387219,0.2950886186343812,0.15674610542137718,1.1533884625031194,0.8113173893132368,0.7398230261067827,0.5438952654480759,0.2502893693137933,0.14815852631130225,2.5631690104267806,1.63025609735669,1.019439710696505,0.9684988565730872,0.7135109183736056,0.5873140467906469,0.529661619528238,0.3731642654637178,0.3201956487796964,0.24990100565213147,0.23748642599140318,0.04506678041780118,0.044669425599125505,0.01651308127772708,1.510261761425507,1.4135637137930857,1.1298384412304945,1.0453918829976188,0.9493650538890884,0.39765521780441826,0.20978867504933515,0.03596360595432093,0.01264387539078919,2.385662103141497,1.0017176621171677,0.8955429783252569,0.5554478833458082,0.17930967986362795,0.17589137251959328,0.09509764490222049,0.01740492231797668,0.012811832446674392,1.1194226794504663,0.8119304678652951,0.40924527379458164,0.3289454273450835,0.3093778607421308,0.3024971028665338,0.12490631192573384,0.06998806379059261,0.056595835728815956,0.020746097997325245,0.0041773103181005685,0.8793311810439052,0.6738997380476687,0.6492046433430865,0.4769850084672749,0.3168786650011598,0.2380732952683811,0.17537570454464463,0.10855234089726902,0.09695038738553918,0.04438495830245101,0.023929847247063787,1.7921135508218842,1.4875731044423384,1.3850496401139532,0.9627677515848764,0.9099337372159992,0.7284948993660115,0.5077573493032631,0.47862288687307153,0.3054585286587772,0.2773408133030116,0.11276545770559414,0.11004303070180908,0.10793526434426315,1.979476973115737,1.3519528521026158,1.2769453021281407,0.9774118703916949,0.9680759635281195,0.8533054059676419,0.8274908571550007,0.3331530175890905,0.2680787727748168,0.26798742754700766,0.09767296945520726,0.055149319433902534,0.04083672098210404,2.236405225200564,1.5549086262125413,1.4540751992530954,1.3068572688142248,0.8060047248848745,0.3030376741072145,0.2179820366887941,0.19587325528794178,0.14980724173452717,0.09085669305679715,0.03452043734312572,0.017535647767989635,3.93952302340269,1.7995941729858556,1.6168109698018693,1.1451091552427328,1.1446564016887222,1.0468779363546115,0.7298256613130718,0.4846139519728884,0.41896860007651604,0.3233868764722463,0.23133922858895925,0.19886789104036715,0.1827169036331211,0.10129734049866249,0.07821286700955085,0.03182871981584719,2.1296197941769752,1.6653129191841085,0.8684281351985773,0.862214179263664,0.763580603611248,0.584109087761308,0.49695079702363565,0.4252996114571776,0.3226028545168026,0.24185658517647585,0.1634324428600374,0.08646770053118019,0.06472068369234549,2.7039625757637125,1.6282949195014722,0.8989886823690755,0.6494483633648136,0.5096828996456327,0.4530727356071499,0.30059829523489356,0.12734706706655394,0.03810883452664332,0.03224932682334328,0.014722986429266668,1.6063297811595665,1.478811718795826,1.3270470734754138,1.1442448772670832,1.1227052068416101,1.0173530864264164,0.973007015953578,0.8399725167731675,0.7336024166762649,0.47652462316864236,0.39825679004311676,0.38307543066106703,0.373766078250122,0.3609145074394607,0.36014881485422173,0.3022088847098099,2.7963189500125876,0.9053789713162338,0.8988675123026737,0.6677142263356585,0.5658234814786085,0.32948276655126413,0.30030678363302676,0.26443237986300844,0.17958532680985723,0.16325947292685308,0.05184394062817459,0.9651255595883053,0.3623250948706666,0.2823805896313343,0.2670426119737017,0.15203110118010688,0.8056545097114157,0.7048126675724361,0.5946057928315214,0.5212239916912712,0.51064141859357,0.2967715236609691,0.9993797415367546,0.9844530272060573,0.6718669177374463,0.6176873061207561,0.3815726577972749,0.3183184810058526,0.21994684760281083,0.19954323684484465,0.18612902179039578,0.027261459545532548,4.373095641856155,2.578533678995456,0.6780908594569555,0.33811332885167533,0.33267958601786274,0.27947922421093035,0.27042564229848526,0.033219368544236245,0.016974290666323257,1.8629121453071071,0.6589840912292426,0.6233771528221239,0.32993813657606397,0.12884293079345996,0.0902421162225104,0.020646299324248926
2026-09-18 09:30:00+01:00,10.22971354064409,3.913626070674959,3.2123637657437243,2.761959035351163,2.2583077513730037,2.085290526509522,1.2462279577335382,1.2342640557449653,0.86158797469114,0.8593083463614861,0.8314170884272567,0.3777162645246437,0.37272737706278436,0.2982112329899088,0.2189646300702434,0.20782791071512635,0.16531429329520436,0.15793025090763388,0.03281265413002687,0.0023132408852459155,0.0015055478720189595,6.505904937904796,3.904346721625984,2.409958972395466,1.9917430391783408,1.1443365594700774,1.1077359962730466,0.3223834378398024,5.484891787449385,4.753901828370091,3.5876372335950717,1.8470649314709227,1.7044585708187574,1.4539953269501567,0.4890497691534391,0.3601266670894307,0.313190310800041,0.20083941589448018,0.19200817111067833,0.1152647412489182,3.630795029761276,2.202193960951601,1.5172517306388382,1.1102762471430305,0.5965187127860022,0.5867366338390828,0.22129639606294366,0.13681223253216157,3.515715842632697,2.770556630363693,2.5409264161957,2.3058170949593446,1.9206058087410935,1.6250030448971833,1.5994132442967672,1.5799221603797087,1.5663058170392177,1.2289302510883064,0.8974838702947644,0.8358631565479198,0.8293295252166624,0.5940906153139581,0.46725391050457393,0.24819740948818608,1.611735917466231,1.1337285046039207,1.0338228467771184,0.7600349432662397,0.34975238559915794,0.2070355531531473,4.092609248760815,2.603028186884867,1.62773830815623,1.5464011002400957,1.1392621289305562,0.937763717509336,0.8457101478587111,0.5958309880976433,0.5112560538450647,0.399016671489895,0.37919432527226704,0.07195808064137588,0.07132362462254278,0.02636641941590587,1.864520928577539,1.745140607782646,1.3948624492732271,1.2906074259434155,1.1720557700974796,0.4909324296568099,0.2589983969658571,0.044399519130813025,0.015609724675940403,3.9957542445792926,1.6777806022923258,1.4999482332951692,0.9303217059109057,0.3003264433239606,0.2946011077614696,0.15927939575649294,0.029151568504629643,0.021458585359689378,1.714303393504732,1.243404463660369,0.626725342018469,0.5037527582095889,0.4737866458144577,0.4632493333295874,0.19128370215758264,0.10718094019672542,0.08667184882816083,0.03177093590443923,0.006397205796793055,1.457933625082969,1.1173277022519736,1.0763831642660961,0.7908425147387133,0.5253857371782721,0.39472620770029127,0.29077342210782703,0.17998009315183788,0.16074402088914416,0.07359038841341603,0.03967575550223943,2.8884719888125088,2.397623321090335,2.2323792411196504,1.5517586376764738,1.4666024429191546,1.1741650577032263,0.8183872500174693,0.7714292441477382,0.49232840372761205,0.44700915866231733,0.18175180123985527,0.17736387942629966,0.1739666482185223,2.8919030855654086,1.9751260952435006,1.8655443379622032,1.4279430588196764,1.4143038307649904,1.2466305847262746,1.208916999583503,0.48671757874244614,0.3916478143930157,0.39151436421918673,0.14269464387820122,0.08057001379849352,0.059660122858936356,3.4237593070371513,2.380441979207998,2.2260739871631334,2.0006949933103413,1.2339294092344224,0.4639266826138004,0.3337132369708364,0.29986644335961615,0.22934302440835772,0.13909440246095367,0.05284805602523134,0.02684568814902294,5.734746036891344,2.6196611849293103,2.3535844939586625,1.6669302732400861,1.66627120191746,1.5239355274621842,1.0624039494054567,0.7054503613735312,0.6098907163627757,0.47075282901381776,0.3367594798778829,0.2894910991086522,0.26598017901112575,0.14745808528632068,0.1138541205248551,0.046332925011210634,3.2976242697515894,2.5786651279481974,1.3447234586174963,1.3351014162425305,1.1823715844795388,0.9044676938347812,0.7695068451271886,0.658558079001665,0.4995365865092743,0.37450447599047404,0.25306807887195215,0.13389149960048535,0.10021718331242109,3.7765626072227416,2.2742022251484704,1.255596905290961,0.9070696563589911,0.7118624338944113,0.6327963141881886,0.41983875507536006,0.1778627322485032,0.053225736468453515,0.04504189624545544,0.020563257980636792,2.4771107554664105,2.2804659771012634,2.0464307001412867,1.7645326169073088,1.7313164306011413,1.5688536078031465,1.500467819642236,1.2953161797778523,1.131283537103526,0.7348455361660045,0.6141492174422525,0.590738141429748,0.5763822493495224,0.5565639252089175,0.5553831556306388,0.46603436448260366,4.021638331480025,1.302107106038433,1.2927423899130868,0.960300014093144,0.8137617498732064,0.4738588648904603,0.43189825404452603,0.38030404040167676,0.2582778456179465,0.23479816359893507,0.07456144403137667,1.4780187424878202,0.5548742086169199,0.4324450843141169,0.4089561007050716,0.23282443900989702,1.1376881421354836,0.9952864468061664,0.8396601168307275,0.736035543270392,0.7210915843135319,0.4190796915088385,1.5283032958172582,1.5054765906528649,1.027453711588928,0.9445994415268192,0.5835206841481477,0.48678911871148445,0.3363541185846916,0.3051518595514817,0.28463814666893805,0.0416896368222949,6.063354705997686,3.5751709081017387,0.9401819078526312,0.4687985837838173,0.4612646277762613,0.3875016254226409,0.3749487148552288,0.046059092022847574,0.023535077579263496,2.4050288974015155,0.8507517578468162,0.804783022266428,0.42595178458586347,0.16633686809374013,0.1165030234112434,0.026654475695113505
2026-09-18 10:30:00+01:00,12.22446157919821,4.6767655170627815,3.838760223022836,3.300528600026057,2.698667585458762,2.4919127814772257,1.4892367931621557,1.474939984203086,1.0295937468692686,1.0268696012888487,0.9935396737539448,0.45136923386703676,0.44540753583334936,0.3563610794854122,0.26166174613414495,0.24835341669422112,0.1975498354719608,0.18872593809620472,0.03921097380980792,0.0027643124328717694,0.0017991229220657725,7.797666972642588,4.679563530599778,2.8884617380412743,2.3872080921602596,1.3715471530146495,1.3276794658065552,0.3863933933501301,6.1796620490545005,5.356077722614605,4.042082600235243,2.081032315946241,1.920362033099007,1.6381726549312325,0.5509976159332315,0.4057438475919204,0.3528620714471037,0.22627970878064393,0.21632981179976854,0.12986530540491537,4.494085327319972,2.7258072919847405,1.8780070713502002,1.3742654571953201,0.7383523367827325,0.7262443832613446,0.27391380631052975,0.16934193249160126,4.371174169280304,3.444699776448714,3.1591950014365824,2.866877920663695,2.3879354522156335,2.0204054175030524,1.9885890021872432,1.9643552681873642,1.9474257406162634,1.5279585751110396,1.1158633082929874,1.0392487909999402,1.0311253698290737,0.7386471683466834,0.5809480388959264,0.30858981607131875,1.8736457752822917,1.317961335941223,1.2018208369392156,0.8835419283553583,0.4065877496252393,0.24067918651862785,4.786384720213415,3.0442912046301505,1.9036710550913247,1.8085456361981125,1.3323888294202766,1.0967325869226996,0.9890741782069736,0.6968357260404788,0.5979237243285717,0.4666576219334705,0.44347500925585853,0.08415635032395324,0.0834143418863997,0.030836031330682672,1.9961509754316675,1.8683427324939637,1.4933358998732018,1.381720758780512,1.2547996822568797,0.5255909082651661,0.27728297109169914,0.047534003004881614,0.016711728283935107,4.70650698554468,1.9762191670352844,1.7667545113757117,1.0958045314257143,0.3537476073173346,0.3470038662937201,0.18761153536863706,0.03433696178706543,0.025275573950098742,2.130708281844943,1.5454278387606801,0.7789571447740182,0.6261144777442461,0.5888695862641744,0.575772756925232,0.23774657969724058,0.13321522771194352,0.1077244709429349,0.03948810724521655,0.007951089301659144,1.904852065518401,1.4598359931334184,1.406340219106218,1.0332692598499298,0.6864387304332775,0.5157265180774988,0.37990779838720545,0.23515161890374967,0.21001887530579053,0.09614896107744242,0.05183805594383138,3.8283345661627677,3.1777715942267726,2.9587597340959735,2.056676074397653,1.9438114161371587,1.5562195839862583,1.0846773691708238,1.022439979393306,0.6525241903657935,0.5924587879426957,0.2408909298216663,0.235075248444967,0.23057261254877198,3.2930239987778376,2.2490856158748334,2.1243043400579755,1.6260056517979995,1.6104745969943066,1.4195442626015418,1.3765996212077873,0.5542276556313269,0.4459712561954451,0.4458192958385253,0.1624870795751795,0.09174546351314779,0.06793526979694774,4.039141104074407,2.8082993522122983,2.6261854692240054,2.3602971644606856,1.455714187069437,0.5473122275770858,0.3936943959968626,0.3537640261734914,0.2705648247283423,0.16409503938315545,0.062346893055009595,0.03167089527789201,7.481460282316602,3.4175691446659306,3.070449641423515,2.174651249141821,2.1737914349684075,1.9881025329065591,1.385995630865252,0.9203195443721732,0.7956539211447176,0.614136802292329,0.4393311677958293,0.3776655750983513,0.3469935952445212,0.19237151938014665,0.14853231079549722,0.06044521169813289,4.2675823238239685,3.337149662572681,1.740258317197477,1.727806062301384,1.5301525162831011,1.1705064091397859,0.995848387109826,0.8522653241421849,0.6464694981308261,0.4846606378386158,0.32750512847219815,0.17327413624607949,0.12969490914128073,4.989566483749804,3.004659098770971,1.658885311144599,1.198413696926258,0.9405073636028363,0.8360457931440758,0.5546878467993335,0.23499092159574378,0.0703214479346858,0.059509018979598614,0.027168023805737625,3.0130260226957515,2.7738377534050365,2.4891696665408922,2.146283802976789,2.1058813972731536,1.9082702441461716,1.8250894017649089,1.5755538377429807,1.37603323905411,0.893827100077765,0.7470185052841212,0.7185425152262189,0.7010807701987597,0.6769748127924995,0.675538587359983,0.5668594609901374,5.04726857594008,1.6341808330629852,1.622427852430173,1.2052033736269394,1.0212937539128502,0.5947061274682243,0.5420443873778382,0.47729220636208364,0.32414591929981446,0.2946782617285259,0.09357669745946218,1.7017318410156461,0.6388600370333612,0.49790002542819095,0.4708557463730244,0.2680647747151367,1.2873504731823324,1.1262159029300112,0.9501170036679912,0.8328606670098484,0.8159508373985276,0.4742094245197481,1.9685622942638394,1.9391598901651992,1.3234327513857849,1.21671061553133,0.7516157426872647,0.6270186729139494,0.43324779654557816,0.39305708911418175,0.3666339819950315,0.05369918872421,6.51060025188789,3.838882886367348,1.0095316640523975,0.503378133997093,0.4952884578592304,0.4160845443510122,0.4026057052157597,0.04945650562535198,0.02527107343137719,2.3857299592747343,0.8439249768656499,0.7983251132704137,0.42253377279207743,0.16500211285274824,0.11556815537584235,0.02644058925167095
2026-09-18 11:30:00+01:00,13.62177188923316,5.211340609165641,4.277547584137328,3.6777936935848135,3.007137289100792,2.7767494917656452,1.6594631799594182,1.6435321821708702,1.1472808898429965,1.1442453623108322,1.1071056758695328,0.5029627441438594,0.49631959751844335,0.39709473529790895,0.2915708470991438,0.2767413164336878,0.22013065999844963,0.21029815192045898,0.043692962453315005,0.003080285634438563,0.0020047706711904087,8.58548349278418,5.152350771885263,3.1802897787885223,2.628393305457743,1.5101177676727315,1.46181802549176,0.425431621017814,6.711380009346647,5.816931843637384,4.389876362817826,2.260091016819095,2.0855961470612927,1.7791262889280426,0.5984072195886092,0.4406553507340173,0.38322345681170017,0.24574954131408377,0.2349435232563936,0.14103933316800046,5.165459721856009,3.13301745534172,2.158563796162997,1.579567887402295,0.8486552832017293,0.8347385144548993,0.3148339719221739,0.19464003635824742,4.739437408870181,3.734909283085324,3.425351265330486,3.108407017809264,2.5891145431209117,2.1906207911121793,2.156123902376052,2.129848521659629,2.111492713087905,1.6566862242594076,1.2098727027800322,1.1268035558508027,1.117995751655814,0.8008768093069807,0.6298918234608925,0.33458793030101985,2.163456040496111,1.521819893065308,1.387715107930952,1.0202057118528642,0.4694776005810996,0.27790676699119654,5.664986183423495,3.603109365554408,2.2531139587113533,2.1405270658427855,1.5769656537924772,1.2980517269306295,1.1706312554151777,0.8247487385341601,0.7076801876702147,0.5523185316629755,0.524880457168104,0.09960431300459388,0.09872609953191319,0.03649637495753632,2.1969652620786384,2.056299413955241,1.6435666124536967,1.5207229043771482,1.381033472275077,0.5784657481998451,0.3051778461409628,0.05231595939113945,0.01839294069486044,5.834314418417872,2.4497751762825386,2.1901170764609468,1.3583891826997465,0.43851518168170717,0.43015545638883224,0.2325683759154303,0.042565034292784555,0.03133229080160012,2.5997242259233677,1.8856106328941884,0.9504228136155903,0.7639361004330707,0.718492785880039,0.7025130551936071,0.29007985191391666,0.16253884104902555,0.1314370058169727,0.04818031164376927,0.009701299636431245,2.091463781323891,1.602851035826038,1.5441144673244167,1.1344950468598982,0.753686739662086,0.5662504470308171,0.4171260408892176,0.2581886031779721,0.2305936923122161,0.10556833958161713,0.05691644955707332,4.1940488902135815,3.481338738238269,3.24140504564936,2.2531468601507703,2.1295004320392845,1.7048826079190458,1.18829476311169,1.1201119407864664,0.714858722283578,0.6490553735900159,0.2639028327907437,0.25753158921152086,0.25259882412604906,3.4744829666281505,2.373019348096372,2.2413621182855024,1.7156051528655727,1.69921827400006,1.4977669044058861,1.452455839231162,0.5847678455547177,0.470546079783177,0.47038574579474673,0.1714407761652033,0.09680101036619927,0.0716787784815373,4.59049218084271,3.1916379957095757,2.9846651927447643,2.68248258695208,1.6544221707291344,0.6220214734855014,0.4474344916155965,0.4020535440999371,0.30749748036127383,0.18649435010913526,0.07085737232109976,0.035994037689546725,7.681571002602127,3.508980740445053,3.1525766415224097,2.232817838472539,2.2319350263779896,2.04127940143873,1.4230676159509168,0.9449358358403591,0.8169357128337821,0.630563456076891,0.45108219942788946,0.38776720331104253,0.3562748231944936,0.19751698588707595,0.15250518595320062,0.06206197291777263,5.046634284847951,3.946350093070341,2.0579444335571884,2.0432190055012445,1.8094835819830775,1.3841836728075185,1.17764163208824,1.0078473192168032,0.7644832333198238,0.573135983289241,0.38729155863836673,0.2049055250264809,0.15337086091783741,5.304335384396693,3.19420928202217,1.7635367888609226,1.274016129147616,0.9998396662899998,0.8887880937137727,0.5896805629617204,0.24981542274100213,0.07475770606059486,0.06326317047628452,0.028881930016614234,3.791103847816079,3.4901480773613662,3.131967872035581,2.7005358475764702,2.64970000528028,2.4010581424659665,2.2963968454042014,1.9824217154834554,1.7313773156972256,1.1246472260320317,0.9399270727966159,0.9040974999135055,0.8821264687094817,0.8517954369859659,0.8499883235649298,0.7132441165602444,5.3191869357395944,1.7222212781188588,1.7098351131867873,1.2701329329818107,1.0763153003709254,0.6267455389460967,0.5712466813585705,0.5030060180894288,0.3416090729611578,0.31055386422365727,0.09861808206299359,1.575261543634142,0.5913808649797045,0.4608968015568085,0.4358624149724404,0.24814258077211487,1.3501463878268996,1.1811518035918742,0.9964629424838592,0.8734869365812429,0.8557522591611496,0.4973409766231774,2.4974735999805415,2.460171387992491,1.6790113107249327,1.5436151804593616,0.953559092420382,0.7954854092555034,0.5496523718224293,0.4986632661858254,0.465140825645424,0.06812703188000443,7.074158347570925,4.171176906164376,1.0969168082962204,0.546950586862959,0.5381606676902666,0.45210085688526813,0.4374552883209007,0.05373746483818012,0.02745853963539169,2.515389178666605,0.8897904585394297,0.8417123418229008,0.4454975616877736,0.1739696177739676,0.1218490325364517,0.027877577603728592
2026-09-18 12:30:00+01:00,13.753023438313152,5.261554086039167,4.318763569197624,3.7132307955569273,3.0361123321935817,2.8035046507247663,1.6754528114685936,1.6593683117600941,1.1583354277728812,1.155270651645592,1.11777310857467,0.5078090034877399,0.5011018473272617,0.4009209114784509,0.2943802558647227,0.2794078363821732,0.22225171226387733,0.21232446380063635,0.044113962676525634,0.00310996549286054,0.0020240874868208227,8.4838459099112,5.091355665551614,3.142640534430487,2.5972775805680763,1.492240531068783,1.4445125760274395,0.42039523120070865,6.714779979656652,5.81987868847945,4.392100264500845,2.2612359739433217,2.0866527054693687,1.7800275903819431,0.598710371366196,0.44087858576278244,0.38341759696967703,0.24587403748968426,0.23506254512707997,0.14111078338310468,5.265624141426553,3.193770397348192,2.200420920483186,1.6101975910750346,0.8651117204666846,0.850925088989549,0.32093897781840464,0.19841433861144714,4.654421313417791,3.667912427398924,3.363907265756553,3.052648368642094,2.5426709697290204,2.1513254042950383,2.1174473212382754,2.091643268673766,2.0736167268565135,1.6269685632744357,1.1881699890798194,1.1065909376862468,1.0979411280078155,0.7865106697440407,0.618592814998874,0.3285860872623394,2.363542065134851,1.6625645566591034,1.5160571653056663,1.1145588678114045,0.5128969744897396,0.3036088192569417,4.862089973548815,3.0924421265357718,1.9337810249155913,1.8371510270223808,1.3534629468949,1.114079378538412,1.0047181591248557,0.7078574320371293,0.6073809597309783,0.4740386486487224,0.4504893613997323,0.08548743384387002,0.08473368921292092,0.031323758435837644,2.6682814692066836,2.4974384966861334,1.9961618925497724,1.846964453916099,1.6773073685012363,0.7025643341452057,0.37064782303380467,0.06353933191236327,0.022338788722530527,6.658452085541416,2.795823032802783,2.4994864125433556,1.550271143764781,0.5004585143359356,0.49091791944869756,0.265420283616632,0.04857764272409393,0.035758195748606655,2.587006513948634,1.8763863264517902,0.945773396005349,0.7601989658572068,0.7149779575703167,0.6990763988723893,0.28866079678124995,0.1617437097252659,0.13079402300897586,0.04794461613413469,0.009653841397081683,1.9071201173171788,1.4615741772738469,1.4080147073887344,1.0344995434219963,0.6872560530093937,0.5163405786012407,0.3803601435226096,0.23543160707810432,0.21026893865534776,0.09626344284118135,0.0518997780051698,4.4008338740081365,3.652983989262822,3.401220514515308,2.364236871058894,2.2344941323648233,1.7889407893276574,1.2468829006764603,1.175338366511757,0.7501043889823461,0.6810566469234666,0.27691439856655237,0.2702290247673993,0.2650530527535005,3.7442660439280777,2.5572771120200204,2.4153970971362884,1.8488166959979473,1.8311574256283918,1.614063967430703,1.5652346353034605,0.6301732973572058,0.5070825574791716,0.5069097740422307,0.18475263309838671,0.10431731558719716,0.07724441849807634,4.865329471869176,3.382724508031426,3.1633600393710726,2.8430854631535234,1.7534740566064015,0.6592625121363205,0.4742228355976702,0.426124886029057,0.3259076575646346,0.1976599506496696,0.07509967303544487,0.03814903619994251,6.938043535515358,3.1693336082222876,2.8474271708901613,2.016695200102957,2.0158978386330726,1.8436964717939999,1.2853236753399708,0.8534720261139502,0.737861505079891,0.5695289034866058,0.40742029679430924,0.35023379166913843,0.3217896746764556,0.17839859146313816,0.137743648945866,0.05605476664312807,4.821787986034335,3.7705255410686758,1.9662553665608549,1.9521860110098606,1.728864368620531,1.3225131498129274,1.1251733240321422,0.9629439783554492,0.7304226662537465,0.5476006468083707,0.3700362814364807,0.19577622293954494,0.1465376194985471,5.166794694897333,3.111383873141175,1.7178085216380523,1.2409810655368712,0.9739139607822253,0.865741940262049,0.5743902267863901,0.24333774306930475,0.07281924898881711,0.06162276513675424,0.028133025529872548,4.05566905403547,3.7337108450642993,3.3505347483861025,2.888994895942689,2.834611433839625,2.5686179002848393,2.456652731118308,2.1207665962950992,1.8522028628092857,1.203131629842451,1.0055206333604811,0.9671906651521323,0.9436863680090353,0.911238661041342,0.9093054367686673,0.7630184261960072,4.064407880441613,1.3159548290395333,1.3064905204964155,0.9705126675157743,0.8224159897962332,0.47889828620395186,0.43649143025785886,0.3843485195257514,0.26102459359808744,0.23729520851605965,0.07535439433379064,1.6322929795524437,0.6127914682161617,0.477583304511928,0.45164256239567374,0.25712643983418415,1.470199536991861,1.2861781880947514,1.0850670489348027,0.951156186698496,0.9318445662943654,0.5415638482989596,2.4419312370326316,2.405458604583286,1.6416710739293738,1.5092860749962869,0.9323524917964934,0.7777942755750592,0.5374284221754025,0.48757328464628114,0.45479636372194665,0.06661192624234223,6.492946993117907,3.828473893285481,1.0067943552002925,0.5020132422644105,0.49394550099287393,0.41495634605170956,0.40151405430471127,0.049322406086463794,0.02520255182331962,2.6014419312680634,0.920230646024223,0.8705077523012411,0.46073826153080655,0.17992120753408947,0.12601755037079518,0.02883128381706822
2026-09-18 13:30:00+01:00,12.298336063731963,4.70502800041388,3.861958498945847,3.3204742514100607,2.7149760891513055,2.5069718309938076,1.4982365024524826,1.4838532954638972,1.0358157556535712,1.0330751476016353,0.9995438016893052,0.45409693432814036,0.4480992087470365,0.3585146296343753,0.26324301222857605,0.24985425830770389,0.19874366246963018,0.1898664407927595,0.039447932342459795,0.0027810176394565847,0.0018099953255347836,7.72374786638398,4.635202934657953,2.8610801493061713,2.364578209498574,1.3585453743931624,1.3150935372391204,0.382730521570548,6.158280766758864,5.337545995656799,4.028097222321068,2.073832061456532,1.9137176887297556,1.632504669901301,0.549091195245988,0.40433999675408894,0.3516411885733893,0.22549679374535433,0.21558132284708212,0.12941597876969974,4.951511670551975,3.0032510811242017,2.0691582944899385,1.5141438032724273,0.8135048505496975,0.8001645001110452,0.301793871252711,0.1865782453992753,4.454505565664568,3.5103690065867794,3.219421412173092,2.9215316432426457,2.4334586887654552,2.0589221176350403,2.026499159039661,2.001803436838075,1.9845511673404361,1.5570873438926955,1.1371359558821656,1.0590608711392546,1.0507825863085636,0.75272862508803,0.5920231435321408,0.3144727251678968,2.1945038709027376,1.543659581538242,1.4076302541217078,1.034846718339049,0.47621508941827023,0.2818950163518898,5.547863187150787,3.52861545663247,2.2065310634943596,2.096271892849084,1.544362053993456,1.271214643369871,1.1464285767633031,0.8076971447082276,0.6930489738774428,0.5408994038432822,0.5140286086660896,0.09754500426083758,0.09668494775976405,0.035741816226108725,2.545772706870444,2.3827736448814014,1.9045121450620213,1.7621648059256032,1.6002971834274573,0.6703075096568569,0.3536302757523354,0.06062205163212001,0.021313148290638004,6.640820736388718,2.7884197908139217,2.4928678596010476,1.5461660797850576,0.4991333176251478,0.48961798590079214,0.2647174599524331,0.048449010818527864,0.03566350929202266,2.527873799974066,1.8334966718066972,0.9241553028891559,0.7428226555273254,0.6986352901532971,0.6830972026399856,0.28206270889871,0.158046639589261,0.12780438788031598,0.04684871813109761,0.009433177924063152,1.2872202191239432,0.9864967684274301,0.9503465375449298,0.6982406178172648,0.4638668949669935,0.3485066444921433,0.2567259727614524,0.15890573545943987,0.14192206711743321,0.06497349006100513,0.03503001358418784,4.3879639739049425,3.6423011186145913,3.3912739067805155,2.3573228422130144,2.2279595261769924,1.7837091696145944,1.243236487557605,1.1719011798790606,0.747910766403183,0.6790649491540303,0.27610458371129587,0.26943876077350476,0.264277925491567,2.882459749552866,1.9686764394864926,1.8594525148587229,1.4232801964372823,1.4096855064634592,1.2425597873493353,1.2049693536560429,0.4851282316919804,0.39036891195387396,0.3902358975535806,0.14222868308025544,0.08030691725261269,0.05946530630733108,3.6833381615641465,2.560919736788893,2.39484804043623,2.1523815074744506,1.3274821253841527,0.4991001706010774,0.35901434374412433,0.32260139079543154,0.24673110406901486,0.14964011038724379,0.056854832383257364,0.028881045297052942,6.667759630578977,3.045866544446822,2.7365005485894294,1.9381312287239862,1.9373649298974278,1.7718719755418448,1.2352515908539423,0.8202234956325241,0.7091167893867205,0.5473418856017345,0.3915485098554967,0.33658980740059946,0.3092537818999771,0.17144875500146403,0.1323775985417863,0.05387105287122006,4.426640041036902,3.4615290809528507,1.8051197526170104,1.7922033878133312,1.5871830660791582,1.2141325335572422,1.0329648055230363,0.8840302361301811,0.6705641622328984,0.502724499019974,0.3397116224909565,0.17973226323041108,0.1345287880490147,4.24225439232012,2.554636419957347,1.4104258396953324,1.0189213403929347,0.7996429163230719,0.7108270727922543,0.471609499966542,0.1997951670834746,0.05978905629312995,0.050596058389252754,0.0230989342853553,4.116998579162604,3.79017174215401,3.4012012851036424,2.9326820614145803,2.877476216651316,2.6074603487091688,2.4938020506003418,2.152836670683158,1.880211736438208,1.2213252966679655,1.020726041427042,0.9818164502965474,0.9579567229240538,0.9250183441502343,0.92305588580421,0.7745567339618471,4.162679292654304,1.3477726837583304,1.3380795421370602,0.9939782381997673,0.8423008003568289,0.4904773432956299,0.447045151865523,0.3936415021462724,0.2673357848440656,0.2430326580875934,0.07717635289834518,1.624820377816419,0.6099861222111396,0.47539693853774445,0.4495749525743377,0.25594932058858794,1.477467536435955,1.2925364694850483,1.0904311281023138,0.9558582713218633,0.9364511830286264,0.5442410942437051,2.295519309585654,2.2612334825364733,1.5432406912376693,1.4187931569493333,0.8764510301526359,0.7311597277560339,0.5052055937999788,0.4583396423167523,0.427527941418081,0.0626180461673453,5.730328943979569,3.378807001692329,0.8885430360596689,0.44305013046585645,0.4359299720278119,0.36621835397523844,0.3543549037494954,0.04352932674231754,0.022242428950735,2.1169161608025395,0.7488351374750344,0.7083732705315967,0.3749244832304227,0.14641038391903063,0.1025464323144238,0.023461377290588198
2026-09-18 14:30:00+01:00,10.34993674535051,3.9596203858011583,3.250116598710753,2.794418552929879,2.284848181269178,2.1097975969025335,1.2608740686219988,1.2487695626338964,0.8717136607176678,0.8694072413911554,0.8411881955478293,0.3821553194024239,0.37710780077399264,0.30171591667113357,0.22153797969922456,0.21027037768688855,0.16725712522737546,0.15978630296703586,0.033198280024511764,0.0023404269087232326,0.0015232416020822602,6.895798366683384,4.138330947489179,2.5543857932499368,2.1111065297615923,1.2129156901378195,1.174121685872049,0.3417036070031208,4.426755947276084,3.836787307209595,2.8955164615693265,1.4907323584949492,1.3756373703712304,1.1734930624549968,0.3947031332628566,0.29065165313902974,0.2527701775513143,0.1620938230345259,0.15496628672505836,0.09302806666166998,4.252166262087559,2.579075598202262,1.7769129260212244,1.3002879978077948,0.6986064276339253,0.6871502518569351,0.2591688766639864,0.1602261638692353,3.3208578468351915,2.6169989663199775,2.4000959705365683,2.178017546329457,1.8141565348634618,1.5349375075594462,1.5107660176192343,1.4923552239525832,1.4794935642930782,1.1608169858470887,0.8477409684067471,0.7895355729955649,0.7833640671498345,0.5611632367077575,0.4413564362475851,0.2344411072328865,1.216525398041004,0.8557292205176746,0.7803212279072194,0.5736683050009689,0.26399030728042394,0.15626878198769745,5.2955847357855665,3.3681584278931225,2.106193290047301,2.000947943982925,1.4741351478521798,1.213408592506017,1.0942969332475563,0.7709686642166693,0.6615338993429806,0.5163030395598228,0.490654142321634,0.09310933204196728,0.09228838496282037,0.034116525597567865,2.2433737513060565,2.0997364909305034,1.6782851602364843,1.5528465131313902,1.4102062944981022,0.5906852046961044,0.31162439449088053,0.05342107683643242,0.018781471458105353,6.035804540061718,2.5343790325147326,2.2657535479471798,1.4053016358232582,0.45365945930596324,0.4450110279294989,0.24060020742005106,0.044035032877426036,0.03241436259825635,1.8026692546994976,1.3074972646552594,0.6590306648626503,0.5297193090996405,0.49820855685925913,0.4871280857386819,0.2011436540994156,0.11270571260284278,0.09113945508272536,0.03340860758075778,0.0067269575791295945,0.8302063128873213,0.6362515384887186,0.6129360642247954,0.45033768131824253,0.29917586658414447,0.2247730512945708,0.1655781350402903,0.10248793700755796,0.09153414024144235,0.04190534052959449,0.022592978253491155,3.1271804689938216,2.5957671913585876,2.416867045709738,1.6799987409015218,1.587805086232085,1.2712001535919593,0.8860202329261068,0.8351815336458375,0.5330153016650317,0.4839507933067568,0.19677209446486188,0.19202154696155574,0.18834356250376455,2.116893114839373,1.4458059998034376,1.3655913934915447,1.0452642222645732,1.035280212736452,0.912542233772427,0.8849356278930213,0.3562806431702155,0.28668891632942367,0.28659122987666436,0.10445346894851476,0.058977808877436026,0.04367162369338568,2.1111909283216654,1.4678507047999865,1.3726628498130726,1.233687517558177,0.7608772525599613,0.28607087003093234,0.2057774204821002,0.18490648966698367,0.141419670363389,0.08576970935203117,0.032587669416649465,0.01655384277985832,5.723334704073614,2.6144484300037028,2.348901193982964,1.6636133179626382,1.6629555580986473,1.520903111486871,1.0602899159372705,0.7040466150161102,0.6086771201717521,0.4698160975226223,0.33608937618371915,0.2889150528010305,0.2654509161063537,0.14716466457038266,0.11362756694190286,0.046240729049206286,4.515221904312532,3.53079802826526,1.841242154628493,1.8280673193708237,1.6189443188689574,1.2384286410087235,1.0536355504499146,0.901720638959968,0.6839828776436365,0.5127845609235089,0.3465096201184274,0.18332890054903225,0.1372208548534352,4.225341981562335,2.544451962243229,1.4048029564501634,1.0148592510779246,0.7964550147476993,0.7079932494707252,0.4697293549202791,0.19899865239561124,0.05955069786731742,0.05039434928765974,0.02300684677042262,2.8317210318835992,2.6069256110580055,2.339387062566464,2.0171339176960696,1.9791626751286668,1.7934425206297055,1.7152669791486286,1.480746898830297,1.2932321972162069,0.8400421964803307,0.7020676212835015,0.6753051375401566,0.6588941307067655,0.6362387184843633,0.6348889160820116,0.5327494172691588,3.5502928472719555,1.1494970864893637,1.141229937149678,0.8477505907437864,0.7183869562172001,0.4183214898933696,0.38127876146416784,0.33573151117490135,0.22800707381579724,0.20727926582873776,0.06582266718386028,1.6412318015405891,0.6161472590691864,0.48019866351733953,0.4541158637687102,0.2585345249652944,1.2708055210696558,1.1117418427803685,0.937906156152421,0.8221567909953031,0.8054642855136432,0.46811491305336833,2.299927016823956,2.265575356354239,1.5462039218830426,1.4215174315138837,0.8781339345540449,0.7325636532255028,0.5061756568019862,0.4592197163595208,0.4283488528319366,0.06273828127675501,6.26026065818101,3.6912737036682834,0.9707140839775303,0.4840227024438781,0.47624408306871346,0.40008564536311314,0.38712508211367946,0.047554849703407995,0.024299373432822798,1.956786985161487,0.6921912535672877,0.6547900299873051,0.34656419691441903,0.13533551259613594,0.09478954709832979,0.02168669623589714
2026-09-18 15:30:00+01:00,6.159060152674735,2.3562984719555957,1.9340856014080139,1.6629079368023276,1.3596718254812636,1.25550238895216,0.7503233521769342,0.7431201796036694,0.5187410323720377,0.5173685239481903,0.5005758801788254,0.22741371834195154,0.22441003130316647,0.17954568472427676,0.13183324465074783,0.12512809849596077,0.09953168995951864,0.09508593876088997,0.01975569596868908,0.0013927457209089251,0.0009064535257663118,4.311233610586294,2.5872727889991602,1.5969947641551874,1.3198578239482126,0.7583114546089411,0.7340575530030189,0.2136321274252919,2.3542328856588046,2.040476358193906,1.539890645877476,0.7927997802192008,0.7315900796523335,0.6240858975801393,0.20991062246649617,0.1545740691921466,0.13442798103005646,0.0862045735737597,0.0824140143982983,0.04947409263863444,2.5992253255793427,1.5765137575170798,1.0861750914688377,0.7948281619612934,0.42703775144181333,0.4200349250285247,0.1584223819828406,0.09794158489580873,1.6985598634550836,1.3385485353222228,1.2276065016992008,1.1140173282701005,0.9279088772440179,0.7850932992319829,0.7727300110257503,0.7633132167458239,0.7567347060468868,0.5937372907593251,0.4336044630499676,0.4038334360919223,0.4006768203588441,0.2870250383125314,0.22574598572539417,0.11991246643371088,0.6831590190534136,0.48054823664642665,0.43820168938691,0.3221524820916947,0.14824791956807537,0.08775519852137835,3.847984057587157,2.4474388723076363,1.5304444375200414,1.453968951998255,1.0711656654895547,0.8817113033334895,0.7951599990361524,0.5602167233312946,0.4806970382370129,0.37516647626926725,0.35652895981139854,0.06765697145566119,0.06706043841345855,0.024790434512843417,1.457043191933344,1.363752587897207,1.0900252200159228,1.0085543876753906,0.9159113497801139,0.383642652312016,0.2023961465043207,0.03469632122822002,0.012198330798241314,2.9041255653664764,1.2194157202743898,1.0901666479984988,0.6761604655282497,0.2182781143750074,0.21411692418171946,0.11576471848339584,0.021187443016466304,0.015596160956148627,0.9022063906024367,0.6543809324932562,0.3298340368828067,0.2651158245747477,0.24934520998760246,0.243799615958188,0.10066909927293904,0.05640736030894192,0.04561380219765584,0.016720460052175916,0.0033667319178935728,0.7746932984184828,0.5937076065603923,0.5719511571317051,0.4202251637056767,0.27917101483512263,0.20974325754929726,0.1545064998774022,0.09563492439892683,0.08541357000156567,0.03910327586322196,0.02108226421866493,1.9196547512344566,1.5934407596224591,1.483620901767614,1.0312860408971436,0.9746919335296219,0.7803404500661701,0.5438934422526994,0.5126855373723811,0.3271974120032683,0.29707861408904046,0.12079075377807169,0.11787457699323112,0.11561680504518711,2.113269983568962,1.4433314559107324,1.36325413950093,1.0434752186238223,1.0335082970520422,0.91098038812251,0.8834210318450471,0.3556708572862409,0.2861982389445562,0.28610071968533124,0.10427469344634258,0.05887686644340087,0.043596878292059583,1.6890437313982127,1.1743438257106418,1.0981894392863398,0.9870031838818022,0.6087345945643854,0.22886902519304492,0.16463080504276853,0.1479331608890289,0.11314183123815034,0.06861946401032584,0.026071540006486198,0.01324378766637595,3.664103595055374,1.6737811759716075,1.5037766886457005,1.065052430847752,1.0646313301421413,0.9736887403358598,0.6788021832833812,0.45073368351688065,0.3896777210429214,0.3007782946404082,0.2151658701103363,0.18496466454781937,0.16994282290073853,0.09421545382164352,0.07274485908239596,0.029603514438284545,2.8470814086133647,2.2263511377461946,1.160998599468866,1.152691183063079,1.0208282936060529,0.7808934387793042,0.6643718184204713,0.5685815938512041,0.4312866512472243,0.3233372403325043,0.21849227308243682,0.11559837267713385,0.0865248603516268,2.595074309076311,1.562723667506485,0.8627865099454756,0.6232951513257045,0.489158027001289,0.4348275478572241,0.28849323593019127,0.12221881509853814,0.03657419607629008,0.030950650084580516,0.014130093433219125,2.422830395598513,2.2304946491618933,2.001587733550773,1.7258668183623673,1.6933784907287117,1.5344756785064124,1.4675884124374319,1.2669322134065895,1.106493980410876,0.7187430344662376,0.600691506493403,0.5777934320203126,0.5637521173107677,0.5443680675617929,0.5432131719164777,0.4558222603370385,2.9435658911399374,0.9530538919781782,0.9461995563331743,0.7028743347255466,0.5956182861325546,0.3468324789396281,0.3161201640378468,0.27835670672482016,0.18904182677170453,0.1718562955455441,0.05457390877914402,1.2914291850033897,0.4848252098666839,0.3778519085992607,0.35732824534196794,0.20343197746824276,0.7829884301856821,0.6849836468428635,0.5778773043487736,0.5065600081797453,0.4962751625080413,0.28842222892583236,1.9150229664449647,1.8864202245954123,1.2874391228736752,1.1836195273318595,0.731173919861125,0.6099655380573511,0.42146468159227,0.3823670477540802,0.35666257443085686,0.052238722638330695,5.058225779995491,2.9825109254060203,0.7843269270526723,0.39108533099260606,0.38480028709354547,0.32326505813095774,0.3127930572461582,0.03842382607811122,0.01963364208725379,1.4001756427489378,0.49529628964124894,0.4685339068868597,0.24798342939120174,0.09683909887637225,0.06782650132116018,0.0155178790902947
2026-09-18 16:30:00+01:00,3.1872796811147026,1.2193714716431525,1.0008786383141894,0.8605456915748255,0.7036226753620133,0.6497155661258431,0.38828819907219864,0.3845605969684329,0.2684456250231359,0.26773535947887295,0.25904525888697494,0.11768534576874799,0.11613095428208756,0.0929139022136346,0.06822297746000641,0.06475310128274969,0.051507100949032644,0.04920644920811291,0.010223463773111112,0.0007207382339470547,0.00046908470333660736,2.071102262029254,1.2429172273627231,0.7671909637114016,0.6340553010219295,0.36429029619429304,0.35263880267380404,0.10262816221932211,1.360508473100315,1.1791889372519861,0.8899010306611834,0.4581580798700183,0.4227850644115869,0.36065852141156857,0.12130710695578091,0.089328176553213,0.07768577540789065,0.04981752378090647,0.047626963999238894,0.028591021153362307,1.2770898942486297,0.7745960952501263,0.5336756375249047,0.3905267478411984,0.20981851456354253,0.20637778214393404,0.07783843172887935,0.048122110486612905,0.8745042255648096,0.6891522491776015,0.6320336987611701,0.5735522673560361,0.4777342568535559,0.4042055993507478,0.39784035546924373,0.3929921151650609,0.3896051662986008,0.3056858817965129,0.22324143135564217,0.20791380621015199,0.20628862133651082,0.14777495585974532,0.1162254111077262,0.06173698133951671,0.4144200839713462,0.29151169058594223,0.265823294207158,0.1954251571837616,0.08993062165980957,0.053234335968428956,1.3732860461083793,0.8734531125242783,0.5461919693368832,0.5188990503526278,0.3822824729709481,0.31466913881217085,0.2837803158115519,0.19993269136094902,0.17155334459219332,0.13389111782113083,0.12723967620841395,0.024145727589181407,0.02393283416482217,0.008847322983660862,0.4294794714301434,0.40198104205436425,0.321296896296387,0.29728247434630234,0.269974922197384,0.11308288213089608,0.059658485418564125,0.01022712146363613,0.0035955918757680774,2.1029717417420635,0.8830185690850046,0.7894251136628123,0.48962977663454776,0.15806227934688372,0.15504902623797606,0.08382899643341876,0.015342516341154206,0.011293687215725665,0.5377366468427182,0.39002673009417316,0.1965889965482571,0.15801538984508062,0.14861572531701447,0.14531041827287228,0.0600011975614139,0.033620139588598406,0.027186920087249728,0.009965795205818634,0.002006652968992563,0.4923788923724578,0.37734816385799586,0.3635202186653324,0.26708634381482,0.17743527063888329,0.1333084370879982,0.09820110672092726,0.06078356201582946,0.054287082483873615,0.024853226040516548,0.0133994471436389,0.8696885526896799,0.7218991785588775,0.6721459230982546,0.4672182139731878,0.4415785788796517,0.35352875624475966,0.24640779822828998,0.2322692362757369,0.14823490708729878,0.13458975878657783,0.054723556808323366,0.05340239967537312,0.052379529069846234,1.1654055791873439,0.7959543950433765,0.7517941353340479,0.5754455658685846,0.5699491048875516,0.5023786052434507,0.4871804394556958,0.19614190551067578,0.15782982156226424,0.15777604258955244,0.057504393880230396,0.0324688417342338,0.024042382464975674,1.3622098969059717,0.9471056030202383,0.8856872649680257,0.7960158049007388,0.49094305487176876,0.18458234409070187,0.13277436681832389,0.1193077550909833,0.0912486274935514,0.055341440400640124,0.021026637241071174,0.010681084388930612,1.57462688633222,0.7192975780156192,0.6462391533297711,0.45769999386194016,0.45751902831997165,0.41843698729501283,0.29171123047433106,0.1937001392643518,0.16746169987848766,0.12925769626302921,0.092466262295098,0.07948747251891355,0.07303192476321176,0.0404885350118791,0.03126167368962126,0.012721935544440425,0.8871173729992559,0.6937050576482198,0.3617536275923547,0.3591651334959032,0.3180781945213759,0.24331729114119147,0.20701051275486895,0.1771633955906695,0.1343838921874824,0.10074811432115009,0.06807964490623014,0.03601910517278581,0.026960137698221465,1.5127944700641394,0.9109872939567694,0.5029600333703094,0.3633489240926353,0.28515389931104845,0.25348203229837263,0.16817667626691019,0.07124726524099818,0.021320869840889847,0.018042632586312866,0.008237115651178418,1.7011424401077762,1.5660977000353635,1.4053752368833146,1.2117832498814816,1.1889722132335427,1.0774017466359196,1.030438175756409,0.8895513944686265,0.7769028625446713,0.5046512053355359,0.4217636599592736,0.4056862298784528,0.395827398484101,0.3822172713579735,0.38140638422377277,0.32004658419915505,1.7547365289552055,0.5681403237314295,0.5640542751825552,0.41900175366224574,0.35506362101027644,0.20675590176368147,0.1884474884853701,0.16593570500321184,0.1126927716940861,0.1024480275547369,0.03253293277751214,0.7007757994530478,0.263083549593488,0.20503599918474186,0.19389912331585965,0.11038948809589434,0.4854625861480903,0.424698398910732,0.3582911315546699,0.31407351900694,0.3076967864966839,0.17882537692635694,1.2038839335164957,1.185902748971686,0.8093517950259685,0.7440853490109647,0.459654296658997,0.38345634706887644,0.26495481652395175,0.24037599212286054,0.224216811269391,0.03284000244052328,3.3572260958082785,1.9795406423742743,0.5205704414302943,0.25956964675020217,0.2553981616665043,0.21455623695413592,0.2076058009366658,0.025502513573118647,0.013031165163043968,0.8857518675568254,0.31332470023717346,0.2963948024577552,0.1568744513189538,0.06126046623255464,0.042907081355246415,0.009816618690612464
2026-09-18 17:30:00+01:00,1.0876909010085654,0.4161226460653205,0.34155979293522465,0.29366977870630623,0.2401182382171448,0.2217219008755311,0.13250721096183402,0.13123512965849876,0.09160974026951552,0.09136735508619691,0.08840177180253889,0.04016129507967941,0.03963084352041918,0.03170779351864885,0.023281769799696136,0.022097640032863575,0.017577310636259877,0.01679219034078812,0.0034888587244764828,0.00024595909286474125,0.00016007982187590412,0.6735341661894485,0.40420371013163825,0.24949483930607552,0.20619836901408053,0.11846926411915852,0.11468013254557065,0.033375258641366985,0.5428539573733098,0.470505986353287,0.3550777563804198,0.1828088039710855,0.16869468281307576,0.1439056863516062,0.04840252329953517,0.035642669711824636,0.030997256868004894,0.019877597578923732,0.01900354639155316,0.011408050214548235,0.43457898137472933,0.2635861293450243,0.1816036725249744,0.1328917541675989,0.07139882379715336,0.07022798218543096,0.026487521767169522,0.01637539992372926,0.35193829756111694,0.2773446511128438,0.25435767768829065,0.2308222220484199,0.19226091324495892,0.16266980346298,0.16010815421106128,0.15815701276549618,0.1567939581533602,0.12302121097065029,0.08984200075839317,0.08367350192023747,0.08301945728451036,0.0594710292610172,0.046774128841030604,0.02484562964250848,0.21785270405936183,0.1532421147413659,0.1397382165701233,0.10273126371127304,0.047274806082234985,0.027984271245716577,0.39605033055212646,0.25190046525072124,0.15751963009731015,0.14964845889005995,0.1102487717059929,0.09074935028596212,0.08184113440884849,0.057659807092681266,0.0494753143568306,0.03861367529461349,0.03669542551931738,0.006963533504338973,0.006902135872484499,0.0025515333838204437,0.23121260886630735,0.21640867988099854,0.17297193126824056,0.16004363662587712,0.14534246743360033,0.06087878451684831,0.032117470035776516,0.005505826452951979,0.0019357064384160178,0.973757983042203,0.4088720565064489,0.36553463424400434,0.22671769395156255,0.07318900357851449,0.0717937497995479,0.03881609670125086,0.007104183794109578,0.005229417907054023,0.30115041079826743,0.21842794364082083,0.11009637787666526,0.08849387491757259,0.08322975008878632,0.08137866818837612,0.033602666658671836,0.018828396590874097,0.01522557966001828,0.005581176841461399,0.001123792416770928,0.2549143665593417,0.19536066564248267,0.18820166280095008,0.1382759236939496,0.09186177620705491,0.06901643495228711,0.05084067027035651,0.03146886157899069,0.028105504639023525,0.012867010489722603,0.006937160860832131,0.4784315494355312,0.3971299167569915,0.3697597426574582,0.25702526880959636,0.24292043748023756,0.19448262265508795,0.1355534281033862,0.12777554706674357,0.08154672849133608,0.07404028331208012,0.03010442760624845,0.029377634949026104,0.02881493515590958,0.321267384347274,0.21942076743241265,0.20724710756474213,0.15863309313290852,0.1571178836006402,0.13849072232101411,0.13430104358881428,0.054070443860622014,0.04350895074714112,0.04349412549642621,0.01585223765897828,0.008950686390240836,0.00662776415862501,0.6547417483772332,0.455223222080399,0.4257026980186763,0.38260240291925857,0.23597017965476558,0.08871890225141735,0.06381756678450425,0.057344883736830755,0.04385835548387199,0.026599683006216398,0.010106384677561238,0.005133828408718371,0.4867733754558462,0.22236055604477034,0.19977558921961108,0.14149140529237123,0.14143546238394647,0.129353808504826,0.09017835370963519,0.05987962699887674,0.05176838882720996,0.039958167652121714,0.028584622175487295,0.02457241498944018,0.022576774753181456,0.012516451374015459,0.0096640991947889,0.003932804374834241,0.35799808924020654,0.2799461409426578,0.14598644034658634,0.14494184808772187,0.12836112709938197,0.09819120666428731,0.08353952957580131,0.0714946624146653,0.05423090347687394,0.04065711428870403,0.027473684468811092,0.014535585955670576,0.010879820501073922,0.5379573450288782,0.3239516773162502,0.1788551251090017,0.1292087103647901,0.10140216508822894,0.09013948940597026,0.059804474468030236,0.025335886935117256,0.007581808871118552,0.006416051165927959,0.0029291598786819243,0.5125443626448265,0.47185616476260467,0.4234314176651455,0.3651032734418354,0.3582304402420212,0.32461490497347445,0.3104650531230681,0.2680166820650557,0.23407633195881705,0.15204848477018687,0.12707494750814613,0.1222309109598492,0.11926050217202264,0.1151598497111187,0.11491553411497762,0.09642818181916447,0.6163289764217731,0.1995520913887954,0.19811691859893116,0.14716905797096574,0.12471159885875861,0.07262039126696922,0.06618979303781677,0.0582828142737465,0.03958190844166424,0.035983571845304915,0.011426780504023041,0.1750121955117628,0.06570265362091597,0.05120582132584604,0.04842449083687039,0.02756874122673879,0.1487188236368982,0.13010404527283398,0.10976053999780157,0.09621471482040152,0.09426123748840551,0.05478218188538223,0.41080742733468006,0.4046716164332862,0.2761792224871217,0.2539080217241171,0.15685016953607098,0.1308487563036,0.09041187734618554,0.08202472029722506,0.07651064096662098,0.011206160777351324,1.2562228210245578,0.7407139284426041,0.19478952260381485,0.09712700443381404,0.09556609831365502,0.080283672759325,0.07768292556743388,0.009542651769578558,0.004876063331806915,0.2558651858899844,0.09050941421240051,0.08561891202878373,0.04531597631154678,0.017696175593210493,0.0123944738352499,0.002835704962172731
2026-09-18 18:30:00+01:00,0.0,0.0,0.0,0.0,0.0,0.0,0.0,0.0,0.0,0.0,0.0,0.0,0.0,0.0,0.0,0.0,0.0,0.0,0.0,0.0,0.0,0.0,0.0,0.0,0.0,0.0,0.0,0.0,0.0,0.0,0.0,0.0,0.0,0.0,0.0,0.0,0.0,0.0,0.0,0.0,0.0,0.0,0.0,0.0,0.0,0.0,0.0,0.0,0.0,0.0,0.0,0.0,0.0,0.0,0.0,0.0,0.0,0.0,0.0,0.0,0.0,0.0,0.0,0.0,0.0,0.0,0.0,0.0,0.0,0.0,0.0,0.0,0.0,0.0,0.0,0.0,0.0,0.0,0.0,0.0,0.0,0.0,0.0,0.0,0.0,0.0,0.0,0.0,0.0,0.0,0.0,0.0,0.0,0.0,0.0,0.0,0.0,0.0,0.0,0.0,0.0,0.0,0.0,0.0,0.0,0.0,0.0,0.0,0.0,0.0,0.0,0.0,0.0,0.0,0.0,0.0,0.0,0.0,0.0,0.0,0.0,0.0,0.0,0.0,0.0,0.0,0.0,0.0,0.0,0.0,0.0,0.0,0.0,0.0,0.0,0.0,0.0,0.0,0.0,0.0,0.0,0.0,0.0,0.0,0.0,0.0,0.0,0.0,0.0,0.0,0.0,0.0,0.0,0.0,0.0,0.0,0.0,0.0,0.0,0.0,0.0,0.0,0.0,0.0,0.0,0.0,0.0,0.0,0.0,0.0,0.0,0.0,0.0,0.0,0.0,0.0,0.0,0.0,0.0,0.0,0.0,0.0,0.0,0.0,0.0,0.0,0.0,0.0,0.0,0.0,0.0,0.0,0.0,0.0,0.0,0.0,0.0,0.0,0.0,0.0,0.0,0.0,0.0,0.0,0.0,0.0,0.0,0.0,0.0,0.0,0.0,0.0,0.0,0.0,0.0,0.0,0.0,0.0,0.0,0.0,0.0,0.0,0.0,0.0,0.0,0.0,0.0,0.0,0.0,0.0,0.0,0.0,0.0,0.0,0.0,0.0,0.0,0.0,0.0,0.0,0.0,0.0,0.0,0.0,0.0,0.0,0.0,0.0,0.0,0.0,0.0,0.0,0.0,0.0,0.0,0.0,0.0,0.0,0.0,0.0,0.0,0.0,0.0,0.0,0.0,0.0
2026-09-18 19:30:00+01:00,0.0,0.0,0.0,0.0,0.0,0.0,0.0,0.0,0.0,0.0,0.0,0.0,0.0,0.0,0.0,0.0,0.0,0.0,0.0,0.0,0.0,0.0,0.0,0.0,0.0,0.0,0.0,0.0,0.0,0.0,0.0,0.0,0.0,0.0,0.0,0.0,0.0,0.0,0.0,0.0,0.0,0.0,0.0,0.0,0.0,0.0,0.0,0.0,0.0,0.0,0.0,0.0,0.0,0.0,0.0,0.0,0.0,0.0,0.0,0.0,0.0,0.0,0.0,0.0,0.0,0.0,0.0,0.0,0.0,0.0,0.0,0.0,0.0,0.0,0.0,0.0,0.0,0.0,0.0,0.0,0.0,0.0,0.0,0.0,0.0,0.0,0.0,0.0,0.0,0.0,0.0,0.0,0.0,0.0,0.0,0.0,0.0,0.0,0.0,0.0,0.0,0.0,0.0,0.0,0.0,0.0,0.0,0.0,0.0,0.0,0.0,0.0,0.0,0.0,0.0,0.0,0.0,0.0,0.0,0.0,0.0,0.0,0.0,0.0,0.0,0.0,0.0,0.0,0.0,0.0,0.0,0.0,0.0,0.0,0.0,0.0,0.0,0.0,0.0,0.0,0.0,0.0,0.0,0.0,0.0,0.0,0.0,0.0,0.0,0.0,0.0,0.0,0.0,0.0,0.0,0.0,0.0,0.0,0.0,0.0,0.0,0.0,0.0,0.0,0.0,0.0,0.0,0.0,0.0,0.0,0.0,0.0,0.0,0.0,0.0,0.0,0.0,0.0,0.0,0.0,0.0,0.0,0.0,0.0,0.0,0.0,0.0,0.0,0.0,0.0,0.0,0.0,0.0,0.0,0.0,0.0,0.0,0.0,0.0,0.0,0.0,0.0,0.0,0.0,0.0,0.0,0.0,0.0,0.0,0.0,0.0,0.0,0.0,0.0,0.0,0.0,0.0,0.0,0.0,0.0,0.0,0.0,0.0,0.0,0.0,0.0,0.0,0.0,0.0,0.0,0.0,0.0,0.0,0.0,0.0,0.0,0.0,0.0,0.0,0.0,0.0,0.0,0.0,0.0,0.0,0.0,0.0,0.0,0.0,0.0,0.0,0.0,0.0,0.0,0.0,0.0,0.0,0.0,0.0,0.0,0.0,0.0,0.0,0.0,0.0,0.0
2026-09-18 20:30:00+01:00,0.0,0.0,0.0,0.0,0.0,0.0,0.0,0.0,0.0,0.0,0.0,0.0,0.0,0.0,0.0,0.0,0.0,0.0,0.0,0.0,0.0,0.0,0.0,0.0,0.0,0.0,0.0,0.0,0.0,0.0,0.0,0.0,0.0,0.0,0.0,0.0,0.0,0.0,0.0,0.0,0.0,0.0,0.0,0.0,0.0,0.0,0.0,0.0,0.0,0.0,0.0,0.0,0.0,0.0,0.0,0.0,0.0,0.0,0.0,0.0,0.0,0.0,0.0,0.0,0.0,0.0,0.0,0.0,0.0,0.0,0.0,0.0,0.0,0.0,0.0,0.0,0.0,0.0,0.0,0.0,0.0,0.0,0.0,0.0,0.0,0.0,0.0,0.0,0.0,0.0,0.0,0.0,0.0,0.0,0.0,0.0,0.0,0.0,0.0,0.0,0.0,0.0,0.0,0.0,0.0,0.0,0.0,0.0,0.0,0.0,0.0,0.0,0.0,0.0,0.0,0.0,0.0,0.0,0.0,0.0,0.0,0.0,0.0,0.0,0.0,0.0,0.0,0.0,0.0,0.0,0.0,0.0,0.0,0.0,0.0,0.0,0.0,0.0,0.0,0.0,0.0,0.0,0.0,0.0,0.0,0.0,0.0,0.0,0.0,0.0,0.0,0.0,0.0,0.0,0.0,0.0,0.0,0.0,0.0,0.0,0.0,0.0,0.0,0.0,0.0,0.0,0.0,0.0,0.0,0.0,0.0,0.0,0.0,0.0,0.0,0.0,0.0,0.0,0.0,0.0,0.0,0.0,0.0,0.0,0.0,0.0,0.0,0.0,0.0,0.0,0.0,0.0,0.0,0.0,0.0,0.0,0.0,0.0,0.0,0.0,0.0,0.0,0.0,0.0,0.0,0.0,0.0,0.0,0.0,0.0,0.0,0.0,0.0,0.0,0.0,0.0,0.0,0.0,0.0,0.0,0.0,0.0,0.0,0.0,0.0,0.0,0.0,0.0,0.0,0.0,0.0,0.0,0.0,0.0,0.0,0.0,0.0,0.0,0.0,0.0,0.0,0.0,0.0,0.0,0.0,0.0,0.0,0.0,0.0,0.0,0.0,0.0,0.0,0.0,0.0,0.0,0.0,0.0,0.0,0.0,0.0,0.0,0.0,0.0,0.0,0.0
2026-09-18 21:30:00+01:00,0.0,0.0,0.0,0.0,0.0,0.0,0.0,0.0,0.0,0.0,0.0,0.0,0.0,0.0,0.0,0.0,0.0,0.0,0.0,0.0,0.0,0.0,0.0,0.0,0.0,0.0,0.0,0.0,0.0,0.0,0.0,0.0,0.0,0.0,0.0,0.0,0.0,0.0,0.0,0.0,0.0,0.0,0.0,0.0,0.0,0.0,0.0,0.0,0.0,0.0,0.0,0.0,0.0,0.0,0.0,0.0,0.0,0.0,0.0,0.0,0.0,0.0,0.0,0.0,0.0,0.0,0.0,0.0,0.0,0.0,0.0,0.0,0.0,0.0,0.0,0.0,0.0,0.0,0.0,0.0,0.0,0.0,0.0,0.0,0.0,0.0,0.0,0.0,0.0,0.0,0.0,0.0,0.0,0.0,0.0,0.0,0.0,0.0,0.0,0.0,0.0,0.0,0.0,0.0,0.0,0.0,0.0,0.0,0.0,0.0,0.0,0.0,0.0,0.0,0.0,0.0,0.0,0.0,0.0,0.0,0.0,0.0,0.0,0.0,0.0,0.0,0.0,0.0,0.0,0.0,0.0,0.0,0.0,0.0,0.0,0.0,0.0,0.0,0.0,0.0,0.0,0.0,0.0,0.0,0.0,0.0,0.0,0.0,0.0,0.0,0.0,0.0,0.0,0.0,0.0,0.0,0.0,0.0,0.0,0.0,0.0,0.0,0.0,0.0,0.0,0.0,0.0,0.0,0.0,0.0,0.0,0.0,0.0,0.0,0.0,0.0,0.0,0.0,0.0,0.0,0.0,0.0,0.0,0.0,0.0,0.0,0.0,0.0,0.0,0.0,0.0,0.0,0.0,0.0,0.0,0.0,0.0,0.0,0.0,0.0,0.0,0.0,0.0,0.0,0.0,0.0,0.0,0.0,0.0,0.0,0.0,0.0,0.0,0.0,0.0,0.0,0.0,0.0,0.0,0.0,0.0,0.0,0.0,0.0,0.0,0.0,0.0,0.0,0.0,0.0,0.0,0.0,0.0,0.0,0.0,0.0,0.0,0.0,0.0,0.0,0.0,0.0,0.0,0.0,0.0,0.0,0.0,0.0,0.0,0.0,0.0,0.0,0.0,0.0,0.0,0.0,0.0,0.0,0.0,0.0,0.0,0.0,0.0,0.0,0.0,0.0
2026-09-18 22:30:00+01:00,0.0,0.0,0.0,0.0,0.0,0.0,0.0,0.0,0.0,0.0,0.0,0.0,0.0,0.0,0.0,0.0,0.0,0.0,0.0,0.0,0.0,0.0,0.0,0.0,0.0,0.0,0.0,0.0,0.0,0.0,0.0,0.0,0.0,0.0,0.0,0.0,0.0,0.0,0.0,0.0,0.0,0.0,0.0,0.0,0.0,0.0,0.0,0.0,0.0,0.0,0.0,0.0,0.0,0.0,0.0,0.0,0.0,0.0,0.0,0.0,0.0,0.0,0.0,0.0,0.0,0.0,0.0,0.0,0.0,0.0,0.0,0.0,0.0,0.0,0.0,0.0,0.0,0.0,0.0,0.0,0.0,0.0,0.0,0.0,0.0,0.0,0.0,0.0,0.0,0.0,0.0,0.0,0.0,0.0,0.0,0.0,0.0,0.0,0.0,0.0,0.0,0.0,0.0,0.0,0.0,0.0,0.0,0.0,0.0,0.0,0.0,0.0,0.0,0.0,0.0,0.0,0.0,0.0,0.0,0.0,0.0,0.0,0.0,0.0,0.0,0.0,0.0,0.0,0.0,0.0,0.0,0.0,0.0,0.0,0.0,0.0,0.0,0.0,0.0,0.0,0.0,0.0,0.0,0.0,0.0,0.0,0.0,0.0,0.0,0.0,0.0,0.0,0.0,0.0,0.0,0.0,0.0,0.0,0.0,0.0,0.0,0.0,0.0,0.0,0.0,0.0,0.0,0.0,0.0,0.0,0.0,0.0,0.0,0.0,0.0,0.0,0.0,0.0,0.0,0.0,0.0,0.0,0.0,0.0,0.0,0.0,0.0,0.0,0.0,0.0,0.0,0.0,0.0,0.0,0.0,0.0,0.0,0.0,0.0,0.0,0.0,0.0,0.0,0.0,0.0,0.0,0.0,0.0,0.0,0.0,0.0,0.0,0.0,0.0,0.0,0.0,0.0,0.0,0.0,0.0,0.0,0.0,0.0,0.0,0.0,0.0,0.0,0.0,0.0,0.0,0.0,0.0,0.0,0.0,0.0,0.0,0.0,0.0,0.0,0.0,0.0,0.0,0.0,0.0,0.0,0.0,0.0,0.0,0.0,0.0,0.0,0.0,0.0,0.0,0.0,0.0,0.0,0.0,0.0,0.0,0.0,0.0,0.0,0.0,0.0,0.0
2026-09-18 23:30:00+01:00,0.0,0.0,0.0,0.0,0.0,0.0,0.0,0.0,0.0,0.0,0.0,0.0,0.0,0.0,0.0,0.0,0.0,0.0,0.0,0.0,0.0,0.0,0.0,0.0,0.0,0.0,0.0,0.0,0.0,0.0,0.0,0.0,0.0,0.0,0.0,0.0,0.0,0.0,0.0,0.0,0.0,0.0,0.0,0.0,0.0,0.0,0.0,0.0,0.0,0.0,0.0,0.0,0.0,0.0,0.0,0.0,0.0,0.0,0.0,0.0,0.0,0.0,0.0,0.0,0.0,0.0,0.0,0.0,0.0,0.0,0.0,0.0,0.0,0.0,0.0,0.0,0.0,0.0,0.0,0.0,0.0,0.0,0.0,0.0,0.0,0.0,0.0,0.0,0.0,0.0,0.0,0.0,0.0,0.0,0.0,0.0,0.0,0.0,0.0,0.0,0.0,0.0,0.0,0.0,0.0,0.0,0.0,0.0,0.0,0.0,0.0,0.0,0.0,0.0,0.0,0.0,0.0,0.0,0.0,0.0,0.0,0.0,0.0,0.0,0.0,0.0,0.0,0.0,0.0,0.0,0.0,0.0,0.0,0.0,0.0,0.0,0.0,0.0,0.0,0.0,0.0,0.0,0.0,0.0,0.0,0.0,0.0,0.0,0.0,0.0,0.0,0.0,0.0,0.0,0.0,0.0,0.0,0.0,0.0,0.0,0.0,0.0,0.0,0.0,0.0,0.0,0.0,0.0,0.0,0.0,0.0,0.0,0.0,0.0,0.0,0.0,0.0,0.0,0.0,0.0,0.0,0.0,0.0,0.0,0.0,0.0,0.0,0.0,0.0,0.0,0.0,0.0,0.0,0.0,0.0,0.0,0.0,0.0,0.0,0.0,0.0,0.0,0.0,0.0,0.0,0.0,0.0,0.0,0.0,0.0,0.0,0.0,0.0,0.0,0.0,0.0,0.0,0.0,0.0,0.0,0.0,0.0,0.0,0.0,0.0,0.0,0.0,0.0,0.0,0.0,0.0,0.0,0.0,0.0,0.0,0.0,0.0,0.0,0.0,0.0,0.0,0.0,0.0,0.0,0.0,0.0,0.0,0.0,0.0,0.0,0.0,0.0,0.0,0.0,0.0,0.0,0.0,0.0,0.0,0.0,0.0,0.0,0.0,0.0,0.0,0.0
2026-09-19 00:30:00+01:00,0.0,0.0,0.0,0.0,0.0,0.0,0.0,0.0,0.0,0.0,0.0,0.0,0.0,0.0,0.0,0.0,0.0,0.0,0.0,0.0,0.0,0.0,0.0,0.0,0.0,0.0,0.0,0.0,0.0,0.0,0.0,0.0,0.0,0.0,0.0,0.0,0.0,0.0,0.0,0.0,0.0,0.0,0.0,0.0,0.0,0.0,0.0,0.0,0.0,0.0,0.0,0.0,0.0,0.0,0.0,0.0,0.0,0.0,0.0,0.0,0.0,0.0,0.0,0.0,0.0,0.0,0.0,0.0,0.0,0.0,0.0,0.0,0.0,0.0,0.0,0.0,0.0,0.0,0.0,0.0,0.0,0.0,0.0,0.0,0.0,0.0,0.0,0.0,0.0,0.0,0.0,0.0,0.0,0.0,0.0,0.0,0.0,0.0,0.0,0.0,0.0,0.0,0.0,0.0,0.0,0.0,0.0,0.0,0.0,0.0,0.0,0.0,0.0,0.0,0.0,0.0,0.0,0.0,0.0,0.0,0.0,0.0,0.0,0.0,0.0,0.0,0.0,0.0,0.0,0.0,0.0,0.0,0.0,0.0,0.0,0.0,0.0,0.0,0.0,0.0,0.0,0.0,0.0,0.0,0.0,0.0,0.0,0.0,0.0,0.0,0.0,0.0,0.0,0.0,0.0,0.0,0.0,0.0,0.0,0.0,0.0,0.0,0.0,0.0,0.0,0.0,0.0,0.0,0.0,0.0,0.0,0.0,0.0,0.0,0.0,0.0,0.0,0.0,0.0,0.0,0.0,0.0,0.0,0.0,0.0,0.0,0.0,0.0,0.0,0.0,0.0,0.0,0.0,0.0,0.0,0.0,0.0,0.0,0.0,0.0,0.0,0.0,0.0,0.0,0.0,0.0,0.0,0.0,0.0,0.0,0.0,0.0,0.0,0.0,0.0,0.0,0.0,0.0,0.0,0.0,0.0,0.0,0.0,0.0,0.0,0.0,0.0,0.0,0.0,0.0,0.0,0.0,0.0,0.0,0.0,0.0,0.0,0.0,0.0,0.0,0.0,0.0,0.0,0.0,0.0,0.0,0.0,0.0,0.0,0.0,0.0,0.0,0.0,0.0,0.0,0.0,0.0,0.0,0.0,0.0,0.0,0.0,0.0,0.0,0.0,0.0
2026-09-19 01:30:00+01:00,0.0,0.0,0.0,0.0,0.0,0.0,0.0,0.0,0.0,0.0,0.0,0.0,0.0,0.0,0.0,0.0,0.0,0.0,0.0,0.0,0.0,0.0,0.0,0.0,0.0,0.0,0.0,0.0,0.0,0.0,0.0,0.0,0.0,0.0,0.0,0.0,0.0,0.0,0.0,0.0,0.0,0.0,0.0,0.0,0.0,0.0,0.0,0.0,0.0,0.0,0.0,0.0,0.0,0.0,0.0,0.0,0.0,0.0,0.0,0.0,0.0,0.0,0.0,0.0,0.0,0.0,0.0,0.0,0.0,0.0,0.0,0.0,0.0,0.0,0.0,0.0,0.0,0.0,0.0,0.0,0.0,0.0,0.0,0.0,0.0,0.0,0.0,0.0,0.0,0.0,0.0,0.0,0.0,0.0,0.0,0.0,0.0,0.0,0.0,0.0,0.0,0.0,0.0,0.0,0.0,0.0,0.0,0.0,0.0,0.0,0.0,0.0,0.0,0.0,0.0,0.0,0.0,0.0,0.0,0.0,0.0,0.0,0.0,0.0,0.0,0.0,0.0,0.0,0.0,0.0,0.0,0.0,0.0,0.0,0.0,0.0,0.0,0.0,0.0,0.0,0.0,0.0,0.0,0.0,0.0,0.0,0.0,0.0,0.0,0.0,0.0,0.0,0.0,0.0,0.0,0.0,0.0,0.0,0.0,0.0,0.0,0.0,0.0,0.0,0.0,0.0,0.0,0.0,0.0,0.0,0.0,0.0,0.0,0.0,0.0,0.0,0.0,0.0,0.0,0.0,0.0,0.0,0.0,0.0,0.0,0.0,0.0,0.0,0.0,0.0,0.0,0.0,0.0,0.0,0.0,0.0,0.0,0.0,0.0,0.0,0.0,0.0,0.0,0.0,0.0,0.0,0.0,0.0,0.0,0.0,0.0,0.0,0.0,0.0,0.0,0.0,0.0,0.0,0.0,0.0,0.0,0.0,0.0,0.0,0.0,0.0,0.0,0.0,0.0,0.0,0.0,0.0,0.0,0.0,0.0,0.0,0.0,0.0,0.0,0.0,0.0,0.0,0.0,0.0,0.0,0.0,0.0,0.0,0.0,0.0,0.0,0.0,0.0,0.0,0.0,0.0,0.0,0.0,0.0,0.0,0.0,0.0,0.0,0.0,0.0,0.0
2026-09-19 02:30:00+01:00,0.0,0.0,0.0,0.0,0.0,0.0,0.0,0.0,0.0,0.0,0.0,0.0,0.0,0.0,0.0,0.0,0.0,0.0,0.0,0.0,0.0,0.0,0.0,0.0,0.0,0.0,0.0,0.0,0.0,0.0,0.0,0.0,0.0,0.0,0.0,0.0,0.0,0.0,0.0,0.0,0.0,0.0,0.0,0.0,0.0,0.0,0.0,0.0,0.0,0.0,0.0,0.0,0.0,0.0,0.0,0.0,0.0,0.0,0.0,0.0,0.0,0.0,0.0,0.0,0.0,0.0,0.0,0.0,0.0,0.0,0.0,0.0,0.0,0.0,0.0,0.0,0.0,0.0,0.0,0.0,0.0,0.0,0.0,0.0,0.0,0.0,0.0,0.0,0.0,0.0,0.0,0.0,0.0,0.0,0.0,0.0,0.0,0.0,0.0,0.0,0.0,0.0,0.0,0.0,0.0,0.0,0.0,0.0,0.0,0.0,0.0,0.0,0.0,0.0,0.0,0.0,0.0,0.0,0.0,0.0,0.0,0.0,0.0,0.0,0.0,0.0,0.0,0.0,0.0,0.0,0.0,0.0,0.0,0.0,0.0,0.0,0.0,0.0,0.0,0.0,0.0,0.0,0.0,0.0,0.0,0.0,0.0,0.0,0.0,0.0,0.0,0.0,0.0,0.0,0.0,0.0,0.0,0.0,0.0,0.0,0.0,0.0,0.0,0.0,0.0,0.0,0.0,0.0,0.0,0.0,0.0,0.0,0.0,0.0,0.0,0.0,0.0,0.0,0.0,0.0,0.0,0.0,0.0,0.0,0.0,0.0,0.0,0.0,0.0,0.0,0.0,0.0,0.0,0.0,0.0,0.0,0.0,0.0,0.0,0.0,0.0,0.0,0.0,0.0,0.0,0.0,0.0,0.0,0.0,0.0,0.0,0.0,0.0,0.0,0.0,0.0,0.0,0.0,0.0,0.0,0.0,0.0,0.0,0.0,0.0,0.0,0.0,0.0,0.0,0.0,0.0,0.0,0.0,0.0,0.0,0.0,0.0,0.0,0.0,0.0,0.0,0.0,0.0,0.0,0.0,0.0,0.0,0.0,0.0,0.0,0.0,0.0,0.0,0.0,0.0,0.0,0.0,0.0,0.0,0.0,0.0,0.0,0.0,0.0,0.0,0.0
2026-09-19 03:30:00+01:00,0.0,0.0,0.0,0.0,0.0,0.0,0.0,0.0,0.0,0.0,0.0,0.0,0.0,0.0,0.0,0.0,0.0,0.0,0.0,0.0,0.0,0.0,0.0,0.0,0.0,0.0,0.0,0.0,0.0,0.0,0.0,0.0,0.0,0.0,0.0,0.0,0.0,0.0,0.0,0.0,0.0,0.0,0.0,0.0,0.0,0.0,0.0,0.0,0.0,0.0,0.0,0.0,0.0,0.0,0.0,0.0,0.0,0.0,0.0,0.0,0.0,0.0,0.0,0.0,0.0,0.0,0.0,0.0,0.0,0.0,0.0,0.0,0.0,0.0,0.0,0.0,0.0,0.0,0.0,0.0,0.0,0.0,0.0,0.0,0.0,0.0,0.0,0.0,0.0,0.0,0.0,0.0,0.0,0.0,0.0,0.0,0.0,0.0,0.0,0.0,0.0,0.0,0.0,0.0,0.0,0.0,0.0,0.0,0.0,0.0,0.0,0.0,0.0,0.0,0.0,0.0,0.0,0.0,0.0,0.0,0.0,0.0,0.0,0.0,0.0,0.0,0.0,0.0,0.0,0.0,0.0,0.0,0.0,0.0,0.0,0.0,0.0,0.0,0.0,0.0,0.0,0.0,0.0,0.0,0.0,0.0,0.0,0.0,0.0,0.0,0.0,0.0,0.0,0.0,0.0,0.0,0.0,0.0,0.0,0.0,0.0,0.0,0.0,0.0,0.0,0.0,0.0,0.0,0.0,0.0,0.0,0.0,0.0,0.0,0.0,0.0,0.0,0.0,0.0,0.0,0.0,0.0,0.0,0.0,0.0,0.0,0.0,0.0,0.0,0.0,0.0,0.0,0.0,0.0,0.0,0.0,0.0,0.0,0.0,0.0,0.0,0.0,0.0,0.0,0.0,0.0,0.0,0.0,0.0,0.0,0.0,0.0,0.0,0.0,0.0,0.0,0.0,0.0,0.0,0.0,0.0,0.0,0.0,0.0,0.0,0.0,0.0,0.0,0.0,0.0,0.0,0.0,0.0,0.0,0.0,0.0,0.0,0.0,0.0,0.0,0.0,0.0,0.0,0.0,0.0,0.0,0.0,0.0,0.0,0.0,0.0,0.0,0.0,0.0,0.0,0.0,0.0,0.0,0.0,0.0,0.0,0.0,0.0,0.0,0.0,0.0
2026-09-19 04:30:00+01:00,0.0,0.0,0.0,0.0,0.0,0.0,0.0,0.0,0.0,0.0,0.0,0.0,0.0,0.0,0.0,0.0,0.0,0.0,0.0,0.0,0.0,0.0,0.0,0.0,0.0,0.0,0.0,0.0,0.0,0.0,0.0,0.0,0.0,0.0,0.0,0.0,0.0,0.0,0.0,0.0,0.0,0.0,0.0,0.0,0.0,0.0,0.0,0.0,0.0,0.0,0.0,0.0,0.0,0.0,0.0,0.0,0.0,0.0,0.0,0.0,0.0,0.0,0.0,0.0,0.0,0.0,0.0,0.0,0.0,0.0,0.0,0.0,0.0,0.0,0.0,0.0,0.0,0.0,0.0,0.0,0.0,0.0,0.0,0.0,0.0,0.0,0.0,0.0,0.0,0.0,0.0,0.0,0.0,0.0,0.0,0.0,0.0,0.0,0.0,0.0,0.0,0.0,0.0,0.0,0.0,0.0,0.0,0.0,0.0,0.0,0.0,0.0,0.0,0.0,0.0,0.0,0.0,0.0,0.0,0.0,0.0,0.0,0.0,0.0,0.0,0.0,0.0,0.0,0.0,0.0,0.0,0.0,0.0,0.0,0.0,0.0,0.0,0.0,0.0,0.0,0.0,0.0,0.0,0.0,0.0,0.0,0.0,0.0,0.0,0.0,0.0,0.0,0.0,0.0,0.0,0.0,0.0,0.0,0.0,0.0,0.0,0.0,0.0,0.0,0.0,0.0,0.0,0.0,0.0,0.0,0.0,0.0,0.0,0.0,0.0,0.0,0.0,0.0,0.0,0.0,0.0,0.0,0.0,0.0,0.0,0.0,0.0,0.0,0.0,0.0,0.0,0.0,0.0,0.0,0.0,0.0,0.0,0.0,0.0,0.0,0.0,0.0,0.0,0.0,0.0,0.0,0.0,0.0,0.0,0.0,0.0,0.0,0.0,0.0,0.0,0.0,0.0,0.0,0.0,0.0,0.0,0.0,0.0,0.0,0.0,0.0,0.0,0.0,0.0,0.0,0.0,0.0,0.0,0.0,0.0,0.0,0.0,0.0,0.0,0.0,0.0,0.0,0.0,0.0,0.0,0.0,0.0,0.0,0.0,0.0,0.0,0.0,0.0,0.0,0.0,0.0,0.0,0.0,0.0,0.0,0.0,0.0,0.0,0.0,0.0,0.0
2026-09-19 05:30:00+01:00,0.0,0.0,0.0,0.0,0.0,0.0,0.0,0.0,0.0,0.0,0.0,0.0,0.0,0.0,0.0,0.0,0.0,0.0,0.0,0.0,0.0,0.0,0.0,0.0,0.0,0.0,0.0,0.0,0.0,0.0,0.0,0.0,0.0,0.0,0.0,0.0,0.0,0.0,0.0,0.0,0.0,0.0,0.0,0.0,0.0,0.0,0.0,0.0,0.0,0.0,0.0,0.0,0.0,0.0,0.0,0.0,0.0,0.0,0.0,0.0,0.0,0.0,0.0,0.0,0.0,0.0,0.0,0.0,0.0,0.0,0.0,0.0,0.0,0.0,0.0,0.0,0.0,0.0,0.0,0.0,0.0,0.0,0.0,0.0,0.0,0.0,0.0,0.0,0.0,0.0,0.0,0.0,0.0,0.0,0.0,0.0,0.0,0.0,0.0,0.0,0.0,0.0,0.0,0.0,0.0,0.0,0.0,0.0,0.0,0.0,0.0,0.0,0.0,0.0,0.0,0.0,0.0,0.0,0.0,0.0,0.0,0.0,0.0,0.0,0.0,0.0,0.0,0.0,0.0,0.0,0.0,0.0,0.0,0.0,0.0,0.0,0.0,0.0,0.0,0.0,0.0,0.0,0.0,0.0,0.0,0.0,0.0,0.0,0.0,0.0,0.0,0.0,0.0,0.0,0.0,0.0,0.0,0.0,0.0,0.0,0.0,0.0,0.0,0.0,0.0,0.0,0.0,0.0,0.0,0.0,0.0,0.0,0.0,0.0,0.0,0.0,0.0,0.0,0.0,0.0,0.0,0.0,0.0,0.0,0.0,0.0,0.0,0.0,0.0,0.0,0.0,0.0,0.0,0.0,0.0,0.0,0.0,0.0,0.0,0.0,0.0,0.0,0.0,0.0,0.0,0.0,0.0,0.0,0.0,0.0,0.0,0.0,0.0,0.0,0.0,0.0,0.0,0.0,0.0,0.0,0.0,0.0,0.0,0.0,0.0,0.0,0.0,0.0,0.0,0.0,0.0,0.0,0.0,0.0,0.0,0.0,0.0,0.0,0.0,0.0,0.0,0.0,0.0,0.0,0.0,0.0,0.0,0.0,0.0,0.0,0.0,0.0,0.0,0.0,0.0,0.0,0.0,0.0,0.0,0.0,0.0,0.0,0.0,0.0,0.0,0.0
2026-09-19 06:30:00+01:00,0.34647118012540645,0.13255098863608408,0.10879986624134207,0.09354506386069293,0.07648684868797345,0.07062691117923466,0.04220861801317146,0.04180341143290738,0.029181208367864305,0.029103999410400892,0.028159347635621466,0.01279290953773606,0.012623940414646186,0.010100145757762913,0.007416134722124743,0.007038944072321864,0.0055990461572573745,0.0053489552949910115,0.001111335029500875,7.834738443467982e-05,5.099154984948485e-05,0.20556081349679564,0.1233618836935316,0.07614515299374376,0.06293118687066668,0.0361565003368384,0.03500006758581738,0.010186039048026,0.20038204292915826,0.17367645473575352,0.13106878057311686,0.06747966208519562,0.06226975913915015,0.05311947168956073,0.01786667734470845,0.013156671099651098,0.011441923876663056,0.007337357602883459,0.007014721726012567,0.004211019145721329,0.14334969874326806,0.08694620277075027,0.05990356842564036,0.043835513777329436,0.023551529918839225,0.02316531751669876,0.008737141989169151,0.005401569671964869,0.1440155039352814,0.11349128517857525,0.10408486199409915,0.09445399622072068,0.07867445089070431,0.06656557096263717,0.06551732696510393,0.06471890684294239,0.06416113578415619,0.050341101879059,0.03676394726983933,0.03423975631120425,0.03397211687422582,0.024335942714753624,0.019140286188959035,0.010166997733271267,0.04080487674117373,0.028702997424692855,0.02617365126494646,0.019242068035388103,0.008854802346739986,0.00524159084370092,0.132392620369952,0.08420587004803337,0.052656026215697545,0.05002483290232341,0.0368542143580005,0.03033590267297574,0.027358043669176577,0.019274653654205946,0.016538722495689988,0.012907868672250779,0.012266631701380232,0.0023277860831176656,0.0023072619407583056,0.0008529324800069537,0.06091775650813256,0.057017354424904555,0.04557304224629419,0.042166814926121184,0.03829348704131793,0.016039778236544344,0.008462013507351523,0.0014506241544590746,0.0005100020023338563,0.08329472500451353,0.03497469196846476,0.03126763258346524,0.019393307474979034,0.0062605473152382955,0.006141198070503535,0.003320307670678339,0.0006076879941596665,0.0004473215461000901,0.0659788959153759,0.047855271126099434,0.024120961473469066,0.019388079687017338,0.018234765158096782,0.01782921253170567,0.0073619917704071626,0.004125104181760085,0.0033357647860309345,0.0012227772989981478,0.00024621112984729283,0.0537616184058327,0.041201701181230385,0.039691862469008764,0.029162489131885027,0.019373712926360382,0.01455561445875621,0.010722332960136983,0.006636804942423,0.0059274706086633894,0.00271366152213818,0.0014630520831516764,0.07466467587746801,0.06197663291831506,0.057705206461881306,0.04011171171848807,0.037910492629246464,0.030351221614616293,0.021154651664088905,0.019940825010517263,0.012726292943801657,0.011554826937928123,0.004698137763592709,0.004584713516705865,0.004496897824536458,0.10887807762376901,0.07436208128413428,0.07023640669463142,0.05376103230309114,0.05324752514640991,0.04693474765785748,0.0455148582185672,0.01832456785418592,0.014745259393201673,0.014740235089843245,0.005372351027326801,0.003033403249329638,0.0022461608482321842,0.14738504598440952,0.10247260952242593,0.09582741879324994,0.08612536605121315,0.05311785274967556,0.019970987829048225,0.01436559534879102,0.012908567916237224,0.009872695235659151,0.0059876974589730325,0.0022749885342278394,0.0011556457763238232,0.024212161070790203,0.011060238439920187,0.009936859713552664,0.007037798014041332,0.007035015407642039,0.006434072618918509,0.004485481201743397,0.0029784192128378844,0.0025749653367666534,0.001987523640504793,0.0014218022413663375,0.0012222346159862878,0.0011229712518090722,0.00062256966379597,0.0004806933536354582,0.00019561812084365387,0.015546180403745502,0.012156749829764571,0.006339507406157888,0.006294145656492887,0.00557412259643698,0.004263984246687505,0.0036277305289136204,0.0031046783578152163,0.0023549941584853165,0.0017655480641512462,0.0011930534490119551,0.0006312124235651517,0.0004724596509133211,0.1106167716922917,0.06661213767255648,0.036776849917564865,0.026568371167625164,0.020850686858948943,0.018534813981477858,0.01229721642345541,0.005209658435973462,0.001558999479533255,0.0013192920842997622,0.0006023046483973294,0.058235154348127705,0.05361217211183626,0.04811016520859431,0.041482936954328774,0.040702047471641266,0.03688265928296403,0.03527495687402627,0.030451984229016533,0.026595690664753976,0.017275708454385343,0.01443822178382867,0.013887843637823144,0.013550346580312856,0.013084431536868604,0.013056672463727088,0.010956144406254443,0.14826985353772473,0.048006114421457385,0.047660855854206645,0.03540436277606945,0.030001786715589486,0.01747023941583644,0.015923234660142626,0.014021058017270797,0.009522193490661034,0.008656544039585212,0.002748933015571539,0.04326652921864946,0.016243015375697643,0.012659107315814199,0.011971506565957328,0.006815546449892458,0.03962894532595088,0.0346686853131009,0.029247773295596007,0.02563823179827549,0.025117690790136777,0.014597749213459209,0.04033257414517171,0.03973016768497982,0.02711494054668802,0.0249283811120065,0.01539935909518617,0.012846571931911443,0.008876528280727509,0.008053087390821669,0.007511721780937591,0.001100207251284724,0.11644576979131993,0.06866059280972539,0.018056045095873573,0.009003202783401212,0.00885851434780532,0.007441907533975029,0.007200830868495112,0.0008845575900721149,0.00045198744897851576,0.05393224457825822,0.01907792123793244,0.018047082443041703,0.00955187517690567,0.003730067718564876,0.0026125547013220534,0.0005977207607972067
2026-09-19 07:30:00+01:00,2.506704357604496,0.9590008054886155,0.7871624379125652,0.6767945868603427,0.5533791204110583,0.510982719985693,0.3053775689619673,0.30244591646460717,0.21112481029277477,0.21056620674586624,0.20373169104559555,0.09255616029326295,0.09133367582284699,0.07307412805377028,0.05365542154993488,0.05092646312641948,0.04050886251417995,0.038699465686388254,0.008040462009567545,0.0005668400179727537,0.0003689217099166672,1.5297062075869101,0.9180127090154337,0.5666435700012471,0.46831020742370877,0.2690630673668845,0.26045733007775257,0.07580066889904055,1.3796571143782326,1.1957855747627195,0.9024260504945026,0.4646064812533764,0.42873560400479527,0.36573465345108225,0.12301445852431978,0.09058543679278364,0.0787791732625124,0.05051868655283753,0.04829729547222082,0.028993428943287717,0.9685913109745979,0.5874817824124595,0.40475896623516516,0.2961896545933446,0.1591339740476241,0.15652439774447582,0.05903549074502661,0.036497554551957384,0.6093920442422854,0.4802308389639495,0.440428183716693,0.3996758145544145,0.33290571603645386,0.28166779448485996,0.2772322195983633,0.27385375785561344,0.27149358664872975,0.21301503064055488,0.15556420224902226,0.14488325577931593,0.14375075726933997,0.10297592602371008,0.08099085035534608,0.04302097595873509,0.294590589360977,0.20722113637056536,0.18896053530016052,0.1389180072525308,0.06392719817651044,0.03784163705797629,0.9625808885747319,0.6122317164472462,0.3828437292190964,0.3637132339503857,0.2679542281534844,0.22056184150651506,0.198910860070258,0.14013933095055403,0.12024732308573119,0.09384864248038605,0.08918643055737444,0.01692452638249802,0.01677530245193224,0.006201376649280992,0.2937808339625469,0.27497082777581205,0.2197797017613299,0.20335289355060987,0.18467345488717224,0.07735313473465208,0.04080874818264502,0.0069957529346358635,0.0024595261243444974,1.0386774063966213,0.43613112764772594,0.3899044448996778,0.2418327248030642,0.0780684376791289,0.07658016379420066,0.04140392515410918,0.007577812276082607,0.005578057713779493,0.5074268345265766,0.36804266585595785,0.185508153120937,0.14910876829085504,0.14023892085699877,0.13711991920368943,0.056619198124499726,0.03172512252596003,0.025654514865963967,0.009404067854627307,0.0018935469063299183,0.3123397554376533,0.23937019852000205,0.23059846381205956,0.1694257909917753,0.11255577746301998,0.08456399184216985,0.06229371350411084,0.038557954430533135,0.03443692312791202,0.015765603813616837,0.008499917662347872,0.6643386354539138,0.5514451279551686,0.5134395571794267,0.35689915633615943,0.3373135240556183,0.27005392998563027,0.18822625632350468,0.177426076275382,0.11323384169706613,0.1028105710047798,0.04180228996321902,0.04079308301872156,0.04001173151050627,0.9828533824409371,0.6712740040103699,0.6340311235918211,0.4853062581174226,0.4806707772486678,0.42368469848393536,0.41086721337990034,0.16541772127434476,0.13310694297575884,0.13306158808285462,0.04849675429717056,0.027382836921618293,0.02027632040694167,0.8939943365002112,0.621568707649872,0.5812609353303149,0.5224111371986596,0.32219727047671665,0.1211381378228315,0.08713747583069902,0.0782995760008457,0.0598848653044864,0.03631961154027008,0.013799411274178688,0.007009807352797339,0.6340742934020457,0.2896483652634835,0.2602290346196067,0.18430766216251412,0.1842347905513726,0.16849714643852962,0.11746693387872707,0.07799960740033285,0.06743385366020901,0.05204977962472344,0.037234522309510736,0.03200819407392671,0.02940865959547366,0.016304014272448226,0.012588521018768992,0.005122897596291584,0.3597807188518171,0.2813401156467117,0.14671337090648892,0.14566357716429626,0.12900029348888056,0.09868014377836806,0.08395550955904059,0.07185066571781971,0.05450094294721704,0.040859563905146105,0.027610488001975443,0.014607965017809376,0.010933995902499622,0.6289891954731983,0.37877000243653736,0.2091205600000316,0.15107309813962314,0.11856119602691124,0.10539267740415843,0.06992444406410042,0.029623164898071715,0.008864784366538238,0.007501759941125566,0.0034248252812787826,0.25722130739606824,0.23680186233408543,0.2124998161766412,0.1832277324145905,0.17977858875013009,0.1629085721022521,0.15580744358014534,0.1345046524538647,0.11747162689729124,0.07630580470803155,0.06377279025500178,0.06134180182778013,0.05985109685160428,0.057793177061544014,0.05767056684155764,0.04839265594369448,1.2970541839401002,0.41995409099946157,0.4169337934911767,0.3097148595803402,0.2624535066073487,0.15282841783465104,0.13929532973163108,0.12265522309928524,0.08329947465825635,0.07572683453247603,0.024047471445778134,0.4960775376666823,0.18623622503061657,0.14514450083462033,0.13726073264135993,0.07814445858666651,0.25574888268059753,0.22373740860129865,0.1887530763112635,0.1654585829217445,0.16209922576182206,0.09420785792522686,0.39512976356445534,0.3892281139120288,0.2656393814268778,0.24421811757856568,0.15086428891009604,0.12585516887167494,0.08696148448677524,0.0788944069189838,0.073590761665262,0.010778499520196728,0.8411791080754529,0.49598930320199475,0.13043297267333842,0.06503719371460065,0.06399199568446613,0.05375873381255056,0.05201724801354202,0.006389853113528029,0.003265059777391657,0.18667023528079146,0.06603248342437652,0.062464545136556866,0.03306094156823832,0.01291050695335769,0.009042571926930835,0.002068830546971307
2026-09-19 08:30:00+01:00,5.363361534074958,2.0518845853125813,1.6842180561745506,1.4480742583883257,1.1840136947817868,1.0933020707584642,0.6533879042302108,0.6471153207929512,0.4517240666925907,0.4505288747796719,0.435905698935396,0.19803378422055054,0.19541814821036754,0.15634989676811992,0.11480150148639975,0.1089626036553211,0.08667303519004106,0.08280163754531474,0.017203426693491883,0.001212814721906307,0.0007893473763866983,3.4496996692250095,2.0702459877119717,1.2778598441365883,1.0561044726312112,0.606774536112009,0.5873674049043852,0.17094102196300212,3.149975516354593,2.730167694608743,2.0603814779437677,1.0607701184850897,0.9788712293294941,0.8350300896121825,0.2808614752686977,0.20682088691591274,0.17986531899080213,0.11534215574392642,0.11027036838222055,0.06619658635086428,2.0325532163387203,1.2328088976777583,0.8493717931822291,0.6215430886781367,0.33393678749173034,0.3284606876670185,0.12388380448220385,0.07658877490696836,1.4040747643003624,1.106479824275469,1.0147721882588083,0.920876356065341,0.7670341600197953,0.6489790043847283,0.6387591814938042,0.6309750088581939,0.6255370369280974,0.49079903777043427,0.35842898290206054,0.3338194601184071,0.33121011758843993,0.23726253144661508,0.18660763657419221,0.09912283438872153,0.5271332566835814,0.37079647624058915,0.3381213995108052,0.24857651337018624,0.11438977816140819,0.06771290767936358,2.4603243022686074,1.564843628700238,0.9785356660919796,0.9296387650806427,0.6848819743323443,0.5637486316761273,0.5084094529869857,0.35819140576521324,0.3073481042290616,0.23987396651028103,0.2279575099998094,0.04325851890213722,0.042877107566000425,0.01585050966505092,0.879884890296168,0.8235481987331118,0.658248654839906,0.609049732822249,0.553104096010325,0.23167561189080502,0.122223769445723,0.020952548947478004,0.007366375283607885,3.0064192036518023,1.2623678818808897,1.1285661972779777,0.6999772436002597,0.22596664642188613,0.2216588843001854,0.11984236387861094,0.021933740166274238,0.016145513252245596,1.2891010617047183,0.9350001990931386,0.4712773169873743,0.3788058857639243,0.3562723322225336,0.3483486118570328,0.1438391970011977,0.08059662270144556,0.0651744450647525,0.023890722821258956,0.0048104931809824026,0.8830183011639485,0.6767254643912946,0.651926820782142,0.47898505243204237,0.3182073676862519,0.23907155946729985,0.17611107172225987,0.10900751129134623,0.09735690967393437,0.04457106869670539,0.024030187395526925,1.396151708774035,1.158898514405511,1.0790272864658172,0.7500472505837081,0.7088867452079911,0.5675362468614651,0.39556996293410795,0.37287266817425846,0.23796842926106546,0.2160632345133495,0.0878502851530522,0.08572936981730021,0.08408730779481587,1.919140270529923,1.3107437962483504,1.2380225614449871,0.9476192483361617,0.9385679104993783,0.8272956896668267,0.8022679975720202,0.32299813586485426,0.25990742781745446,0.2598188668957615,0.09469578659896215,0.05346830564607563,0.03959197142353818,1.6999155825107135,1.1819027130210618,1.1052581444094205,0.9933562175322952,0.6126528305200962,0.23034218418822508,0.1656904825204348,0.14888536080540155,0.11387009014640169,0.06906114623694427,0.026239354430680817,0.0133290338237121,1.4698091352476632,0.6714162956987754,0.6032211308999653,0.42723240535291096,0.42706348609396827,0.39058300845115934,0.27229296992649415,0.18080615583330095,0.15631432336255238,0.12065343505660464,0.0863110862663546,0.07419625198842009,0.06817042888917184,0.037793345934713736,0.02918068653023269,0.01187507799057443,0.812856816836878,0.6356350378723198,0.33147124738381323,0.3290994360139953,0.2914518828886511,0.22294921143266427,0.18968167186354254,0.16233305556058025,0.12313462250023906,0.09231449411539892,0.06238070083417206,0.03300394746760073,0.02470330576073455,0.9432609742726297,0.5680208246737022,0.313606759203025,0.22655612968098687,0.17779979382815628,0.15805168083158833,0.1048618954157947,0.04442425336379969,0.013294036206785586,0.01124998241901757,0.005136024680204879,0.3848998748696533,0.3543447006936547,0.31797969415602056,0.2741776410086943,0.26901642408503534,0.2437725305578988,0.23314656995120764,0.20126957763713657,0.17578176143813945,0.1141821996835029,0.09542809356552563,0.09179042003482384,0.08955976439977506,0.08648034194560675,0.08629687091512238,0.07241362469500807,2.569402984498034,0.8319091893974467,0.8259261229011149,0.613530486545862,0.5199079818858505,0.3027458665663572,0.27593745918298446,0.24297419506271745,0.16501231902577668,0.15001127714130896,0.047636903428906426,0.943840568800735,0.35433433529559394,0.2761529354269886,0.2611532233037202,0.14867818967973886,0.5946435138047129,0.5202134117879782,0.4388710963768133,0.3847089070594751,0.37689804225817664,0.21904334860627742,0.5192877723157853,0.5115317013143232,0.34910881270022237,0.32095654119419564,0.19826899346535637,0.16540148656034623,0.11428659574779122,0.1036846742385458,0.09671451308410996,0.014165328762526106,1.6627141569500599,0.9803957661485081,0.25781994359468424,0.12855557357455202,0.12648958602821717,0.10626203969133753,0.10281973701840992,0.012630483960785038,0.0064538706002555115,0.35728922934603125,0.12638702189993853,0.11955794216319456,0.06327906704891552,0.024710876229909626,0.017307598880021494,0.003959768254767759
2026-09-19 09:30:00+01:00,8.576611641030896,3.281191675899018,2.693252001538332,2.3156318034250423,1.8933695916803268,1.7483116153286673,1.0448399329276479,1.0348093743338356,0.7223570263379048,0.7204457815321091,0.6970616968721348,0.31667804757754686,0.3124953546691703,0.25002087518732147,0.1835803698483849,0.17424332277619708,0.1385998236090563,0.13240902817304692,0.02751019276019628,0.001939425637490487,0.0012622542512049752,5.7293566325528555,3.4383218013231245,2.1223049759348145,1.7540075209786898,1.0077479335233017,0.9755160331943662,0.2839035776639397,4.189265711891977,3.6309481935198855,2.7401754185556966,1.4107563257227973,1.3018360479618334,1.1105365437439207,0.3735277757003689,0.2750585347604929,0.23920935565832455,0.15339768061211229,0.14665252821899455,0.08803722060827436,3.2742429735191787,1.9859336712395568,1.3682542741694412,1.0012446781145703,0.5379392634126999,0.5291178061297019,0.1995646033265203,0.1233769704398199,1.2323498108215583,0.9711521329159417,0.8906607725058436,0.8082488426124874,0.6732222713689177,0.5696058170229993,0.5606359265823461,0.5538037949047452,0.5490309125414283,0.43077200497167384,0.31459143095732356,0.2929917686615938,0.29070156100675004,0.2082442069165566,0.16378464414938315,0.0869996451135605,1.1648482431141218,0.8193784369044734,0.7471737235047365,0.5492992733951217,0.2527761821742041,0.14963059254256328,3.665478429381424,2.331359553318535,1.457857150430628,1.3850088126097195,1.0203614626220496,0.8398927113375871,0.7574464396823852,0.5336462637106678,0.4578981093362805,0.357372745212027,0.33961918554775034,0.0644480761241781,0.06387983598443642,0.023614651620671938,1.8046980294524555,1.6891480099317246,1.3501084782572514,1.2491984630999682,1.134450520926581,0.4751809297586578,0.2506884688026654,0.04297496662863692,0.015108888793464397,4.945900336055607,2.076738241838217,1.8566193056504365,1.1515419007930094,0.3717407443106541,0.3646539873808528,0.19715427145387834,0.03608348853265784,0.026561199224338212,1.522589124546228,1.1043518439936446,0.5566372868713579,0.447416993990783,0.4208020569786836,0.4114431550175738,0.16989203061229968,0.0951946630453446,0.07697914787433345,0.028217923191447575,0.005681792389016995,1.4029766829067973,1.0752099316840562,1.0358088018258238,0.7610316333616682,0.5055812734622723,0.37984696697301196,0.2798126912005897,0.1731957269762895,0.1546847602279002,0.07081639194939458,0.03818017424708564,2.57351770256623,2.1361903749838063,1.988964240648449,1.3825574004656478,1.3066864986393731,1.0461360101249344,0.7291516357547624,0.6873138544465061,0.438645715581293,0.39826800726554734,0.1619338805346565,0.15802441057669983,0.15499760793267633,2.526969117477066,1.7258817111526972,1.6301282545894853,1.2477485947450317,1.235830523128991,1.0893162375425054,1.0563617912331495,0.42529789347173313,0.34222513777810215,0.34210852789941326,0.12468777398157616,0.0704027523189588,0.05213151462852156,2.8512375364350953,1.9823839574450688,1.853829414362039,1.666138344526538,1.0275914669845658,0.38634876257319956,0.2779096374271452,0.24972271195200244,0.19099223434562662,0.11583500644730858,0.044010792685412754,0.022356546380056158,2.486754708160177,1.1359622106193124,1.0205835243189139,0.7228300396370377,0.7225442469089882,0.6608233082111203,0.46068962882689596,0.30590404461395776,0.2644665693339842,0.20413228526583738,0.14602882441815176,0.12553186297141428,0.11533683587351083,0.06394216683409003,0.04937049843833985,0.020091320290953545,1.2677410493665298,0.9913438790636342,0.5169664549636379,0.513267350062761,0.45455178353662856,0.3477142116577783,0.29582976577551606,0.2531765422157293,0.19204220510723832,0.14397477048541701,0.09728967451299966,0.05147334454133071,0.038527566133729735,1.3383358570849568,0.8059303394990904,0.4449576334791812,0.3214467684600914,0.2522693569995593,0.22424995573740827,0.14878219125419714,0.06303088203860753,0.01886210266956774,0.01596191857142908,0.00728719429709469,0.7097861674870463,0.6534399813974151,0.5863799995521891,0.5056055086744425,0.49608781168622246,0.44953605210161574,0.42994093049383186,0.37115720599072366,0.32415563348143944,0.21056111264271027,0.1759770403287549,0.16926887926530876,0.16515537178567957,0.15947667037649393,0.1591383351156251,0.13353651820105464,4.203789399391674,1.3610831203765899,1.3512942504854588,1.0037946445559147,0.8506192590641202,0.49532123697985553,0.4514601145896623,0.39752905701941593,0.2699759600478225,0.2454328186121571,0.07793853703077418,1.3000822232937679,0.4880737124975936,0.38038365178051253,0.35972247262526236,0.2047950446119634,1.123141297657615,0.9825603959523327,0.828923954009448,0.7266243573912454,0.7118714766734721,0.41372120452947236,1.2162921156832105,1.1981256027963623,0.8176936162182373,0.7517544824723135,0.46439185821943607,0.3874085521568833,0.267685650899135,0.24285349764953792,0.22652776746841927,0.03317847753873904,2.646049357987743,1.5602053887300111,0.410295596133329,0.20458380744568735,0.2012959873488057,0.16910579652457777,0.1636277035284807,0.02010019812233639,0.01027071315112101,0.6663868814241147,0.23572681866324183,0.22298977322502625,0.11802298162566394,0.046088721393161905,0.03228072915522142,0.007385438467559579
2026-09-19 10:30:00+01:00,10.26096160643577,3.9255807793238957,3.2221763723137853,2.7703958187769815,2.2652060627394355,2.0916603329863346,1.2500347322888534,1.2380342849175603,0.8642198135604788,0.8619332217928223,0.8339567661783764,0.37887005076094044,0.37386592405674884,0.2991221601816882,0.2196334876232238,0.20846274962841274,0.16581926852179982,0.15841267056203093,0.03291288489122863,0.002320306997418751,0.001510146774888571,6.80580550888526,4.084324114824481,2.5210500625296004,2.0835557662927204,1.1970866673881033,1.158798940006265,0.337244241679635,5.111512411837041,4.430283976790811,3.343411859218771,1.7213275463859241,1.5884289932825775,1.3550158231863505,0.4557581191946008,0.3356113484085976,0.2918701449287769,0.1871674422966381,0.17893737704217552,0.10741819134685478,3.9839713492736357,2.4164067577649666,1.6648385202010172,1.2182755352861987,0.6545435480562715,0.6438099423469396,0.24282243816728097,0.15012029326098625,1.7442049890423632,1.374519134483309,1.2605957734625406,1.1439541364741164,0.9528444230240768,0.8061909849904826,0.7934954601319032,0.7838256098562566,0.7770703158990483,0.6096926973279422,0.44525664593556896,0.4146855869659358,0.4114441440067662,0.2947382159298451,0.2318124212340608,0.12313485482731955,1.5312537445246206,1.0771156733158957,0.9821988131847498,0.7220825324011998,0.33228746986483326,0.19669721483521213,4.296289423398398,2.7325751833032994,1.7087472691191976,1.6233620869876144,1.1959607031833561,0.9844341583311477,0.8877992846754729,0.6254841878862519,0.5367001448887464,0.4188748549597625,0.3980659941022247,0.07553927628961875,0.07487324478804076,0.027678618207624264,2.6233952607676425,2.4554262329052556,1.9625821747347327,1.8158945565253166,1.6490914666079215,0.6907456975027777,0.36441273290775494,0.062470464280065204,0.021963002457682942,4.784065484603063,2.008785270278394,1.795868847873625,1.1138622874175323,0.35957701191681635,0.3527221408272237,0.19070318468179456,0.034902800364721695,0.025692089974494268,2.324512677662721,1.6859964520819024,0.8498093210654398,0.6830644314783715,0.642431829089163,0.6281437418390418,0.2593714697061489,0.1453321828767706,0.1175228446498263,0.043079855975840645,0.008674302362466774,1.857546012674086,1.4235816929253817,1.371414459816864,1.007608532125352,0.6693913662604467,0.5029187067208992,0.37047297732587464,0.22931174550273595,0.20480316108138144,0.0937611494903953,0.05055068362856548,3.6592067754037636,3.037384310936903,2.828047935384002,1.9658164395464528,1.8579379051412466,1.487469067116124,1.036758598236959,0.9772707257896963,0.6236970403803127,0.566285201442146,0.23024887383870218,0.22469011706616188,0.22038639817906175,3.348179396864406,2.286755919073471,2.159884661238874,1.6532398866682017,1.637448699684871,1.4433204418624126,1.3996565136390946,0.5635105053731679,0.45344090177949053,0.4532863962136739,0.16520860227322817,0.09328212330201735,0.06907312875308037,4.080102299418472,2.836778500473433,2.6528177886312476,2.384233093098086,1.4704766802939322,0.5528625568402467,0.39768687673590497,0.357351570408373,0.27330864039443803,0.16575913796004973,0.06297915699422818,0.03199207190796581,3.229311755456399,1.475166050141402,1.3253347271016414,0.9386706041159517,0.938299472289686,0.8581483611886268,0.5982537920228655,0.3972484797442605,0.3434375728627148,0.26508717820619354,0.18963374143077766,0.16301628763290893,0.14977697587191338,0.08303560875911721,0.06411276932803267,0.026090686220603638,2.0958293799358394,1.6388896047811294,0.8546488932384614,0.8485335333748708,0.7514649644849261,0.5748411010101357,0.4890657401065249,0.4185514350516864,0.31748415486942805,0.23801907661161112,0.16083928047500445,0.08509572820662908,0.06369376859796404,1.9121081217599414,1.1514493462690913,0.6357201746561415,0.45925764704891336,0.3604224483984629,0.3203905502492909,0.21256819412283903,0.09005352492775931,0.02694867623625276,0.022805123226525743,0.010411365223873672,2.0408175944772884,1.8788078326351636,1.6859931553365077,1.4537457409470762,1.4263799167563456,1.29253164756494,1.236190638434444,1.067172327385098,0.932030730466336,0.6054172976001251,0.5059792041291319,0.48669151756665985,0.4748641266932045,0.458536401132308,0.45756360032997934,0.3839517989126247,5.085747119198351,1.6466392344598513,1.6347966533695066,1.2143914066094086,1.0290797267213245,0.5992399510814213,0.5461767370029493,0.4809309088668177,0.32661709011034473,0.2969247818156962,0.0942900922287289,1.6880051167371717,0.6337067835244776,0.49388380136599136,0.46705767028981476,0.26590247677688456,1.4703999333960946,1.286353501361837,1.0852149496309242,0.9512858345965418,0.9319715819107436,0.5416376664747455,2.2007110683550213,2.167841295158272,1.4795026363579658,1.360194963800305,0.840252345024369,0.7009617818891658,0.4843398778776417,0.4394095574366681,0.40987042399553414,0.06003183101261582,3.091011644261769,1.8225710754208704,0.4792913108022676,0.2389868235575659,0.23514612036999286,0.19754279510762346,0.19114350055623158,0.023480267388269232,0.01199784646841595,1.559884098712196,0.5517913487237175,0.5219763640691768,0.2762692025494797,0.10788487233951759,0.07556300627715641,0.017287897389191707
2026-09-19 11:30:00+01:00,12.481717696047872,4.775185110313684,3.919544521136403,3.3699861516485186,2.7554593500044122,2.5443535210171766,1.5205768462186002,1.505979169893526,1.0512609006769256,1.0484794271635567,1.0144480922352097,0.46086801592935944,0.4547808577045593,0.36386047460484805,0.2671682532553353,0.2535798583801127,0.20170714769618883,0.19269755694165602,0.04003614412875023,0.0028224856520056036,0.0018369843340933943,7.631382228949766,4.579772141071334,2.826865478357214,2.336301034044161,1.3422989987139062,1.299366787097343,0.37815357923608217,6.149581780185857,5.330006352255079,4.022407263551913,2.070902633919766,1.9110144335341421,1.6301986470449712,0.5483155669309258,0.40376883926129004,0.3511444716983764,0.22517826432856722,0.2152767997011157,0.12923316997869316,4.590754102483849,2.7844400132299483,1.918403421244337,1.403826212904496,0.7542344598039119,0.7418660615086924,0.27980575322029283,0.17298451513201796,2.4764934725291226,1.9515983991556038,1.789845358825515,1.6242327992687735,1.3528874236568253,1.1446628833672383,1.12663725871869,1.1129076104041757,1.103316168173967,0.8656665900321252,0.6321935690970927,0.588787531124362,0.5841851980382914,0.4184813553686104,0.3291367423232268,0.1748318954116187,1.8734259014339434,1.317806672111629,1.2016798022911892,0.8834382439948845,0.40654003622370916,0.2406509426212726,5.097597525915355,3.2422323360995082,2.027448570861542,1.9261380560686405,1.4190213276686248,1.168042614309245,1.0533842092722174,0.7421442864866472,0.6368009836216256,0.4969999024465245,0.47230994626089223,0.0896282326386672,0.0888379784914175,0.0328410034313597,2.931346393480726,2.743660072854838,2.192962785994668,2.029056024769283,1.842672507438493,0.7718299028239483,0.40718986053021466,0.0698036521240232,0.02454116198467873,4.858517543481162,2.040047007747825,1.8238170717492284,1.131196778525943,0.3651729321542383,0.3582113820763235,0.19367100457888117,0.035445975485574044,0.026091923338322314,2.5692499908117292,1.863507310863786,0.939281859514084,0.7549811627890223,0.7100705394492094,0.6942781248115734,0.28667950601559966,0.16063354401501342,0.1298962876986063,0.04761553706878036,0.009587580002994334,1.684409447398613,1.2908937040301165,1.2435888299149738,0.9136922150036545,0.6069993064198681,0.4560430886202795,0.3359422478667201,0.20793825180579514,0.18571404262872798,0.08502194019582832,0.04583899860108266,3.3225601957115787,2.7579453225854498,2.567867868203317,1.784961565445232,1.6870078431260307,1.3506220932833006,0.9413769328965453,0.8873619375020767,0.5663169882828188,0.5141870315663092,0.20906600536108697,0.20401865353767254,0.20011087626639953,3.641568679061829,2.487136364125485,2.349147820490003,1.7981075314855548,1.7809326178660638,1.5697935779241927,1.5223035319691438,0.6128889654511948,0.4931743464140955,0.49300630206445717,0.17968525584775732,0.1014561104017112,0.0751257661007013,4.240002935190907,2.9479528418216705,2.7567826453582516,2.4776720216931856,1.528105175565007,0.5745294337580459,0.4132723644913195,0.37135630340507286,0.284019701577242,0.1722552965364365,0.06544733217827305,0.033245852392462555,5.237693228239354,2.3926049314685116,2.1495901451947765,1.522450924231259,1.5218489771910169,1.3918500908522942,0.9703212549708828,0.6443062267894388,0.5570291089631183,0.42995084504853875,0.3075712221526601,0.26439977632538425,0.2429266393822105,0.13467731784195425,0.10398593978599921,0.04231706966875363,2.6768207681008906,2.0932112951089032,1.0915687740407523,1.0837581562280698,0.9597809071151718,0.7341945924954155,0.6246411767182384,0.5345793815997961,0.4054949259865139,0.30400108595560504,0.20542603821837646,0.1086853799841029,0.08135051651335376,2.584577668984784,1.5564027125176605,0.8592966833000313,0.6207740270359771,0.4871794648694241,0.4330687433961052,0.28732632920393375,0.12172446050144035,0.03642625959080793,0.0308254598989275,0.01407293957650319,3.781163667582294,3.4809969956911675,3.1237559299774937,2.693455109582925,2.6427525576040263,2.3947626275853446,2.290375749847887,1.9772238549282437,1.7268376873299809,1.1216984289072511,0.9374626073308139,0.9017269786988912,0.8798135549935951,0.8495620504827623,0.8477596752682827,0.7113740081818155,5.453290252948158,1.765640618170836,1.7529421826182825,1.3021545636683096,1.1034505475216263,0.6425465733586342,0.585648520556936,0.5156874253075949,0.3502214624909993,0.31838331332320086,0.10110436654616056,1.982994228811224,0.7444508799336924,0.5801929852589427,0.548678825391811,0.3123705441689561,1.6131487785630718,1.4112348160472852,1.1905694027285656,1.0436382288181076,1.02244891669879,0.5942207424339706,2.6038531856117566,2.5649620904201162,1.7505285942335282,1.6093652821912074,0.9941758265181309,0.8293690139562446,0.5730647480558118,0.5199037676376804,0.4849534428008994,0.07102889455504369,5.288297360706934,3.118169362364507,0.8200017552928853,0.4088737066421025,0.40230278978133727,0.3379686530568909,0.3270203369774818,0.04017151999041825,0.0205266712375147,2.0569317200604917,0.7276163203290564,0.6883009713748155,0.36430071084703636,0.14226173355638133,0.0996407006154693,0.022796581196216376
2026-09-19 12:30:00+01:00,13.564903182981602,5.1895841004904595,4.259689511118821,3.662439496574686,2.994582974688351,2.765157009343722,1.652535188147209,1.6366706997115483,1.1424911766953203,1.1394683220022659,1.102483687777057,0.5008629556005788,0.4942475430436156,0.39543692866017294,0.2903535857186104,0.27558596595799995,0.21921164990620837,0.20942019096765055,0.04351055136412462,0.0030674259374519884,0.001996401076153233,8.92237220137892,5.354525617277067,3.3050822517381935,2.73152972486836,1.569373792683416,1.519178800481583,0.4421252771782989,5.918995938422754,5.130151460448067,3.871582346031733,1.99325169047018,1.8393586872527112,1.5690724207898623,0.5277558262734465,0.38862904910860724,0.337977894444633,0.216734938996387,0.2072047414952895,0.12438741943037693,5.154805698410389,3.1265554474620503,2.1541116485262854,1.5763099482811889,0.8469048885086444,0.8330168238053071,0.31418461083933663,0.19423858138183112,3.6082404192468207,2.8434705377111915,2.6077970483484108,2.366500255945689,1.9711512018418411,1.6677689353888288,1.641505677213292,1.621501638220255,1.6075269478292618,1.261272526818158,0.921103331830895,0.8578609197713059,0.8511553401086882,0.60972554860003,0.47955082873570015,0.2547293253930904,1.8965522361763183,1.3340742160810286,1.2165138287342239,0.8943437666201475,0.4115585325286286,0.2436216361783905,5.471868105987178,3.480280195113581,2.176305821522162,2.0675569899641277,1.5232072569697923,1.2538014417929093,1.1307247048759808,0.7966332435273406,0.6835555326653099,0.5334901198163037,0.5069874029769388,0.09620882485881559,0.09536054948164499,0.035252221920443645,2.288718010340443,2.142177477544204,1.7122075492254014,1.5842334697145635,1.4387101313966202,0.6026244470599443,0.31792311188338007,0.05450085194949898,0.019161092511595642,6.460888903348413,2.7128680624714017,2.425324057214176,1.5042729903667524,0.4856093909394501,0.47635187540184504,0.25754498840143675,0.04713629366027072,0.03469721297801417,2.2713413786198267,1.647430681974318,0.8303706378635727,0.6674398992911691,0.6277367339720565,0.6137754748641208,0.25343856251598135,0.142007829763727,0.11483460707758354,0.04209444001023729,0.00847588489228676,1.9180768466727514,1.469971169444435,1.4161039912977238,1.040442919202481,0.6912044558931072,0.5193070430224708,0.3825453772225648,0.23678420169292652,0.21147696946148867,0.09681649268868137,0.052197951054708445,3.4800440472541627,2.8886673640717717,2.689580553095846,1.8695657879795937,1.766969221421281,1.4146393440477245,0.9859966407162082,0.9294214239819562,0.5931594757790233,0.5385586454346828,0.2189753878286739,0.21368879988659778,0.2095958004434451,3.7943936274520498,2.5915134938697033,2.4477340139872172,1.8735683328372796,1.8556726432229276,1.635672775509825,1.5861897247643244,0.6386099480191098,0.5138712906929365,0.5136961940613493,0.18722606926404903,0.10571389769133842,0.07827855335777792,4.4609160180564125,3.101547393614034,2.9004168272880793,2.6067639522904473,1.6077226735801589,0.6044636272830199,0.4348047250812499,0.3907047489322831,0.2988177262081245,0.18123016027578498,0.06885727602449684,0.034978031321763164,6.564704804786885,2.998790575378532,2.69420604444721,1.9081760732888136,1.9074216181393597,1.744486471582174,1.216159925203451,0.8075463755597883,0.6981569001217636,0.5388823390981806,0.38549685747030005,0.33138757968291394,0.30447405131804545,0.1687988961946293,0.1303316114168253,0.05303843857849426,4.5695344726677485,3.573269187672832,1.863390034068538,1.8500567217402697,1.6384182286446602,1.2533254149975281,1.066309490749646,0.9125672296433729,0.692210350751954,0.5189527287581964,0.35067770483879235,0.18553412183240833,0.13887145303375278,4.637213191945788,2.792476030833335,1.541738119698049,1.113784097855831,0.8740905984167905,0.7770058969381382,0.5155168908896443,0.2183963286510491,0.06535548671442568,0.055306610053336355,0.025249471833148754,3.4755756795535335,3.199668028799979,2.8712986513045764,2.475774099146918,2.429169251528186,2.2012214964662578,2.1052710099429337,1.8174275824499533,1.5872772501429753,1.031044440823217,0.8616982825853592,0.8288507539709516,0.8087083403698558,0.780901717173621,0.7792450072262092,0.6538818256137874,5.701762983115645,1.8460899477575639,1.8328129229856132,1.3614856985478074,1.1537279685701907,0.6718234491412629,0.6123329037589234,0.5391841138269615,0.3661788898260552,0.33289007299153467,0.10571106760594691,2.093523782823788,0.7859456168057506,0.6125321978346309,0.5792614791310758,0.3297816775106575,1.6436360680892748,1.437906084685393,1.2130702622676073,1.0633622005096297,1.0417724264477886,0.60545106418594,2.8547068203281327,2.812068980642282,1.9191734559964464,1.7644105561931518,1.0899541219332916,0.9092699211278527,0.6282734578909057,0.5699909809012075,0.5316735629931768,0.07787177512430003,8.810199254242928,5.194808747901903,1.3661067750534974,0.6811755428322297,0.6702285247510326,0.5630491199763525,0.544809441006195,0.06692496115877952,0.03419703002568424,2.262403402590152,0.8002996029660002,0.7570569525753115,0.4006915541961245,0.15647258823295576,0.10959404141148393,0.025073784590295422
2026-09-19 13:30:00+01:00,9.770223549787865,3.7378369832988234,3.068073410839464,2.6378995954796074,2.1568709121197718,1.9916251348881935,1.190250899272554,1.1788243821475448,0.8228878635844376,0.8207106297545109,0.7940721687634461,0.3607503111533093,0.3559855104994651,0.28481642225788417,0.20912935409022038,0.19849286487882337,0.15788883970720152,0.1508364677574851,0.0313388018968953,0.002209336603959172,0.0014379228915931592,6.728681016390614,4.038039891138066,2.492481114096921,2.0599445742229756,1.1835210870061956,1.1456672423645036,0.33342253520384363,4.287046226994477,3.7156971708084425,2.8041331100282143,1.4436844066085968,1.332221850177091,1.1364572761002336,0.3822461862345572,0.2814786014408834,0.24479267636944851,0.15697809428298612,0.15007550511674328,0.0900920735040535,3.89794438713745,2.364228638388237,1.6288892154033536,1.1919689848225223,0.6404098136268339,0.6299079815451185,0.23757910811726904,0.1468787054954039,3.5271810231354643,2.779591755294743,2.5492126888382916,2.313336647273413,1.9268691398114997,1.6303023791042792,1.604629127025972,1.5850744802940255,1.5714137323880992,1.2329379433435166,0.9004106752562104,0.8385890088051542,0.832034070500892,0.5960280176651317,0.4687776828071009,0.2490068116775196,1.8029480686165245,1.2682311013609129,1.1564728965143856,0.8502035092679178,0.39124609762457296,0.2315977119125296,4.876458379235624,3.101580884411248,1.9394957176560796,1.8425801596397948,1.3574626887361345,1.1173716961559867,1.0076872934250738,0.7099492861178361,0.6091758866211296,0.47543952350954694,0.4518206436132242,0.0857400655593001,0.08498409346882213,0.0314163261322995,2.133044921333906,1.9964717227841693,1.5957473138429819,1.4764777231246522,1.3408525319336797,0.5616353829809128,0.2962987472085485,0.05079383520993811,0.01785780112902098,6.114074971227654,2.5672440695278116,2.295135133440298,1.4235251492296346,0.4595423737122704,0.4507817921745058,0.24372023588492056,0.04460606545259407,0.032834701944849665,2.1940681452059945,1.5913834946956429,0.8021206245790816,0.6447329475255255,0.6063805223416698,0.592894238789568,0.24481633717297124,0.13717658586564238,0.11092782253157937,0.040662346394123916,0.008187527079658686,1.6446246818235792,1.2604035500616486,1.2142159893943343,0.8921113394999021,0.5926623379663731,0.4452716177045274,0.32800748853681444,0.2030268719658445,0.1813275856058309,0.08301377171597943,0.044756308275191364,3.899453432221063,3.2368049698285803,3.013724532389128,2.094882889327884,1.979921547411659,1.585129432443351,1.104827390858151,1.041433818800608,0.6646461143231704,0.6034648785694586,0.24536595400687408,0.2394422348770163,0.23485595363748032,3.5249320219649056,2.4074752903350194,2.2739064141192005,1.7405155237392373,1.7238907094552398,1.5195142913315622,1.4735453151938767,0.5932586010665154,0.4773783496332468,0.4772156876154861,0.17393007465559945,0.09820654885221967,0.0727195453227676,4.47826225232985,3.1136077344682516,2.9116950736332505,2.6169003319104527,1.6139742896226392,0.6068140789943238,0.43649545958374414,0.39222400104985083,0.29997967641361634,0.18193487222392118,0.06912502696096753,0.03511404310124412,4.487625496817168,2.049970173201201,1.8417564990773005,1.3044272139492399,1.3039114691799663,1.1925291694786158,0.8313656822117295,0.5520378771916532,0.47725934355504873,0.3683794163841275,0.26352525787071907,0.22653621086346074,0.20813815037315103,0.11539075296199923,0.08909455639329393,0.036257022418230284,4.008811559049783,3.134796970855639,1.6347353438896506,1.6230381487154608,1.4373695992086573,1.0995311318791048,0.9354637409149661,0.80058703583182,0.6072699247563165,0.4552725688119674,0.3076464014151699,0.16276741901143527,0.12183067869903468,4.042844222176405,2.434553927007079,1.3441277748791582,0.9710262216516714,0.7620551350983368,0.6774141431516204,0.44944116164153,0.190403653850762,0.05697862938668866,0.04821775485557799,0.022013152531125787,3.912374917505291,3.601792075443661,3.2321542845741873,2.786921471425398,2.7344594755809837,2.4778639755455796,2.3698547386860027,2.045836069630017,1.786761179484337,1.1606228092918986,0.9699937673857285,0.9330180664078825,0.9103442186725147,0.8790429479870652,0.8771780280309363,0.7360596026131062,5.178938862060037,1.6768124177753314,1.6647528320353406,1.2366440371562504,1.0479366873662543,0.6102204843491532,0.5561849345870707,0.48974353531931386,0.33260205459292663,0.3023656614480662,0.09601787338328412,2.0691871299643356,0.7768092096631433,0.6054116752085006,0.5725277196925033,0.3259480538991983,1.510757345484267,1.3216594730001932,1.1150003610226036,0.9773953532169509,0.9575509908398284,0.5565037542729888,2.9300627917814004,2.8862994369262456,1.9698340629400743,1.8109858719340002,1.1187257460849922,0.9332720069924704,0.6448580529955726,0.5850370878357453,0.5457082013490574,0.07992736388791519,8.784040828989138,5.179384804308995,1.3620506577135039,0.6791530596842684,0.6682385444722988,0.5613773668304722,0.5431918434208446,0.06672625378070954,0.03409549538066499,2.6789339804181456,0.9476425815335277,0.8964385365774726,0.47446278544914944,0.18528072099844636,0.12977137554357024,0.029690113389913297
2026-09-19 14:30:00+01:00,6.676662120483866,2.5543197114949123,2.096624444735489,1.8026572490412271,1.4739374431239334,1.3610136992822737,0.8133798630654121,0.8055713422399838,0.5623355699286328,0.5608477171107694,0.5426438344113923,0.24652536609383568,0.2432692518529421,0.19463454526813176,0.14291239393040794,0.13564375322318362,0.1078962451522524,0.10307687695496515,0.021415947184841213,0.0015097908394709092,0.000982631078352872,4.944045299593864,2.9670379818454906,1.8314049226675344,1.51358925542797,0.8696179612214681,0.8418040223207495,0.24498948812370575,2.7971352672020044,2.4243516510894842,1.8295906320300244,0.94194938767095,0.869224291868651,0.7414953229643316,0.2494011568006175,0.18365412485998978,0.15971794843597642,0.10242226009420342,0.09791858213749517,0.058781665218994604,2.837296524859281,1.72091159684244,1.185661274567006,0.8676289660614217,0.4661514783753951,0.45850724112859625,0.1729327847941216,0.10691236182155521,3.1463791033334085,2.4795011532702174,2.2739942978552157,2.0635839323852285,1.7188402740303812,1.4542914877582795,1.4313899742482101,1.4139464885164317,1.4017605838335743,1.0998273565200918,0.8032004352660238,0.748053166617493,0.742205913309854,0.5316795728606364,0.418167453164105,0.22212350988250798,1.360516100011456,0.9570152695861007,0.8726818161446204,0.6415689851415611,0.29523679808112185,0.1747651090275688,4.664500074991135,2.966768737231603,1.855194326885619,1.7624912640317065,1.2984597265033726,1.0688044386281712,0.9638875368573625,0.6790908976968714,0.5826976768481004,0.45477424815253936,0.43218197759882804,0.08201332014522171,0.08129020685305445,0.030050795926823252,1.776783328685071,1.6630206132816752,1.3292252758826721,1.2298761162433631,1.116903071818612,0.46783092812508537,0.24681087073459224,0.042310238616333,0.014875187585442795,4.991155117833308,2.095740310128729,1.8736072948561562,1.1620784611535901,0.3751421566155117,0.3679905561553966,0.19895822481422898,0.03641365094766232,0.02680423308935339,2.3525363727145137,1.7063223685140103,0.86005439199775,0.6912992711987223,0.6501768131638734,0.635716472604997,0.26249838187231045,0.14708426829806637,0.11893966822396033,0.04359921504767672,0.008778877401583032,1.4624785237045195,1.120810810842391,1.0797386341416568,0.7933078526616897,0.527023551734163,0.3959567099442907,0.29167986647716254,0.18054115523532316,0.16124511728090887,0.07381979587690084,0.0397994389699836,3.4747130868702794,2.8842423133910957,2.6854604766878674,1.866701864128214,1.7642624617392102,1.4124723064475677,0.9844862262045161,0.9279976751086941,0.5922508350768465,0.5377336458759917,0.2186399469257114,0.21336145732678913,0.20927472780941508,2.886689535600355,1.9715653194221279,1.86218111715908,1.4253687497006857,1.411754110574067,1.2443831474335536,1.2067375526952615,0.48584011973342556,0.39094174804548354,0.3908085384568777,0.14243739263789587,0.08042476142308709,0.0595525670307349,3.781188855680397,2.628952527379694,2.458469009454213,2.20956116768244,1.3627477028842632,0.5123591481873535,0.3685518342465263,0.3311715433656196,0.2532857044706705,0.15361541431720013,0.05836522447014692,0.029648292344475656,4.624628139351231,2.112553677783695,1.8979834519406436,1.3442500501977506,1.3437185602651798,1.2289358722289674,0.8567464309965653,0.5688910321636517,0.49182958594436765,0.37962566532704317,0.2715704159901667,0.23345213099537906,0.21449239642899914,0.1189135152983398,0.09181452259144005,0.03736391243952047,3.6737065083050413,2.872752651106661,1.498084353365613,1.487364951516123,1.3172168293947681,1.0076189952479913,0.857266345065439,0.7336642694916642,0.5565069452663409,0.41721537030633704,0.2819295869829883,0.14916134563931938,0.11164659417265113,3.6511702438042737,2.1986923974131862,1.2139076021256336,0.8769524254732903,0.6882266247477211,0.61178571972676,0.4058989428098669,0.17195719573811893,0.05145849424725915,0.04354638024043401,0.019880500725972368,3.573155836880881,3.2895018112960326,2.951913145121064,2.545283857637564,2.4973705337311176,2.263022924414191,2.164378534942454,1.8684536241125849,1.6318415980587044,1.0599920132610412,0.8858912974225979,0.852121542591433,0.8314136111972101,0.8028262900917933,0.8011230664061638,0.6722401919104127,4.379713570921284,1.418043019549902,1.407844495734134,1.0458023962417897,0.8862167817325111,0.5160499105592963,0.4703532462601838,0.4141652305692156,0.28127417044608777,0.2557039243166363,0.08120018295417676,1.8457057007736946,0.6929103539869224,0.5400245169060864,0.5106921750985522,0.2907442118336639,1.2354691699706026,1.0808284579731255,0.9118264919691328,0.7992956839703452,0.7830673346673005,0.4550983871978359,2.5449196590191248,2.5069087937134698,1.7109085326918532,1.5729401979432296,0.9716744474720259,0.8105977402495775,0.5600944597325427,0.5081366823484665,0.47397739515911175,0.06942128346958172,7.508359968508901,4.427197719509263,1.164243977521924,0.5805216238288506,0.5711921921141457,0.4798501544330728,0.46430566202536355,0.0570357928075911,0.029143905135072742,2.1822994758239656,0.7719637453052477,0.7302521685047534,0.386504443764621,0.15093243180710417,0.10571369316890913,0.024186008076932382
2026-09-19 15:30:00+01:00,7.32386090113534,2.801921368257158,2.299859648139573,1.9773968947592095,1.6168128049038446,1.4929428565063636,0.8922244183361299,0.8836589825933803,0.6168452768161797,0.6152131997569015,0.5952447331271778,0.27042217462726287,0.26685043064079583,0.21350134399136267,0.15676553273280103,0.1487923101075736,0.11835511172948601,0.11306858057494419,0.023491890920559436,0.0016561416316349322,0.0010778819124169646,4.710228050469218,2.82671874589099,1.744792839827874,1.4420075334648115,0.8284913802213123,0.8019928375775052,0.23340327385858858,3.242975848365463,2.810773559868867,2.1212124782239137,1.0920884486416655,1.0077715648561922,0.85968363855877,0.28915367002177955,0.21292709664678144,0.1851756886417841,0.1187475342058672,0.11352600666171285,0.06815098392527502,2.8875757500543964,1.7514075640282516,1.2066721663461226,0.8830040640775061,0.4744120655050518,0.4666323660946725,0.17599729580102572,0.10880693669910849,2.4562104818017048,1.9356144070018548,1.7751861573298233,1.6109299986871546,1.3418069974923068,1.1352878590003677,1.1174098679239073,1.1037926682520176,1.0942797819057535,0.8585766026715991,0.6270157737819958,0.5839652401848997,0.5794006011530816,0.4150539070249367,0.32644104473038127,0.17339998624132347,1.1633143695230002,0.8182994783766722,0.7461898442318452,0.5485759554401317,0.2524433261883763,0.14943355879530765,3.257462200347774,2.0718484003291198,1.2955783678792245,1.2308390135543865,0.9067817364686575,0.7464015440929768,0.6731326329124664,0.4742443765213144,0.4069279935785522,0.3175924320359863,0.3018150783720174,0.057274152857332304,0.05676916536072296,0.02098602856645417,1.3613859813682196,1.2742200543515685,1.0184633249604953,0.9423411827667345,0.85578030814047,0.3584559000062874,0.1891085165212699,0.03241845237440853,0.011397490916369239,3.792073072696945,1.5922567441371425,1.423489273304104,0.8828991159093855,0.2850174833181076,0.2795839932960098,0.1511602242562921,0.02766558481499543,0.02036474686375878,1.5797183225838787,1.1457883249074041,0.5775229225849926,0.46420456566264,0.43659100730036055,0.4268809491705039,0.1762665641653101,0.09876647021877737,0.07986748912988592,0.029276690324501847,0.005894979411942635,0.7123193337439967,0.5459055959399683,0.5259008539429544,0.38639098756162416,0.25669372859421336,0.19285590540129346,0.1420665020292142,0.08793493601864333,0.07853654781888314,0.03595489914132633,0.019384838403419466,2.5496211775442976,2.116354674340866,1.970495615506687,1.3697195958212345,1.2945531969801618,1.0364220628233998,0.72238106242969,0.6809317678945761,0.4345726492457868,0.3945698701237022,0.16043023553379393,0.15655706715114007,0.15355837003172487,2.022758822870263,1.3815137012635963,1.3048660890138122,0.9987832701589759,0.9892432309292859,0.8719631811665541,0.8455841896054676,0.3404375069003561,0.2739403944674168,0.27384705194917214,0.0998086178342761,0.05635517562229023,0.041729627970172135,2.9255356633283185,2.034041321287682,1.9021368778078493,1.7095549159490908,1.0543686541647932,0.3964163171069383,0.2851514632107059,0.25623003710595216,0.19596914878425098,0.11885345857475214,0.045157634861073964,0.02293911780688875,3.876263413973725,1.7706968613475045,1.5908487327842034,1.1267213561401859,1.1262758727589408,1.0300675029645325,0.7181063526526991,0.4768321750563638,0.41224093537030787,0.31819403272477714,0.2276244567348033,0.1956745336109417,0.17978289362956548,0.09967073997924136,0.07695694963327156,0.031317624342559316,3.0112721589571985,2.354744468098287,1.2279532115211342,1.219166707679014,1.079699305510495,0.8259274442221609,0.7026860397995088,0.6013716075978044,0.45615888660632836,0.34198404963823287,0.23109268912716358,0.12226491318804562,0.09151473584361289,3.4130332795187206,2.0552890779415214,1.1347340079104937,0.8197557530421877,0.6433390439957619,0.5718837747719323,0.3794253643150048,0.1607417875687464,0.04810226356271569,0.04070619418948819,0.018583852863716843,2.6680605337309333,2.456257258014451,2.204181211523695,1.90055282157334,1.8647761428079803,1.6897897621024327,1.6161324086483864,1.3951665141907188,1.2184893029690693,0.7914916073519302,0.6614913302779974,0.63627559544527,0.6208130695968694,0.5994670363734664,0.598195246363963,0.5019589424875324,3.356240151872435,1.086667619292437,1.0788523376385026,0.8014140505660443,0.6791212023228632,0.39545678093852166,0.360438742191514,0.3173810236301613,0.21554461250697562,0.1959497496550487,0.062224917213677254,1.3647936669245102,0.5123675255872896,0.39931720444296476,0.37762761746373685,0.21498869448103625,0.8054561135142884,0.7046391041513318,0.5944593683695892,0.5210956378416289,0.5105156707521274,0.2966984422830331,1.7023936528343555,1.676966737840886,1.1444918570660714,1.0521995850739922,0.6499900325479294,0.5422396904013158,0.3746685086333418,0.33991197314879,0.3170615253987353,0.04643853959451942,5.648234887976068,3.330401408587002,0.8758135570931185,0.43670288887145625,0.429684735517462,0.3609718226932359,0.34927833107837686,0.04290571524944976,0.021923778620922093,1.255375423988982,0.44407485077216347,0.4200801199887549,0.22233803625024376,0.08682441052321255,0.06081217259755486,0.013913085935520392
2026-09-19 16:30:00+01:00,4.899843441062493,1.8745544493478057,1.5386627851648678,1.3229272559861536,1.0816876131967323,0.9988155649160148,0.5969201249387979,0.5911896373298036,0.41268469248092876,0.41159279270536464,0.3982333964027179,0.1809190994410947,0.1785295146877125,0.14283766091897457,0.10488000492013826,0.09954572248199207,0.0791824866354359,0.07564566700529535,0.01571665398880185,0.0011079995675476306,0.0007211295640496713,2.9506315135816945,1.7707434379588511,1.092991821777073,0.9033178065846789,0.5189924455925817,0.5023929446446357,0.14621097913755685,1.730843274099761,1.5001679749075376,1.1321349657046822,0.5828701891215724,0.5378685245958577,0.45883093591431867,0.1543272933070755,0.11364359475277194,0.0988320944092039,0.06337801467123175,0.06059117744119768,0.036373589464071154,2.0656871730678654,1.2529057081044686,0.8632179488528545,0.6316752621631966,0.33938050575606765,0.3338151365074717,0.12590331402525493,0.077837297766447,1.4251653262332151,1.123100222173555,1.0300150487021218,0.9347088102293994,0.7785557554987741,0.6587272971630815,0.648353962640794,0.6404528641980676,0.6349332086662876,0.49817131435133255,0.3638129331407732,0.33883375150589373,0.3361852141256013,0.24082644431012537,0.18941066388896088,0.10061175530004988,0.6224492888772324,0.4378437520831288,0.39926038057964675,0.2935240226585263,0.13507369373610348,0.07995672953362787,2.0804777236692664,1.323249259268257,0.8274606942032185,0.786112928294169,0.579143850925351,0.47671214273246026,0.4299167148277927,0.30289065543805155,0.2598969914945514,0.20284010662848906,0.19276341783902753,0.03657988698962855,0.036257361301589845,0.013403368099293196,0.7368472766380426,0.689668903408946,0.5512411157625172,0.5100401676589128,0.4631892777535623,0.1940134960468877,0.10235458370719702,0.017546418629120642,0.006168867798824501,2.8427593649875718,1.1936486149095424,1.0671306657512805,0.6618727229076361,0.21366574545239303,0.2095924841125477,0.11331852917395974,0.02073973755594121,0.015266603188471357,0.8633213612799701,0.6261771622549714,0.3156182140629624,0.2536893519629152,0.23859844970882604,0.2332918703757055,0.09633026847117465,0.05397620721308374,0.043647850665456345,0.01599980944918047,0.0032216260189420498,0.5635566880060537,0.43189723349902315,0.41607033450837394,0.3056960760577592,0.2030851342446788,0.1525793701809343,0.11239695957622746,0.06957037238090903,0.062134768325894624,0.028445983308042343,0.015336457696218895,1.8400299352271854,1.5273468814280418,1.4220822103691628,0.9885096191450049,0.9342629627362229,0.747972929437998,0.5213334401277949,0.4914199990996196,0.3136256831743933,0.2847561743527684,0.11578050829576628,0.11298529078226775,0.11082116831772267,1.3179052315869155,0.9001093525429523,0.8501704829008967,0.6507457449109976,0.6445300421449545,0.5681175754704776,0.5509306471084437,0.22180813960595575,0.17848271129985707,0.1784218950563518,0.0650291562760808,0.0367175660982789,0.0271884588475197,1.7510602823365995,1.2174621608564553,1.1385116168803566,1.0232429401957992,0.6310854782567271,0.23727240001114608,0.17067554770820004,0.15336481682380826,0.11729605531761488,0.07113896211807369,0.0270288076951777,0.013730059286915381,2.089941002249991,0.9546956896027401,0.8577280849999744,0.6074873941278673,0.6072472056048355,0.5553751331166455,0.387176966605201,0.25709065855788493,0.22226539881949703,0.17155871122315192,0.12272687236114888,0.10550062965674992,0.09693243228648252,0.053738857234594005,0.041492403190881766,0.016885330076027903,2.256422999197969,1.764470062676485,0.9201366472882396,0.9135526959529452,0.8090462158743001,0.6188884904568239,0.5265405641607727,0.4506230771642548,0.3418114832182752,0.2562573670623628,0.17316364352586902,0.09161621651893025,0.06857432467829952,2.2703578761511873,1.3671831956265137,0.7548277679142572,0.5453034816882951,0.4279506661526949,0.3804184506749421,0.2523946571085229,0.10692582039070701,0.03199774042511291,0.02707785744159993,0.012362023239434665,1.7425263512798599,1.604196360427942,1.439563981220879,1.2412624570252038,1.2178964933516823,1.1036118376478186,1.0555057779327004,0.9111916257765708,0.7958026785123745,0.5169279201843922,0.43202395881952765,0.4155554110270719,0.4054567425720101,0.39151552013090546,0.39068490644098475,0.32783239866075153,1.9923765680550165,0.6450822956559011,0.6404428827010916,0.47574622297723274,0.40314909218357103,0.2347563905940432,0.21396850989967253,0.18840800598648075,0.12795450143512824,0.11632233453591202,0.03693879501933982,0.7145246339133682,0.2682451036531709,0.20905869233909685,0.1977033171115811,0.11255526893360955,0.3956691749869411,0.34614421360171216,0.292019942365092,0.255981024483755,0.2507837619893065,0.14574900594625104,0.9842499818859201,0.9695492453200442,0.661695423799533,0.6083360454411991,0.37579597215731436,0.3134994098261311,0.21661703932085372,0.196522321883361,0.18331118664056245,0.02684874422470704,2.627193591078291,1.5490873538180938,0.4073718267405509,0.20312594175055243,0.19986155068351855,0.16790074739248995,0.1624616913268004,0.01995696396478583,0.010197523974741225,0.7776510327089065,0.2750852531473942,0.260221550372332,0.13772884206309732,0.053783984629215485,0.037670523030866536,0.00861855779488332
2026-09-19 17:30:00+01:00,1.582077943307466,0.6052624504261608,0.49680861927080594,0.4271512054356819,0.3492589375501277,0.32250093165081994,0.1927355791958179,0.1908853000675891,0.13324902262043004,0.13289646634552021,0.1285829394990915,0.05841576780803014,0.057644210639426,0.046119904754454454,0.03386400901865325,0.032141657949629414,0.025566707816076038,0.024424727588828434,0.0050746461427524595,0.0003577546299379732,0.00023284074098957783,0.9918179843699648,0.5952133227713065,0.3673955695985548,0.30363901491880013,0.1744528379506244,0.16887312272832128,0.04914699716093694,0.6249862857778115,0.5416922633667889,0.40880005590510615,0.21046727918168842,0.19421772985124772,0.16567822559566928,0.055725693528374746,0.041035308771047045,0.03568705758906867,0.022885024070100606,0.021878731313541105,0.013134057207681356,0.6973887304981168,0.4229886948037476,0.29142770374064897,0.21325746459121958,0.11457695199487838,0.112698049010131,0.04250573536900866,0.026278351815550043,0.38944315053713696,0.3069003159431722,0.2814636998834585,0.2554201517466531,0.21274949699460136,0.18000496449772832,0.17717032910240002,0.1750112612289399,0.17350295057851337,0.13613115797658798,0.09941615353706276,0.09259029901010879,0.09186655508881746,0.0658086521461188,0.05175868675195142,0.02749334287319803,0.2601105940045572,0.18296719181888113,0.16684388047480045,0.12265851893900206,0.056444917425260525,0.033412508914851764,0.8366315956370434,0.5321240052763616,0.3327503837422611,0.3161230260085264,0.232893646776717,0.19170233648568236,0.17288428663540478,0.12180274245655476,0.1045135125560805,0.08156897819049103,0.07751679530732294,0.01471002975527209,0.014580331091379715,0.005389954966710785,0.28269703318689104,0.2645966933127966,0.2114878251402492,0.19568076964495218,0.17770607122598203,0.07443474580094564,0.03926911052603054,0.006731816275605551,0.0023667328090112355,0.8807733711599223,0.3698286698068255,0.3306295585613159,0.20506831377080148,0.06620015089610823,0.06493813056259096,0.035109529207678424,0.00642580191243104,0.004730058309571173,0.30046239577109585,0.2179289182296294,0.10984484920627256,0.08829169981313045,0.08303960152276899,0.08119274864585782,0.03352589724782189,0.01878538081095957,0.01519079495699987,0.005568425958850784,0.0011212249752452453,0.169840349602615,0.13016184297166636,0.12539205474111967,0.09212831563315542,0.061204224762637774,0.04598318878153092,0.03387332510636871,0.020966579970799273,0.018725695213174492,0.008572830120997809,0.004621982831944587,0.7402434633115899,0.614451169266904,0.5721032252594828,0.39767710839028964,0.3758536956053489,0.3009092738929472,0.2097322787374631,0.19769811083490152,0.12617151354540979,0.11455731924069291,0.04657846201521299,0.04545394689005777,0.044583321104294416,0.4351209707071158,0.29718104597660766,0.28069317650476217,0.21485089627290438,0.2127987133417152,0.1875702933638325,0.181895839106331,0.07323240753803616,0.05892803877993404,0.058907959625322213,0.021470094301880707,0.012122710055144165,0.00897657003115329,0.5871039043791744,0.4081965625529119,0.38172564485305105,0.34307780912930325,0.21159337118143873,0.07955383024396834,0.057224917641228536,0.05142089262141488,0.03932758497232003,0.023851813003988136,0.009062348503146687,0.004603480243380927,0.6212648805399146,0.2837969602560441,0.2549719516912459,0.18058432412017394,0.18051292464339072,0.16509320854468798,0.11509389578309938,0.07642387852333597,0.06607157154057978,0.050998282783527145,0.03648231965132107,0.031361572412820865,0.02881455309028936,0.015974644587698296,0.012334210814537477,0.005019406079533769,0.7752521286827317,0.6062290503921972,0.31613659971678676,0.31387451397770116,0.27796862613180223,0.2126350510584386,0.18090654693226324,0.1548231426152474,0.11743812222591186,0.08804380622620085,0.059494821361776765,0.03147710642171452,0.02356047212722469,0.7408606663822292,0.44613770543327075,0.24631456080782554,0.17794282789857285,0.13964838717060984,0.12413772728593594,0.08236114483137219,0.03489191522634229,0.010441467199110476,0.00883601643560922,0.00403396172524401,0.5466384203664356,0.5032436747816376,0.45159775066415303,0.389389663043003,0.38205965425234567,0.3462080393713443,0.33111695023320237,0.2858449461035625,0.24964690995110042,0.1621626333084476,0.13552787551023485,0.1303616173676334,0.1271936192664714,0.12282019455034866,0.12255962726821862,0.10284251048325829,0.5904648890491105,0.19117793906994457,0.18980299293800482,0.14099314621031428,0.11947810860815576,0.06957289517864562,0.06341215535437121,0.05583699092555256,0.03792086380888463,0.0344735304846168,0.010947258591780447,0.25365910489485916,0.09522808543692815,0.07421667252924212,0.07018546887404926,0.03995757096929025,0.13661985354391346,0.11951947423981107,0.10083100802365424,0.08838719891724132,0.08659264607939576,0.05032539582393544,0.26222834463870226,0.2583117077216735,0.17629189619641514,0.16207564858110365,0.10012126747707292,0.08352393476949527,0.057712094170226706,0.052358368402795674,0.048838597826951644,0.0071531642197062055,0.7185825438911105,0.42370198191572195,0.11142318729875066,0.05555843179926507,0.054665564807974236,0.0459237364890933,0.04443606129175643,0.005458572212896232,0.002789197851290651,0.2623113021590375,0.09278965490019725,0.08777594429500486,0.04645764023559265,0.018142002582117307,0.0127067328835368,0.0029071460370001436
2026-09-19 18:30:00+01:00,0.0,0.0,0.0,0.0,0.0,0.0,0.0,0.0,0.0,0.0,0.0,0.0,0.0,0.0,0.0,0.0,0.0,0.0,0.0,0.0,0.0,0.0,0.0,0.0,0.0,0.0,0.0,0.0,0.0,0.0,0.0,0.0,0.0,0.0,0.0,0.0,0.0,0.0,0.0,0.0,0.0,0.0,0.0,0.0,0.0,0.0,0.0,0.0,0.0,0.0,0.0,0.0,0.0,0.0,0.0,0.0,0.0,0.0,0.0,0.0,0.0,0.0,0.0,0.0,0.0,0.0,0.0,0.0,0.0,0.0,0.0,0.0,0.0,0.0,0.0,0.0,0.0,0.0,0.0,0.0,0.0,0.0,0.0,0.0,0.0,0.0,0.0,0.0,0.0,0.0,0.0,0.0,0.0,0.0,0.0,0.0,0.0,0.0,0.0,0.0,0.0,0.0,0.0,0.0,0.0,0.0,0.0,0.0,0.0,0.0,0.0,0.0,0.0,0.0,0.0,0.0,0.0,0.0,0.0,0.0,0.0,0.0,0.0,0.0,0.0,0.0,0.0,0.0,0.0,0.0,0.0,0.0,0.0,0.0,0.0,0.0,0.0,0.0,0.0,0.0,0.0,0.0,0.0,0.0,0.0,0.0,0.0,0.0,0.0,0.0,0.0,0.0,0.0,0.0,0.0,0.0,0.0,0.0,0.0,0.0,0.0,0.0,0.0,0.0,0.0,0.0,0.0,0.0,0.0,0.0,0.0,0.0,0.0,0.0,0.0,0.0,0.0,0.0,0.0,0.0,0.0,0.0,0.0,0.0,0.0,0.0,0.0,0.0,0.0,0.0,0.0,0.0,0.0,0.0,0.0,0.0,0.0,0.0,0.0,0.0,0.0,0.0,0.0,0.0,0.0,0.0,0.0,0.0,0.0,0.0,0.0,0.0,0.0,0.0,0.0,0.0,0.0,0.0,0.0,0.0,0.0,0.0,0.0,0.0,0.0,0.0,0.0,0.0,0.0,0.0,0.0,0.0,0.0,0.0,0.0,0.0,0.0,0.0,0.0,0.0,0.0,0.0,0.0,0.0,0.0,0.0,0.0,0.0,0.0,0.0,0.0,0.0,0.0,0.0,0.0,0.0,0.0,0.0,0.0,0.0,0.0,0.0,0.0,0.0,0.0,0.0
2026-09-19 19:30:00+01:00,0.0,0.0,0.0,0.0,0.0,0.0,0.0,0.0,0.0,0.0,0.0,0.0,0.0,0.0,0.0,0.0,0.0,0.0,0.0,0.0,0.0,0.0,0.0,0.0,0.0,0.0,0.0,0.0,0.0,0.0,0.0,0.0,0.0,0.0,0.0,0.0,0.0,0.0,0.0,0.0,0.0,0.0,0.0,0.0,0.0,0.0,0.0,0.0,0.0,0.0,0.0,0.0,0.0,0.0,0.0,0.0,0.0,0.0,0.0,0.0,0.0,0.0,0.0,0.0,0.0,0.0,0.0,0.0,0.0,0.0,0.0,0.0,0.0,0.0,0.0,0.0,0.0,0.0,0.0,0.0,0.0,0.0,0.0,0.0,0.0,0.0,0.0,0.0,0.0,0.0,0.0,0.0,0.0,0.0,0.0,0.0,0.0,0.0,0.0,0.0,0.0,0.0,0.0,0.0,0.0,0.0,0.0,0.0,0.0,0.0,0.0,0.0,0.0,0.0,0.0,0.0,0.0,0.0,0.0,0.0,0.0,0.0,0.0,0.0,0.0,0.0,0.0,0.0,0.0,0.0,0.0,0.0,0.0,0.0,0.0,0.0,0.0,0.0,0.0,0.0,0.0,0.0,0.0,0.0,0.0,0.0,0.0,0.0,0.0,0.0,0.0,0.0,0.0,0.0,0.0,0.0,0.0,0.0,0.0,0.0,0.0,0.0,0.0,0.0,0.0,0.0,0.0,0.0,0.0,0.0,0.0,0.0,0.0,0.0,0.0,0.0,0.0,0.0,0.0,0.0,0.0,0.0,0.0,0.0,0.0,0.0,0.0,0.0,0.0,0.0,0.0,0.0,0.0,0.0,0.0,0.0,0.0,0.0,0.0,0.0,0.0,0.0,0.0,0.0,0.0,0.0,0.0,0.0,0.0,0.0,0.0,0.0,0.0,0.0,0.0,0.0,0.0,0.0,0.0,0.0,0.0,0.0,0.0,0.0,0.0,0.0,0.0,0.0,0.0,0.0,0.0,0.0,0.0,0.0,0.0,0.0,0.0,0.0,0.0,0.0,0.0,0.0,0.0,0.0,0.0,0.0,0.0,0.0,0.0,0.0,0.0,0.0,0.0,0.0,0.0,0.0,0.0,0.0,0.0,0.0,0.0,0.0,0.0,0.0,0.0,0.0
2026-09-19 20:30:00+01:00,0.0,0.0,0.0,0.0,0.0,0.0,0.0,0.0,0.0,0.0,0.0,0.0,0.0,0.0,0.0,0.0,0.0,0.0,0.0,0.0,0.0,0.0,0.0,0.0,0.0,0.0,0.0,0.0,0.0,0.0,0.0,0.0,0.0,0.0,0.0,0.0,0.0,0.0,0.0,0.0,0.0,0.0,0.0,0.0,0.0,0.0,0.0,0.0,0.0,0.0,0.0,0.0,0.0,0.0,0.0,0.0,0.0,0.0,0.0,0.0,0.0,0.0,0.0,0.0,0.0,0.0,0.0,0.0,0.0,0.0,0.0,0.0,0.0,0.0,0.0,0.0,0.0,0.0,0.0,0.0,0.0,0.0,0.0,0.0,0.0,0.0,0.0,0.0,0.0,0.0,0.0,0.0,0.0,0.0,0.0,0.0,0.0,0.0,0.0,0.0,0.0,0.0,0.0,0.0,0.0,0.0,0.0,0.0,0.0,0.0,0.0,0.0,0.0,0.0,0.0,0.0,0.0,0.0,0.0,0.0,0.0,0.0,0.0,0.0,0.0,0.0,0.0,0.0,0.0,0.0,0.0,0.0,0.0,0.0,0.0,0.0,0.0,0.0,0.0,0.0,0.0,0.0,0.0,0.0,0.0,0.0,0.0,0.0,0.0,0.0,0.0,0.0,0.0,0.0,0.0,0.0,0.0,0.0,0.0,0.0,0.0,0.0,0.0,0.0,0.0,0.0,0.0,0.0,0.0,0.0,0.0,0.0,0.0,0.0,0.0,0.0,0.0,0.0,0.0,0.0,0.0,0.0,0.0,0.0,0.0,0.0,0.0,0.0,0.0,0.0,0.0,0.0,0.0,0.0,0.0,0.0,0.0,0.0,0.0,0.0,0.0,0.0,0.0,0.0,0.0,0.0,0.0,0.0,0.0,0.0,0.0,0.0,0.0,0.0,0.0,0.0,0.0,0.0,0.0,0.0,0.0,0.0,0.0,0.0,0.0,0.0,0.0,0.0,0.0,0.0,0.0,0.0,0.0,0.0,0.0,0.0,0.0,0.0,0.0,0.0,0.0,0.0,0.0,0.0,0.0,0.0,0.0,0.0,0.0,0.0,0.0,0.0,0.0,0.0,0.0,0.0,0.0,0.0,0.0,0.0,0.0,0.0,0.0,0.0,0.0,0.0
2026-09-19 21:30:00+01:00,0.0,0.0,0.0,0.0,0.0,0.0,0.0,0.0,0.0,0.0,0.0,0.0,0.0,0.0,0.0,0.0,0.0,0.0,0.0,0.0,0.0,0.0,0.0,0.0,0.0,0.0,0.0,0.0,0.0,0.0,0.0,0.0,0.0,0.0,0.0,0.0,0.0,0.0,0.0,0.0,0.0,0.0,0.0,0.0,0.0,0.0,0.0,0.0,0.0,0.0,0.0,0.0,0.0,0.0,0.0,0.0,0.0,0.0,0.0,0.0,0.0,0.0,0.0,0.0,0.0,0.0,0.0,0.0,0.0,0.0,0.0,0.0,0.0,0.0,0.0,0.0,0.0,0.0,0.0,0.0,0.0,0.0,0.0,0.0,0.0,0.0,0.0,0.0,0.0,0.0,0.0,0.0,0.0,0.0,0.0,0.0,0.0,0.0,0.0,0.0,0.0,0.0,0.0,0.0,0.0,0.0,0.0,0.0,0.0,0.0,0.0,0.0,0.0,0.0,0.0,0.0,0.0,0.0,0.0,0.0,0.0,0.0,0.0,0.0,0.0,0.0,0.0,0.0,0.0,0.0,0.0,0.0,0.0,0.0,0.0,0.0,0.0,0.0,0.0,0.0,0.0,0.0,0.0,0.0,0.0,0.0,0.0,0.0,0.0,0.0,0.0,0.0,0.0,0.0,0.0,0.0,0.0,0.0,0.0,0.0,0.0,0.0,0.0,0.0,0.0,0.0,0.0,0.0,0.0,0.0,0.0,0.0,0.0,0.0,0.0,0.0,0.0,0.0,0.0,0.0,0.0,0.0,0.0,0.0,0.0,0.0,0.0,0.0,0.0,0.0,0.0,0.0,0.0,0.0,0.0,0.0,0.0,0.0,0.0,0.0,0.0,0.0,0.0,0.0,0.0,0.0,0.0,0.0,0.0,0.0,0.0,0.0,0.0,0.0,0.0,0.0,0.0,0.0,0.0,0.0,0.0,0.0,0.0,0.0,0.0,0.0,0.0,0.0,0.0,0.0,0.0,0.0,0.0,0.0,0.0,0.0,0.0,0.0,0.0,0.0,0.0,0.0,0.0,0.0,0.0,0.0,0.0,0.0,0.0,0.0,0.0,0.0,0.0,0.0,0.0,0.0,0.0,0.0,0.0,0.0,0.0,0.0,0.0,0.0,0.0,0.0
2026-09-19 22:30:00+01:00,0.0,0.0,0.0,0.0,0.0,0.0,0.0,0.0,0.0,0.0,0.0,0.0,0.0,0.0,0.0,0.0,0.0,0.0,0.0,0.0,0.0,0.0,0.0,0.0,0.0,0.0,0.0,0.0,0.0,0.0,0.0,0.0,0.0,0.0,0.0,0.0,0.0,0.0,0.0,0.0,0.0,0.0,0.0,0.0,0.0,0.0,0.0,0.0,0.0,0.0,0.0,0.0,0.0,0.0,0.0,0.0,0.0,0.0,0.0,0.0,0.0,0.0,0.0,0.0,0.0,0.0,0.0,0.0,0.0,0.0,0.0,0.0,0.0,0.0,0.0,0.0,0.0,0.0,0.0,0.0,0.0,0.0,0.0,0.0,0.0,0.0,0.0,0.0,0.0,0.0,0.0,0.0,0.0,0.0,0.0,0.0,0.0,0.0,0.0,0.0,0.0,0.0,0.0,0.0,0.0,0.0,0.0,0.0,0.0,0.0,0.0,0.0,0.0,0.0,0.0,0.0,0.0,0.0,0.0,0.0,0.0,0.0,0.0,0.0,0.0,0.0,0.0,0.0,0.0,0.0,0.0,0.0,0.0,0.0,0.0,0.0,0.0,0.0,0.0,0.0,0.0,0.0,0.0,0.0,0.0,0.0,0.0,0.0,0.0,0.0,0.0,0.0,0.0,0.0,0.0,0.0,0.0,0.0,0.0,0.0,0.0,0.0,0.0,0.0,0.0,0.0,0.0,0.0,0.0,0.0,0.0,0.0,0.0,0.0,0.0,0.0,0.0,0.0,0.0,0.0,0.0,0.0,0.0,0.0,0.0,0.0,0.0,0.0,0.0,0.0,0.0,0.0,0.0,0.0,0.0,0.0,0.0,0.0,0.0,0.0,0.0,0.0,0.0,0.0,0.0,0.0,0.0,0.0,0.0,0.0,0.0,0.0,0.0,0.0,0.0,0.0,0.0,0.0,0.0,0.0,0.0,0.0,0.0,0.0,0.0,0.0,0.0,0.0,0.0,0.0,0.0,0.0,0.0,0.0,0.0,0.0,0.0,0.0,0.0,0.0,0.0,0.0,0.0,0.0,0.0,0.0,0.0,0.0,0.0,0.0,0.0,0.0,0.0,0.0,0.0,0.0,0.0,0.0,0.0,0.0,0.0,0.0,0.0,0.0,0.0,0.0
2026-09-19 23:30:00+01:00,0.0,0.0,0.0,0.0,0.0,0.0,0.0,0.0,0.0,0.0,0.0,0.0,0.0,0.0,0.0,0.0,0.0,0.0,0.0,0.0,0.0,0.0,0.0,0.0,0.0,0.0,0.0,0.0,0.0,0.0,0.0,0.0,0.0,0.0,0.0,0.0,0.0,0.0,0.0,0.0,0.0,0.0,0.0,0.0,0.0,0.0,0.0,0.0,0.0,0.0,0.0,0.0,0.0,0.0,0.0,0.0,0.0,0.0,0.0,0.0,0.0,0.0,0.0,0.0,0.0,0.0,0.0,0.0,0.0,0.0,0.0,0.0,0.0,0.0,0.0,0.0,0.0,0.0,0.0,0.0,0.0,0.0,0.0,0.0,0.0,0.0,0.0,0.0,0.0,0.0,0.0,0.0,0.0,0.0,0.0,0.0,0.0,0.0,0.0,0.0,0.0,0.0,0.0,0.0,0.0,0.0,0.0,0.0,0.0,0.0,0.0,0.0,0.0,0.0,0.0,0.0,0.0,0.0,0.0,0.0,0.0,0.0,0.0,0.0,0.0,0.0,0.0,0.0,0.0,0.0,0.0,0.0,0.0,0.0,0.0,0.0,0.0,0.0,0.0,0.0,0.0,0.0,0.0,0.0,0.0,0.0,0.0,0.0,0.0,0.0,0.0,0.0,0.0,0.0,0.0,0.0,0.0,0.0,0.0,0.0,0.0,0.0,0.0,0.0,0.0,0.0,0.0,0.0,0.0,0.0,0.0,0.0,0.0,0.0,0.0,0.0,0.0,0.0,0.0,0.0,0.0,0.0,0.0,0.0,0.0,0.0,0.0,0.0,0.0,0.0,0.0,0.0,0.0,0.0,0.0,0.0,0.0,0.0,0.0,0.0,0.0,0.0,0.0,0.0,0.0,0.0,0.0,0.0,0.0,0.0,0.0,0.0,0.0,0.0,0.0,0.0,0.0,0.0,0.0,0.0,0.0,0.0,0.0,0.0,0.0,0.0,0.0,0.0,0.0,0.0,0.0,0.0,0.0,0.0,0.0,0.0,0.0,0.0,0.0,0.0,0.0,0.0,0.0,0.0,0.0,0.0,0.0,0.0,0.0,0.0,0.0,0.0,0.0,0.0,0.0,0.0,0.0,0.0,0.0,0.0,0.0,0.0,0.0,0.0,0.0,0.0
2026-09-20 00:30:00+01:00,0.0,0.0,0.0,0.0,0.0,0.0,0.0,0.0,0.0,0.0,0.0,0.0,0.0,0.0,0.0,0.0,0.0,0.0,0.0,0.0,0.0,0.0,0.0,0.0,0.0,0.0,0.0,0.0,0.0,0.0,0.0,0.0,0.0,0.0,0.0,0.0,0.0,0.0,0.0,0.0,0.0,0.0,0.0,0.0,0.0,0.0,0.0,0.0,0.0,0.0,0.0,0.0,0.0,0.0,0.0,0.0,0.0,0.0,0.0,0.0,0.0,0.0,0.0,0.0,0.0,0.0,0.0,0.0,0.0,0.0,0.0,0.0,0.0,0.0,0.0,0.0,0.0,0.0,0.0,0.0,0.0,0.0,0.0,0.0,0.0,0.0,0.0,0.0,0.0,0.0,0.0,0.0,0.0,0.0,0.0,0.0,0.0,0.0,0.0,0.0,0.0,0.0,0.0,0.0,0.0,0.0,0.0,0.0,0.0,0.0,0.0,0.0,0.0,0.0,0.0,0.0,0.0,0.0,0.0,0.0,0.0,0.0,0.0,0.0,0.0,0.0,0.0,0.0,0.0,0.0,0.0,0.0,0.0,0.0,0.0,0.0,0.0,0.0,0.0,0.0,0.0,0.0,0.0,0.0,0.0,0.0,0.0,0.0,0.0,0.0,0.0,0.0,0.0,0.0,0.0,0.0,0.0,0.0,0.0,0.0,0.0,0.0,0.0,0.0,0.0,0.0,0.0,0.0,0.0,0.0,0.0,0.0,0.0,0.0,0.0,0.0,0.0,0.0,0.0,0.0,0.0,0.0,0.0,0.0,0.0,0.0,0.0,0.0,0.0,0.0,0.0,0.0,0.0,0.0,0.0,0.0,0.0,0.0,0.0,0.0,0.0,0.0,0.0,0.0,0.0,0.0,0.0,0.0,0.0,0.0,0.0,0.0,0.0,0.0,0.0,0.0,0.0,0.0,0.0,0.0,0.0,0.0,0.0,0.0,0.0,0.0,0.0,0.0,0.0,0.0,0.0,0.0,0.0,0.0,0.0,0.0,0.0,0.0,0.0,0.0,0.0,0.0,0.0,0.0,0.0,0.0,0.0,0.0,0.0,0.0,0.0,0.0,0.0,0.0,0.0,0.0,0.0,0.0,0.0,0.0,0.0,0.0,0.0,0.0,0.0,0.0
2026-09-20 01:30:00+01:00,0.0,0.0,0.0,0.0,0.0,0.0,0.0,0.0,0.0,0.0,0.0,0.0,0.0,0.0,0.0,0.0,0.0,0.0,0.0,0.0,0.0,0.0,0.0,0.0,0.0,0.0,0.0,0.0,0.0,0.0,0.0,0.0,0.0,0.0,0.0,0.0,0.0,0.0,0.0,0.0,0.0,0.0,0.0,0.0,0.0,0.0,0.0,0.0,0.0,0.0,0.0,0.0,0.0,0.0,0.0,0.0,0.0,0.0,0.0,0.0,0.0,0.0,0.0,0.0,0.0,0.0,0.0,0.0,0.0,0.0,0.0,0.0,0.0,0.0,0.0,0.0,0.0,0.0,0.0,0.0,0.0,0.0,0.0,0.0,0.0,0.0,0.0,0.0,0.0,0.0,0.0,0.0,0.0,0.0,0.0,0.0,0.0,0.0,0.0,0.0,0.0,0.0,0.0,0.0,0.0,0.0,0.0,0.0,0.0,0.0,0.0,0.0,0.0,0.0,0.0,0.0,0.0,0.0,0.0,0.0,0.0,0.0,0.0,0.0,0.0,0.0,0.0,0.0,0.0,0.0,0.0,0.0,0.0,0.0,0.0,0.0,0.0,0.0,0.0,0.0,0.0,0.0,0.0,0.0,0.0,0.0,0.0,0.0,0.0,0.0,0.0,0.0,0.0,0.0,0.0,0.0,0.0,0.0,0.0,0.0,0.0,0.0,0.0,0.0,0.0,0.0,0.0,0.0,0.0,0.0,0.0,0.0,0.0,0.0,0.0,0.0,0.0,0.0,0.0,0.0,0.0,0.0,0.0,0.0,0.0,0.0,0.0,0.0,0.0,0.0,0.0,0.0,0.0,0.0,0.0,0.0,0.0,0.0,0.0,0.0,0.0,0.0,0.0,0.0,0.0,0.0,0.0,0.0,0.0,0.0,0.0,0.0,0.0,0.0,0.0,0.0,0.0,0.0,0.0,0.0,0.0,0.0,0.0,0.0,0.0,0.0,0.0,0.0,0.0,0.0,0.0,0.0,0.0,0.0,0.0,0.0,0.0,0.0,0.0,0.0,0.0,0.0,0.0,0.0,0.0,0.0,0.0,0.0,0.0,0.0,0.0,0.0,0.0,0.0,0.0,0.0,0.0,0.0,0.0,0.0,0.0,0.0,0.0,0.0,0.0,0.0
2026-09-20 02:30:00+01:00,0.0,0.0,0.0,0.0,0.0,0.0,0.0,0.0,0.0,0.0,0.0,0.0,0.0,0.0,0.0,0.0,0.0,0.0,0.0,0.0,0.0,0.0,0.0,0.0,0.0,0.0,0.0,0.0,0.0,0.0,0.0,0.0,0.0,0.0,0.0,0.0,0.0,0.0,0.0,0.0,0.0,0.0,0.0,0.0,0.0,0.0,0.0,0.0,0.0,0.0,0.0,0.0,0.0,0.0,0.0,0.0,0.0,0.0,0.0,0.0,0.0,0.0,0.0,0.0,0.0,0.0,0.0,0.0,0.0,0.0,0.0,0.0,0.0,0.0,0.0,0.0,0.0,0.0,0.0,0.0,0.0,0.0,0.0,0.0,0.0,0.0,0.0,0.0,0.0,0.0,0.0,0.0,0.0,0.0,0.0,0.0,0.0,0.0,0.0,0.0,0.0,0.0,0.0,0.0,0.0,0.0,0.0,0.0,0.0,0.0,0.0,0.0,0.0,0.0,0.0,0.0,0.0,0.0,0.0,0.0,0.0,0.0,0.0,0.0,0.0,0.0,0.0,0.0,0.0,0.0,0.0,0.0,0.0,0.0,0.0,0.0,0.0,0.0,0.0,0.0,0.0,0.0,0.0,0.0,0.0,0.0,0.0,0.0,0.0,0.0,0.0,0.0,0.0,0.0,0.0,0.0,0.0,0.0,0.0,0.0,0.0,0.0,0.0,0.0,0.0,0.0,0.0,0.0,0.0,0.0,0.0,0.0,0.0,0.0,0.0,0.0,0.0,0.0,0.0,0.0,0.0,0.0,0.0,0.0,0.0,0.0,0.0,0.0,0.0,0.0,0.0,0.0,0.0,0.0,0.0,0.0,0.0,0.0,0.0,0.0,0.0,0.0,0.0,0.0,0.0,0.0,0.0,0.0,0.0,0.0,0.0,0.0,0.0,0.0,0.0,0.0,0.0,0.0,0.0,0.0,0.0,0.0,0.0,0.0,0.0,0.0,0.0,0.0,0.0,0.0,0.0,0.0,0.0,0.0,0.0,0.0,0.0,0.0,0.0,0.0,0.0,0.0,0.0,0.0,0.0,0.0,0.0,0.0,0.0,0.0,0.0,0.0,0.0,0.0,0.0,0.0,0.0,0.0,0.0,0.0,0.0,0.0,0.0,0.0,0.0,0.0
2026-09-20 03:30:00+01:00,0.0,0.0,0.0,0.0,0.0,0.0,0.0,0.0,0.0,0.0,0.0,0.0,0.0,0.0,0.0,0.0,0.0,0.0,0.0,0.0,0.0,0.0,0.0,0.0,0.0,0.0,0.0,0.0,0.0,0.0,0.0,0.0,0.0,0.0,0.0,0.0,0.0,0.0,0.0,0.0,0.0,0.0,0.0,0.0,0.0,0.0,0.0,0.0,0.0,0.0,0.0,0.0,0.0,0.0,0.0,0.0,0.0,0.0,0.0,0.0,0.0,0.0,0.0,0.0,0.0,0.0,0.0,0.0,0.0,0.0,0.0,0.0,0.0,0.0,0.0,0.0,0.0,0.0,0.0,0.0,0.0,0.0,0.0,0.0,0.0,0.0,0.0,0.0,0.0,0.0,0.0,0.0,0.0,0.0,0.0,0.0,0.0,0.0,0.0,0.0,0.0,0.0,0.0,0.0,0.0,0.0,0.0,0.0,0.0,0.0,0.0,0.0,0.0,0.0,0.0,0.0,0.0,0.0,0.0,0.0,0.0,0.0,0.0,0.0,0.0,0.0,0.0,0.0,0.0,0.0,0.0,0.0,0.0,0.0,0.0,0.0,0.0,0.0,0.0,0.0,0.0,0.0,0.0,0.0,0.0,0.0,0.0,0.0,0.0,0.0,0.0,0.0,0.0,0.0,0.0,0.0,0.0,0.0,0.0,0.0,0.0,0.0,0.0,0.0,0.0,0.0,0.0,0.0,0.0,0.0,0.0,0.0,0.0,0.0,0.0,0.0,0.0,0.0,0.0,0.0,0.0,0.0,0.0,0.0,0.0,0.0,0.0,0.0,0.0,0.0,0.0,0.0,0.0,0.0,0.0,0.0,0.0,0.0,0.0,0.0,0.0,0.0,0.0,0.0,0.0,0.0,0.0,0.0,0.0,0.0,0.0,0.0,0.0,0.0,0.0,0.0,0.0,0.0,0.0,0.0,0.0,0.0,0.0,0.0,0.0,0.0,0.0,0.0,0.0,0.0,0.0,0.0,0.0,0.0,0.0,0.0,0.0,0.0,0.0,0.0,0.0,0.0,0.0,0.0,0.0,0.0,0.0,0.0,0.0,0.0,0.0,0.0,0.0,0.0,0.0,0.0,0.0,0.0,0.0,0.0,0.0,0.0,0.0,0.0,0.0,0.0
2026-09-20 04:30:00+01:00,0.0,0.0,0.0,0.0,0.0,0.0,0.0,0.0,0.0,0.0,0.0,0.0,0.0,0.0,0.0,0.0,0.0,0.0,0.0,0.0,0.0,0.0,0.0,0.0,0.0,0.0,0.0,0.0,0.0,0.0,0.0,0.0,0.0,0.0,0.0,0.0,0.0,0.0,0.0,0.0,0.0,0.0,0.0,0.0,0.0,0.0,0.0,0.0,0.0,0.0,0.0,0.0,0.0,0.0,0.0,0.0,0.0,0.0,0.0,0.0,0.0,0.0,0.0,0.0,0.0,0.0,0.0,0.0,0.0,0.0,0.0,0.0,0.0,0.0,0.0,0.0,0.0,0.0,0.0,0.0,0.0,0.0,0.0,0.0,0.0,0.0,0.0,0.0,0.0,0.0,0.0,0.0,0.0,0.0,0.0,0.0,0.0,0.0,0.0,0.0,0.0,0.0,0.0,0.0,0.0,0.0,0.0,0.0,0.0,0.0,0.0,0.0,0.0,0.0,0.0,0.0,0.0,0.0,0.0,0.0,0.0,0.0,0.0,0.0,0.0,0.0,0.0,0.0,0.0,0.0,0.0,0.0,0.0,0.0,0.0,0.0,0.0,0.0,0.0,0.0,0.0,0.0,0.0,0.0,0.0,0.0,0.0,0.0,0.0,0.0,0.0,0.0,0.0,0.0,0.0,0.0,0.0,0.0,0.0,0.0,0.0,0.0,0.0,0.0,0.0,0.0,0.0,0.0,0.0,0.0,0.0,0.0,0.0,0.0,0.0,0.0,0.0,0.0,0.0,0.0,0.0,0.0,0.0,0.0,0.0,0.0,0.0,0.0,0.0,0.0,0.0,0.0,0.0,0.0,0.0,0.0,0.0,0.0,0.0,0.0,0.0,0.0,0.0,0.0,0.0,0.0,0.0,0.0,0.0,0.0,0.0,0.0,0.0,0.0,0.0,0.0,0.0,0.0,0.0,0.0,0.0,0.0,0.0,0.0,0.0,0.0,0.0,0.0,0.0,0.0,0.0,0.0,0.0,0.0,0.0,0.0,0.0,0.0,0.0,0.0,0.0,0.0,0.0,0.0,0.0,0.0,0.0,0.0,0.0,0.0,0.0,0.0,0.0,0.0,0.0,0.0,0.0,0.0,0.0,0.0,0.0,0.0,0.0,0.0,0.0,0.0
2026-09-20 05:30:00+01:00,0.0,0.0,0.0,0.0,0.0,0.0,0.0,0.0,0.0,0.0,0.0,0.0,0.0,0.0,0.0,0.0,0.0,0.0,0.0,0.0,0.0,0.0,0.0,0.0,0.0,0.0,0.0,0.0,0.0,0.0,0.0,0.0,0.0,0.0,0.0,0.0,0.0,0.0,0.0,0.0,0.0,0.0,0.0,0.0,0.0,0.0,0.0,0.0,0.0,0.0,0.0,0.0,0.0,0.0,0.0,0.0,0.0,0.0,0.0,0.0,0.0,0.0,0.0,0.0,0.0,0.0,0.0,0.0,0.0,0.0,0.0,0.0,0.0,0.0,0.0,0.0,0.0,0.0,0.0,0.0,0.0,0.0,0.0,0.0,0.0,0.0,0.0,0.0,0.0,0.0,0.0,0.0,0.0,0.0,0.0,0.0,0.0,0.0,0.0,0.0,0.0,0.0,0.0,0.0,0.0,0.0,0.0,0.0,0.0,0.0,0.0,0.0,0.0,0.0,0.0,0.0,0.0,0.0,0.0,0.0,0.0,0.0,0.0,0.0,0.0,0.0,0.0,0.0,0.0,0.0,0.0,0.0,0.0,0.0,0.0,0.0,0.0,0.0,0.0,0.0,0.0,0.0,0.0,0.0,0.0,0.0,0.0,0.0,0.0,0.0,0.0,0.0,0.0,0.0,0.0,0.0,0.0,0.0,0.0,0.0,0.0,0.0,0.0,0.0,0.0,0.0,0.0,0.0,0.0,0.0,0.0,0.0,0.0,0.0,0.0,0.0,0.0,0.0,0.0,0.0,0.0,0.0,0.0,0.0,0.0,0.0,0.0,0.0,0.0,0.0,0.0,0.0,0.0,0.0,0.0,0.0,0.0,0.0,0.0,0.0,0.0,0.0,0.0,0.0,0.0,0.0,0.0,0.0,0.0,0.0,0.0,0.0,0.0,0.0,0.0,0.0,0.0,0.0,0.0,0.0,0.0,0.0,0.0,0.0,0.0,0.0,0.0,0.0,0.0,0.0,0.0,0.0,0.0,0.0,0.0,0.0,0.0,0.0,0.0,0.0,0.0,0.0,0.0,0.0,0.0,0.0,0.0,0.0,0.0,0.0,0.0,0.0,0.0,0.0,0.0,0.0,0.0,0.0,0.0,0.0,0.0,0.0,0.0,0.0,0.0,0.0
2026-09-20 06:30:00+01:00,0.5141636338293449,0.19670582113101884,0.16145912790364583,0.13882098344804022,0.11350657231383354,0.10481041824290774,0.06263763816866909,0.06203631113279636,0.04330494712005103,0.04319036893747551,0.04178850460622543,0.018984692616545062,0.018733942241574764,0.014988628038666166,0.011005552543549135,0.01044580118102916,0.008308991002229047,0.007937855872075236,0.0016492224749059619,0.00011626760952347878,7.567151921759156e-05,0.30787363572418486,0.18476221706090717,0.11404452383782589,0.09425363216230054,0.05415250613385356,0.05242048751867663,0.015255888620002787,0.3101629199477768,0.26882646538374366,0.20287584207794732,0.10444892528036011,0.09638473606076385,0.08222139171992636,0.02765507694199274,0.020364656759702664,0.017710471794424417,0.0113571866298215,0.010857792152215712,0.006518059079049667,0.2029583262951133,0.12310075254270965,0.08481306967060312,0.06206348940060797,0.03334488412548108,0.032798074307113574,0.012370278628212352,0.007647686389295032,0.20260423029370694,0.159662077000973,0.14642891059158358,0.13287999333088213,0.11068097622082629,0.09364593325317855,0.09217124016474786,0.09104800488881368,0.09026332009476355,0.07082098746067832,0.05172034284941637,0.04816925458243079,0.04779273343961255,0.0342363482226895,0.026926982477233786,0.014303159686702682,0.0737226590466317,0.05185804888418618,0.047288248913249495,0.03476487455465361,0.01599807734930187,0.009470044893976912,0.13300147959866496,0.08459312366494406,0.05289818554013113,0.050254891655540104,0.03702370287228575,0.03047541418239497,0.027483860329659344,0.019363295685195406,0.01661478227753043,0.01296723055316343,0.012323044603366296,0.0023384913175575864,0.002317872786904891,0.0008568550235027324,0.08937127254979048,0.0836490674389144,0.06685933647232947,0.06186212568113621,0.05617964060765451,0.023531651107752623,0.012414457767901548,0.0021281828830673325,0.0007482141589609107,0.1747017927418651,0.07335568233347564,0.06558052105735786,0.04067539190374254,0.013130829586845198,0.01288050728832725,0.006963990846847024,0.0012745606879865322,0.0009382091846934361,0.06137401942473425,0.044515299914024295,0.022437483038738763,0.0180349240891434,0.016962103040552574,0.016584855218736875,0.006848175005856775,0.0038372000723551902,0.0031029511775521605,0.001137435791545995,0.00022902727389095362,0.05384545071697683,0.04126594838835534,0.039753755333529206,0.029207963188193874,0.01940392301263047,0.014578311521017046,0.010739052656819471,0.0066471539369926235,0.005936713514198935,0.002717893026393622,0.0014653334697819853,0.15122321765211358,0.1255253001370068,0.11687410269839037,0.08124085506723902,0.07678258307288051,0.06147230049946211,0.042845890045825084,0.04038744808424423,0.025775387693417227,0.02340274150301535,0.009515443564629416,0.009285718070312067,0.009107859245183049,0.11357288533354298,0.07756856398613393,0.07326499087662096,0.056079200610710665,0.055543551096166155,0.048958567511858106,0.04747745263552767,0.01911472069594887,0.015381072947157255,0.01537583199653008,0.005604006063613001,0.0031642031796059347,0.002343014994611517,0.15928818291053207,0.11074852038010921,0.10356664959210318,0.0930810379653669,0.05740776608706994,0.02158388824978856,0.015525792079197557,0.013951091941662283,0.010670035579348832,0.00647127693103081,0.0024587215571231016,0.0012489782431409301,0.23254158682582252,0.10622618071849213,0.09543688062784352,0.06759333514921892,0.06756661007888294,0.0617949571779821,0.04308004202025427,0.02860572123078291,0.024730817033742112,0.019088833081256883,0.013655458031737299,0.011738744684702576,0.010785386570490848,0.005979364547652449,0.004616737634620715,0.0018787810018225752,0.2030779144239556,0.15880218404049734,0.08281223484371704,0.08221967967728076,0.07281410367238121,0.055699921489736196,0.04738861448735004,0.04055604588960017,0.03076300993333214,0.023063145375355622,0.015584715983566118,0.008245453172871849,0.006171684495172288,0.28378993476623915,0.17089500909790029,0.09435187521153082,0.06816178238757067,0.05349292854064318,0.04755150209355206,0.03154879855223548,0.013365501497476099,0.003999649906870079,0.0033846749350318938,0.0015452267704354982,0.1850182317257154,0.17033060861846186,0.15285024646306847,0.131794956637322,0.129314001741996,0.11717946793929021,0.1120716553100892,0.09674864500076927,0.0844968595584241,0.05488645244987028,0.045871506542912936,0.04412290653499188,0.04305064855796476,0.04157039529106092,0.04148220226256329,0.034808638995939355,0.1546571715628873,0.05007417014988754,0.04971403818647888,0.036929547559984045,0.0312942338887892,0.01822283997800187,0.016609191793955702,0.014625071270597291,0.009932400128563392,0.009029459358919417,0.0028673543195748994,0.043374312284694176,0.016283479032723536,0.012690642949120774,0.012001329288189855,0.006832524943578126,0.043592345081725825,0.0381359958300175,0.03217292350040894,0.02820238183588056,0.027629780090632685,0.016057710239209766,0.11454760816833216,0.11283672755575927,0.07700851361656669,0.0707985168913601,0.04373536252185863,0.036485250920664264,0.02521002204659965,0.02287138667789709,0.021333866768217954,0.0031246730910480984,0.4100915997513758,0.2418046820908816,0.06358867678765376,0.03170692966303239,0.03119737476786207,0.026208455414729263,0.025359446338774353,0.003115180893517828,0.0015917817912262165,0.16504069354544082,0.05838127778911278,0.055226757687590826,0.029230159363541633,0.011414562254128399,0.007994806135055892,0.0018291144690878996
2026-09-20 07:30:00+01:00,3.196449932455366,1.222879774644881,1.00375830674405,0.8630216024051881,0.7056470966326949,0.6515848890712433,0.3894053587614482,0.385667031822836,0.26921798079327736,0.2685056717152769,0.25979056848332954,0.11802394303908069,0.11646507934977707,0.09318122856136285,0.06841926454903208,0.06493940505062067,0.05165529411335714,0.04934802307422,0.010252878114415106,0.0007228118990839055,0.00047043432591762697,1.8821774513782383,1.129539000638025,0.6972082254325422,0.5762171247599459,0.3310599354862339,0.32047128480432263,0.09326647763705048,2.0490077990178546,1.7759296444798713,1.340244613121454,0.6900136951719622,0.6367398009021683,0.5431734809196321,0.1826958178821728,0.1345336203695084,0.11699946220899471,0.07502819480589029,0.07172907968415687,0.0430598018927621,1.1236258173481906,0.6815151968234862,0.46954543068053967,0.34359831536962154,0.18460525056456625,0.1815779806795958,0.06848481995382233,0.04233942024876248,1.011518011373725,0.7971258368381617,0.7310581829140622,0.6634141173190629,0.5525837283925171,0.4675348981616697,0.4601723736080927,0.4545645306179898,0.4506469282990147,0.35357950964745455,0.25821799609400303,0.240488900621383,0.2386090883535367,0.1709277383829083,0.1344351385367528,0.07140968192855998,0.4422292322858795,0.3110732228390106,0.28366103832231965,0.20853892118968265,0.09596530504626616,0.0568065603890825,0.8949912632566042,0.5692425891814694,0.3559615580473543,0.33817435041577604,0.24913926299235542,0.2050746316482609,0.18494391904386598,0.130299155455998,0.11180390642398283,0.08725886425275427,0.08292401926666225,0.015736135453010957,0.015597389592054863,0.005765934049956054,0.6909335356838509,0.6466948972895822,0.5168926929687223,0.47825901995491277,0.43432745904864906,0.18192430785071598,0.09597676025476011,0.016453082540145735,0.005784479056304909,1.3077647673684807,0.5491184454171033,0.49091594034871694,0.30448367813384436,0.098293417774875,0.09641958077898241,0.0521303286408731,0.009540975713309233,0.007023150117162813,0.44244701781666673,0.32091203865714313,0.1617524410304661,0.130014270770991,0.12228027390963073,0.11956068384033632,0.04936868461978012,0.027662482345017163,0.02236926158343445,0.008199806345494935,0.0016510640052832442,0.32470201542675164,0.248844357912872,0.23972544208844615,0.17613158377234578,0.11701068197020718,0.08791099469617435,0.06475926926067845,0.04008406005435983,0.03579992027931634,0.01638959896580602,0.008836340388557146,0.7487242798136146,0.6214908094316342,0.5786576937743907,0.4022332129024807,0.3801597737837051,0.30435672930744967,0.21213513814613202,0.19996309726691544,0.12761703452221704,0.1158697787916329,0.0471121018362664,0.04597470337352988,0.045094103007919564,1.010843385723376,0.6903907531728986,0.6520872584615304,0.4991269601675691,0.4943594686377634,0.4357505226578651,0.4225680172399726,0.17012853841570078,0.13689760375728266,0.13685095723367957,0.049877859898694005,0.028162653839392034,0.020853755744587452,1.1160470542124412,0.7759556149750954,0.7256360897583974,0.6521690204893124,0.4022254950725226,0.15122675429825821,0.10878091643518646,0.09774783527591883,0.0747592292101339,0.04534077433682829,0.017226946160200242,0.008750922156076021,0.9646302605118448,0.44064801388152697,0.39589178124698166,0.2803910362179359,0.2802801751375059,0.25633817354812966,0.1787048618877167,0.11866240658126948,0.10258850816132956,0.07918440000081399,0.05664564441296992,0.048694723803395235,0.044739998549189565,0.024803632158997453,0.019151175873478154,0.007793569451258108,0.8529007372012514,0.6669484479466953,0.3478005786490274,0.3453119242834382,0.30580973256979843,0.23393240094770165,0.19902599623329087,0.17033009983052794,0.1292006268879297,0.09686220064164716,0.0654537731941947,0.034629827224930465,0.02592026942288236,1.2899168831039547,0.7767729946277503,0.4288597370027296,0.30981730890705605,0.24314263191922664,0.21613693035995163,0.1433994758400975,0.060750519735475114,0.018179700226600978,0.01538444041756696,0.007023554591711577,1.137489801413894,1.0471904761221051,0.9397214256868027,0.8102737641282064,0.7950208841018488,0.7204179202925716,0.6890151513921394,0.5948094734368418,0.5194856479965522,0.33744123114348545,0.2820174551522426,0.27126708392011933,0.26467485513284394,0.2555742763471335,0.2550320666981915,0.2140030822350347,1.356808182456826,0.4393009590342619,0.43614151941837304,0.3239831156710405,0.27454447908845614,0.15986907131364791,0.14571252727760123,0.12830582745328334,0.08713699875463086,0.07921549461650139,0.025155314580547587,0.5091408029161694,0.19114040436129365,0.14896660719893032,0.140875234856612,0.08020224534939044,0.4850861041621291,0.4243690402717376,0.3580132725381177,0.3138299512726852,0.30745816399402454,0.1786866957283275,0.6822201395645981,0.6720305142293175,0.45864562121586666,0.4216602585329522,0.26047811561219025,0.21729805949825426,0.1501452979601593,0.1362169045773628,0.1270597771249658,0.018609859658841068,2.3491715974732768,1.3851556375413134,0.3642618222880662,0.18163019835723598,0.17871126052038855,0.15013269989254427,0.1452692303446689,0.017845024088472453,0.009118373981790441,1.1164879394992377,0.3949449747443803,0.37360488235506023,0.19773984038699816,0.07721865933560629,0.0540842651389294,0.012373822484803811
2026-09-20 08:30:00+01:00,6.3371192267507475,2.424419307564082,1.9900002187089834,1.7109827794180612,1.3989800803596149,1.2917990945103868,0.7720152788726354,0.7646038618258614,0.5337378899476676,0.5323257021615386,0.5150475813020428,0.2339882727571354,0.23089774881147135,0.18473636927416942,0.13564455756100643,0.1287455649286286,0.10240916154058709,0.09783488320918533,0.02032683520823431,0.001433010145568047,0.0009326591921325986,3.8384178985768185,2.3035249487314604,1.4218513400931465,1.1751081830915937,0.6751469586151579,0.6535529977112782,0.19020295713197719,3.6605748483551483,3.172717737896063,2.3943616631364133,1.232717014926829,1.1375426200165635,0.9703853657858112,0.32638807727316366,0.2403457845396376,0.2090208191684842,0.13403869080223996,0.1281447855461281,0.07692680714019424,2.2462711392637598,1.362435691631915,0.9386811278509708,0.6868968008726853,0.36904941137645697,0.3629975132548741,0.13690987886252456,0.08464189438296191,2.2911522737045606,1.805540438197525,1.6558930233176337,1.502674936296006,1.25163709541786,1.0589961156545005,1.0423195318651277,1.029617412799642,1.0207437957610288,0.8008799530558236,0.5848800932953688,0.5447225706946065,0.5404646770108701,0.38716213852022696,0.30450409173234966,0.1617474461902494,1.0134110394366265,0.7128543639430707,0.6500366929793157,0.47788709894512554,0.21991377420731129,0.1301777250525683,2.2111267758322573,1.4063461651048033,0.8794232574981122,0.8354789502449205,0.6155127071397662,0.506648531329181,0.4569144618655336,0.3219114681061228,0.27621790433705484,0.2155779828240166,0.2048685019482439,0.038877016879101965,0.038534237345054206,0.014245067733008043,1.1149811465384172,1.0435918663679005,0.8341259725845819,0.7717816010824903,0.7008878614986858,0.2935769692374772,0.15488071234518946,0.026550856033563455,0.00933459552508598,3.0071152706056177,1.2626601540181444,1.1288274907244018,0.7001393071698049,0.2260189637817033,0.22171020429714175,0.11987011061102328,0.021938818417399288,0.016149251373068413,0.9645680895519554,0.6996126080117598,0.35263260174073835,0.2834409810035822,0.26658028067843226,0.26065136785526855,0.10762748055661213,0.060306311656176774,0.04876668853300278,0.017876200364960654,0.003599444880796906,0.7938384784933933,0.6083800441078031,0.5860859223603372,0.43061028830605497,0.2860702346445946,0.21492669264997172,0.15832485582411787,0.0979983730731386,0.0875244159090484,0.040069644437015765,0.021603275237705846,1.6478827295770846,1.3678519570758685,1.2735796682660008,0.8852833849188173,0.8367014969169263,0.6698650108971583,0.4668926064137815,0.4401029102741552,0.28087496673856366,0.25502018900493123,0.10368999785793852,0.10118667409253636,0.09924854256231572,2.143985472715556,1.4643096707217398,1.3830684642447912,1.0586416914368468,1.0485299048578773,0.9242211043782158,0.8962611844646774,0.36084038339586055,0.2903580098069757,0.2902590731463909,0.10579028219729168,0.05973261689946593,0.04423054055595244,2.4248076464171526,1.6858994442664252,1.5765714647256053,1.4169513925690185,0.873905318198281,0.3285666036939904,0.23634558862076072,0.21237428789687504,0.16242751588722798,0.09851077146921809,0.03742855699139616,0.01901291068074921,4.061256247474372,1.8552025294789627,1.6667712342550123,1.1804935986267686,1.1800268547623798,1.0792269861367554,0.7523776378427458,0.49958876452083595,0.43191493854671514,0.33337969206478846,0.23848772600427975,0.20501300794839575,0.18836294698393335,0.10442747878584484,0.08062968356536289,0.0328122431150487,2.0190620932529852,1.5788593803095006,0.8233443045975531,0.8174529417770002,0.7239398582367726,0.553785478820278,0.4711519489186805,0.40322048382362574,0.30585515616970027,0.22930077212310776,0.15494796352320817,0.08197879119579066,0.061360755309439095,2.935598204195373,1.7677832098836996,0.9760007720555225,0.7050835193874272,0.5533450123606882,0.49188532450105205,0.3263491231665835,0.13825628532766782,0.04137343734086089,0.03501197344877346,0.015984234733700305,2.510139413726208,2.310872664111345,2.0737168681489817,1.7880600852142816,1.754401009520234,1.5897719819846128,1.5204743691012876,1.3125873313990941,1.1463675527291783,0.7446436293817416,0.6223380013222866,0.5986147727637545,0.5840674658053342,0.563984893223727,0.562788379805655,0.47224825287166755,2.8712208484670216,0.9296303550047802,0.9229444807508478,0.6855995477426994,0.5809795683594181,0.3383082564770816,0.3083507688203236,0.2715154371317346,0.18439568004676452,0.16763252359864306,0.053232626842381926,1.0230376634131966,0.38406631631491517,0.29932476219250825,0.28306643324405345,0.1611536871780475,0.9477473110133992,0.8291200538295603,0.6994760588765554,0.6131519536060421,0.6007029384561839,0.3491129387903275,1.4728437552724254,1.4508453926131057,0.9901691549621401,0.910321526161879,0.5623457059027744,0.46912436529516316,0.3241483967700999,0.2940784149194876,0.27430910996595137,0.04017679044554936,4.937187217378394,2.9111422575959307,0.7655587249198635,0.38172702861884006,0.375592379880576,0.3155296307929282,0.305308214992692,0.037504380232665384,0.019163827586964353,2.0430728686608264,0.722713908469165,0.6836634519143989,0.3618461862912708,0.14130322618057078,0.09896935812523451,0.022642986194429213
2026-09-20 09:30:00+01:00,8.402779774276809,3.2146880614097246,2.638664823913682,2.268698280496385,1.8549945335160216,1.712876610867639,1.0236629829149972,1.0138357249715964,0.7077162013120258,0.705843693861531,0.6829335608340793,0.31025957621910394,0.3061616586680309,0.24495341996370137,0.17985953932395243,0.1707117367215462,0.1357906645753783,0.1297253449767248,0.02695261263853242,0.0019001171094719343,0.0012366707198537912,4.990506831429223,2.9949206409428006,1.8486155008402183,1.5278131694731145,0.8777901724658129,0.8497148528273796,0.24729177020488385,4.565315872282377,3.9568808854153645,2.9861477384113226,1.5373931110319428,1.418695585720052,1.2102240484559805,0.40705756101898866,0.2997492116540141,0.26068202479622254,0.16716744991415255,0.15981681775113404,0.09593989692600903,2.960100910731092,1.795396406568274,1.2369792821842789,0.9051818412749322,0.48632753171475,0.47835243519669535,0.1804176931382706,0.11153976217275824,2.9164767037721004,2.298326779130774,2.1078360796316797,1.9128001640691663,1.5932465389831503,1.348028036433233,1.3267999108833026,1.3106310011306872,1.299335506864186,1.0194642025380254,0.7445114784264899,0.6933937589756756,0.6879737579228093,0.4928303415429954,0.3876124253866143,0.20589319362250416,1.408756914502384,0.9909488599969013,0.9036251336120757,0.6643175659154942,0.3057052251780206,0.18096188332815574,3.2475943105209923,2.0655721120731707,1.2916536486315757,1.227110410416962,0.9040348059681423,0.74414045624279,0.6710934999151035,0.472807739356965,0.4056952791643565,0.31663034347243646,0.3009007844345103,0.057100651218462,0.05659719348971303,0.020922455206255748,1.5337533570418578,1.4355512049621866,1.1474126846173778,1.061652589587194,0.9641320966017417,0.4038406061986632,0.2130518648122126,0.03652300731742454,0.012840546468141761,4.541221484592925,1.9068172993620585,1.7047087297868608,1.0573215117514239,0.3413245193105581,0.33481760840677566,0.1810228982534742,0.03313109893642748,0.024387933516329858,1.8228498549662484,1.3221344919664204,0.6664084100460512,0.5356494338868973,0.503785923705252,0.4925814084440933,0.20339542583679432,0.11396743542187229,0.09215974702300177,0.033782611715625216,0.006802264816750638,1.276262007012577,0.9780986399059853,0.9422561589267261,0.6922964377297111,0.45991795775254496,0.34553977862426205,0.2545404433374884,0.15755295780025866,0.14071387283051093,0.0644203653701975,0.03473180018339087,2.6503487243510744,2.1999652186824896,2.048343725293204,1.4238329268193433,1.3456969389960936,1.0773678522465842,0.7509200755658685,0.7078332492310639,0.45174125344996546,0.41015808982138646,0.16676833164049354,0.16274214650657076,0.15962498025648017,3.114109098805354,2.126889443559314,2.008887720363238,1.5376623422277984,1.5229751127705655,1.3424183079033287,1.3018069128576633,0.5241156413836128,0.4217409734151118,0.42159726929078195,0.1536589144601352,0.08676079579330243,0.06424424537537182,3.6006405657289786,2.503422462286859,2.341079375532941,2.1040566542623242,1.2976777535159965,0.4878944701252612,0.3509538231522893,0.3153584067788528,0.24119154505236473,0.14628041957778545,0.05557833868556489,0.02823261365528953,5.55419947096566,2.5371865944617995,2.2794867753732864,1.6144504363763423,1.6138121145451905,1.4759575831198415,1.0289563680379274,0.6832407222094461,0.5906895741115062,0.4559321541083397,0.3261573072195398,0.2803770732260952,0.2576063456075477,0.1428156737923928,0.11026966005441476,0.044874229116701435,3.3849329263950976,2.646938457423534,1.3803266653884576,1.3704498676122683,1.2136763257871779,0.9284145879823414,0.7898804848842432,0.6759942137750472,0.5127624317677743,0.3844199424084151,0.2597683673821795,0.13743644165872168,0.10287055644770034,3.6312678137596617,2.1867073847440586,1.2072906246858868,0.8721721815692839,0.6844751200686051,0.6084508923492045,0.4036863986733222,0.1710198617245508,0.05117799538975037,0.04330901010194156,0.01977213265531832,3.6308769957175744,3.3426407912933778,2.999598680065544,2.586400657614421,2.5377133365172972,2.299580049721442,2.1993421477545945,1.8986368328333505,1.658202549659431,1.0771152427411406,0.9002020844760983,0.8658868092502261,0.8448443596172944,0.815795235730927,0.8140644979794744,0.6830996351211355,4.2150769111775785,1.3647377377475431,1.3549225839554433,1.0064899137058612,0.8529032400155429,0.49665121423823766,0.45267232121567313,0.39859645442923747,0.2707008671593423,0.24609182541995137,0.07814780825531228,1.558808515728395,0.5852041091807985,0.45608290384672456,0.43130999222995176,0.24555082270974965,1.309550481720047,1.1456371896589865,0.9665015128072284,0.847223122536539,0.8300216875158423,0.482387036982172,2.272606997215039,2.23866338797076,1.5278371123468153,1.4046317286984065,0.8677028921184456,0.7238617886774102,0.500162975195905,0.4537648077628696,0.42326064830491383,0.06199303542235497,7.251036732981667,4.27547073168756,1.124343516103512,0.560626240128057,0.5516165426248879,0.4634049393894628,0.448393181040557,0.05508108701196248,0.02814509793926577,2.7306974592888387,0.9659533264435323,0.9137598955904933,0.48363055313176095,0.1888607923091447,0.13227887214672351,0.03026379813480103
2026-09-20 10:30:00+01:00,10.798302664241005,4.131153688508039,3.39091374087076,2.9154745625535035,2.3838292745382015,2.201195386230388,1.3154959445128698,1.3028670635374022,0.9094768573548506,0.9070705224591785,0.8776290093939692,0.3987105337151811,0.3934443533322256,0.3147864443033833,0.23113514751588862,0.21937942573487648,0.17450281150437066,0.16670834841703477,0.03463645087473082,0.002441815708224557,0.0015892294083281924,6.487849457357385,3.8935112026696665,2.4032707456596847,1.9862154641457261,1.1411607450850831,1.1046617574203013,0.321488744796132,5.752515562129943,4.985858483318217,3.7626884571827874,1.937188585354385,1.787624046854752,1.5249399750572883,0.5129119254729099,0.37769829142487094,0.3284717742122228,0.21063895336380808,0.20137680653931744,0.12088884220405448,4.060040367528025,2.4625450639051363,1.6966265579856943,1.241537003757717,0.6670412496560741,0.6561026989867873,0.2474588330763181,0.15298665507117,3.6880011687660925,2.9063259228773366,2.665442832166173,2.418812134374005,2.0147238242303285,1.7046352427451823,1.6777914309164783,1.6573451993425405,1.6430615961158228,1.289153164025831,0.9414644728844799,0.8768240768767113,0.8699702692698028,0.6232036324045286,0.4901513788898752,0.2603601591395103,1.862200557731372,1.3099105323087832,1.194479480788838,0.8781447878078807,0.4041040970002929,0.23920899098539317,3.9100716951170793,2.4869285623132025,1.5551383234806844,1.4774288977569787,1.0884490389594323,0.8959378102493553,0.807989991328118,0.5692558805460478,0.48845313676162083,0.3812198278017552,0.362281593006966,0.06874862398260678,0.06814246581546998,0.02519043084578244,2.1852013323686594,2.0452886974063804,1.6347659261450385,1.5125800003156968,1.3736385530310646,0.5753682798334063,0.3035437325784897,0.05203582693769993,0.018294453356335377,5.7816187662280605,2.427648754671613,2.170335892342411,1.3461201826465476,0.43455450321348754,0.4262702831376515,0.23046781338679784,0.04218058599574742,0.031049296883209468,2.510357779826146,1.8207920958722335,0.917751690926652,0.7376755249226717,0.6937943404909764,0.6783639187376987,0.28010825369920694,0.15695151050355066,0.12691881193379237,0.04652409627272123,0.009367814006537481,1.6629428018520296,1.2744421472987482,1.2277401414273237,0.902047833081879,0.5992635157081375,0.45023113158542677,0.3316608938466421,0.20528822110572695,0.18334724426370397,0.08393839375960677,0.04525481193750186,3.252043721740096,2.699411972367782,2.5133686335697107,1.747078370452324,1.651203572427481,1.3219571174585591,0.9213975862253749,0.8685289799984284,0.5542977396277011,0.5032741648935793,0.20462888559290485,0.1996886564196504,0.19586381599767563,3.605065971277066,2.4622055664605846,2.325600205714095,1.7800834875715161,1.7630807335097138,1.5540581294657205,1.5070441188193422,0.606745429853746,0.48823081777557126,0.48806445788511255,0.17788410942831623,0.10043912484483673,0.07437271319170417,3.995133437091027,2.7777020793026854,2.5975723822858887,2.3345810112194374,1.439853739633493,0.5413490949143401,0.38940497618561215,0.3499096598482253,0.26761693892854926,0.16230717417599197,0.0616676047517994,0.0313258312713266,5.939599848249339,2.713239448857154,2.4376580956210416,1.7264755464822752,1.7257929321341114,1.5783728118783065,1.1003546270531577,0.7306501163969603,0.6316769361805409,0.48756883282822805,0.34878903838320013,0.29983215948432124,0.27548139372326785,0.15272551135752463,0.11792116209536067,0.047988007244818276,3.9156365728245213,3.061936308717731,1.5967399328045333,1.5853146102247957,1.4039614704816932,1.073975229198719,0.9137211820817333,0.7819793549925056,0.5931554257231922,0.4446908752843601,0.30049591584310564,0.1589842898219189,0.11899902357072838,4.956491166283021,2.9847415259928614,1.6478887328875929,1.1904695371257081,0.9342728380719465,0.8305037325031228,0.5510108787325474,0.23343319120796271,0.06985529436748941,0.0591145398798016,0.026987929800527666,4.175940151472908,3.844434253426015,3.4498950477156782,2.974668204587153,2.9186719978093048,2.6447904108246996,2.5295049081716314,2.183658050836064,1.9071300444946793,1.2388105670424334,1.0353394051732154,0.9958727595684272,0.9716714411511012,0.9382614955800263,0.936270941431129,0.7856457812047369,5.142389854675149,1.6649787524101518,1.6530042740444726,1.227916745089218,1.0405411480973839,0.6059140127759368,0.5522598047828737,0.48628729832446993,0.33025480252578976,0.30023179482257645,0.09534025233834847,1.9355189467424827,0.7266278247791839,0.5663024629219281,0.5355427901869896,0.30489201524591547,1.5449040008720905,1.3515320734541882,1.1402019813880058,0.9994867780269763,0.9791938865690533,0.5690820428882915,2.9812222329239133,2.936694761755896,2.0042277319379425,1.8426060219816383,1.1382589056206798,0.9495671097614652,0.6561173945018496,0.5952519441675863,0.5552363680102674,0.08132291052260486,8.915368862934553,5.25682051261671,1.3824143420922523,0.689306910037741,0.6782292145933293,0.5697703817677428,0.5513129710704591,0.06772386158925292,0.03460524874610478,3.125001147594014,1.1054337943553934,1.0457038045838083,0.553465206629622,0.21613166654327806,0.15137950410976983,0.03463379056515364
2026-09-20 11:30:00+01:00,12.986238144618218,4.9682016960537,4.077975468554908,3.506203535049516,2.8668370963318877,2.6471982104265184,1.5820397098421541,1.566851984423922,1.0937536596136164,1.0908597568418053,1.0554528496739952,0.47949664892608457,0.47316344317217973,0.3785679895747454,0.2779673956697497,0.26382974761922345,0.20986030282384793,0.20048653761195248,0.041654435287607296,0.0029365726520411933,0.0019112366271529428,7.969887168459968,4.7829169246864,2.952256645913301,2.439932252672765,1.4018393057949192,1.3570027516542489,0.3949273235755126,6.296781184405705,5.45758799724887,4.118689575729984,2.12047277459055,1.9567574118579876,1.6692198810381824,0.5614403171434941,0.41343364813874917,0.3595496379156362,0.2305682416534029,0.22042977071460176,0.13232655848969707,4.990627058795906,3.0269758221423486,2.0855039956438857,1.526105064128254,0.8199312835634411,0.806485548542981,0.30417794812238597,0.18805215498330555,4.057156788969188,3.197238669233943,2.932244049627123,2.6609265081930236,2.216390415111735,1.8752630846192648,1.8457323040097033,1.8232394783724513,1.8075261379611172,1.418192747807189,1.035701672246087,0.9645910056536686,0.9570511566161586,0.685584069097852,0.5392137647155372,0.2864212723618469,1.906496133382368,1.3410689598148982,1.2228921863833966,0.8990329401174575,0.41371639333713883,0.24489897959193743,3.6519689435853913,2.322767095504967,1.4524840727149009,1.3799042246979885,1.016600818833883,0.8367972031051403,0.7546547953949376,0.5316794572599961,0.45621048025230504,0.35605561236884015,0.338367485216781,0.06421054632124644,0.06364440048713074,0.02352761747034369,2.2171044991302735,2.075149189170895,1.6586329306106988,1.5346631334694034,1.3936931901843514,0.5837684532677557,0.3079753637405471,0.052795531611032,0.018561545906387544,6.10250307629041,2.562385136853508,2.290791211791327,1.42083089318192,0.45867261400326537,0.44992861331045625,0.24325895515529053,0.044521641119328555,0.03277255685781858,2.705036224936442,1.961994667450725,0.9889234074137415,0.7948823204408043,0.7475981466729227,0.7309710944877341,0.3018306710099771,0.16912311260269836,0.13676137587470918,0.05013204363198663,0.010094288726408475,2.020289340786421,1.5483045374555957,1.4915668285276014,1.095887134557601,0.7280380851097212,0.5469804223087062,0.40293085718151456,0.24940220699533736,0.2227463763852807,0.10197575166530376,0.054979530309043324,4.175387852382959,3.465848839194157,3.226982709676506,2.243121688795869,2.120025414183546,1.6972968883254127,1.1830075539949576,1.1151281049159971,0.7116780236295369,0.6461674609314403,0.26272862121733837,0.25638572590504616,0.25147490870770806,3.844611164783297,2.6258113128100704,2.480128959344246,1.8983643864191209,1.8802318533063045,1.657320360534109,1.607182418074133,0.6470617382268353,0.5206722062693093,0.5204947922920546,0.18970394400393562,0.10711298595812724,0.07931454396956901,4.521941452054838,3.1439766334822274,2.940094596370742,2.64242454327133,1.62971635682979,0.6127327036435476,0.44075286374722067,0.3960495989075639,0.3029055595935687,0.18370939304763453,0.06979924514840229,0.03545653159685939,7.149403031030429,3.265883701793164,2.934170756062915,2.078131493766941,2.0773098415993756,1.89986255869826,1.3244795789031003,0.8794720671849335,0.7603396049470018,0.5868789447635144,0.4198318863083046,0.36090326025067576,0.3315926260349213,0.18383329882685426,0.14193985036815077,0.05776241046782577,4.837571599513434,3.782867958015599,1.9726916957393443,1.958576285639589,1.734523623451131,1.3268422568657743,1.1288564600171658,0.9660960737193288,0.7328136276717753,0.5493931596635941,0.37124755610395943,0.19641707571868533,0.14701729491210974,5.207462499525384,3.1358735536776856,1.7313293804047787,1.2507488187572973,0.9815796307034123,0.8725561889721163,0.5789112482131327,0.24525305272996276,0.07339240878437919,0.06210779748682938,0.02835446037553706,4.433614115515461,4.081652838379119,3.6627688199037514,3.1582183801606614,3.0987669599342427,2.807985668538956,2.6855865408367414,2.3183994038398668,2.0248083973169213,1.3152506542872273,1.09922442243486,1.0573225103627444,1.0316278636347984,0.9961563767576996,0.9940429966200232,0.834123598279038,5.607447743076719,1.815553003820785,1.8024955998542025,1.3389647956536759,1.1346436729553877,0.660710537212589,0.6022040497583669,0.5302652444752618,0.36012177205504253,0.3273835994264732,0.10396245673847483,2.1372418340762525,0.8023581414873754,0.6253234134102187,0.5913579182740184,0.3366683498273619,1.64700796260473,1.4408559272538437,1.2155588575495038,1.0655436719688252,1.0439096068122808,0.6066931378799533,3.4325501117017474,3.3812816170408615,2.3076482018557747,2.1215585462651445,1.310580167585075,1.0933222799305518,0.7554471487950503,0.6853672647675032,0.6392937218790552,0.09363440353941668,9.523249978392853,5.615248970945431,1.4766722000918577,0.7363062725777373,0.7244732610082181,0.6086193245932079,0.5889034229040614,0.07234151198139473,0.036964755966938934,3.2050295801104074,1.1337429467795526,1.072483326383889,0.5676389463650561,0.22166660162767998,0.15525619530341664,0.035520730390172346
2026-09-20 12:30:00+01:00,10.878251583756798,4.16174009491093,3.416019528158204,2.9370602736045384,2.4014787682350742,2.217492687597485,1.3252356677509944,1.31251328454466,0.9162104796963437,0.9137863286789271,0.8841268353225865,0.4016625232417994,0.39635735289489454,0.31711707318857046,0.23284643547294992,0.22100367619319897,0.17579480263168393,0.1679426305764283,0.03489289366110193,0.0024598945242755017,0.0016009958106980126,6.375072316645077,3.825830985418251,2.3614951149465404,1.9516894316973463,1.1213241494967132,1.0854596172851263,0.315900362752498,5.676817235394136,4.920248726951217,3.7131746023899437,1.9116967926075026,1.7641003992056365,1.5048730316066148,0.5061624305603286,0.372728095627391,0.32414935849352444,0.20786711969507515,0.1987268550296196,0.11929804545139212,4.278241569921666,2.594891111050422,1.787809384128594,1.3082616770399864,0.7028904505372295,0.691364022730668,0.2607581626475301,0.16120870930336356,3.6082476515585715,2.843476237127803,2.6078022753840417,2.3665049993290617,1.9711551527925384,1.6677722782439237,1.6415089674266423,1.621504888337761,1.607530169936074,1.2612750548969602,0.9211051780788376,0.8578626392569525,0.8511570461537552,0.6097267707262571,0.47955178994135467,0.254729835969349,1.7965542859437096,1.263733581891465,1.1523717044190485,0.8471884382514271,0.3898586242062632,0.23077639849631668,3.840878393384383,2.4429194464152273,1.5276183280322488,1.4512840616817817,1.069187657418159,0.8800831405470753,0.79369166136737,0.5591822305014914,0.47980938597913886,0.37447369611201803,0.355870595579876,0.06753203649934485,0.06693660501146788,0.024744656645665976,2.032453689550011,1.9023210802880959,1.5204942395594236,1.4068492256724228,1.2776199171496383,0.5351494921201897,0.2823257381736079,0.048398473349672816,0.017015653739365116,5.868842241496231,2.464273092884602,2.203078320835816,1.3664282114541366,0.4411103408597047,0.4327011422105456,0.2339447295298121,0.04281693672175651,0.0315177171800658,2.7701977830229514,2.0092571138127937,1.0127455616094079,0.8140302231630903,0.7656070219740063,0.7485794410946787,0.3091014634008512,0.1731971155399015,0.14005581764813135,0.05133967332766579,0.010337449825370585,1.8750521451586333,1.436998001080813,1.384339126587415,1.0171045706275443,0.6756999335109009,0.507658380165725,0.3739644380911856,0.23147285578998783,0.20673329430375229,0.09464478580071171,0.05102709011257616,4.32013457152348,3.5859982160296595,3.338851397439796,2.320883208579198,2.1935195982082614,1.756136489502177,1.2240184656067965,1.153785863264328,0.7363495182658962,0.668567923664934,0.27183654299371146,0.2652737607346816,0.2601927019447671,3.6315809290566023,2.4803148818404956,2.342704800125927,1.7931758522863535,1.7760480443948359,1.5654880966335978,1.518128301883054,0.6112079915887259,0.4918217144812429,0.4916541310277463,0.17919243212995917,0.10117784618194753,0.07491971825789137,4.752447476836896,3.3042408835782453,3.0899659569529687,2.7771221689956165,1.7127911694778901,0.6439667612421165,0.4632202467531446,0.41623823240241525,0.31834617446366403,0.19307398176589233,0.07335726258461553,0.037263928759694746,6.521249786993934,2.9789401020236017,2.6763717662761706,1.8955449150444421,1.8947954540056022,1.7329388555177185,1.2081095630378509,0.8022008279438475,0.6935354553776008,0.5353152112028421,0.38294506370368875,0.32919396190424655,0.302458587453186,0.16768153307538905,0.12946888222160355,0.052687351003245154,4.908165521871368,3.8380707558295533,2.0014788757408084,1.987157481679031,1.759835254190452,1.3462046574702076,1.145329684992217,0.9801941619471715,0.7435074618136617,0.5574103677316199,0.37666511336632874,0.199283359247068,0.1491626952000027,5.0547131728425425,3.043889679779323,1.6805446849514454,1.2140608848678167,0.9527871760886735,0.846961694461482,0.5619301747283522,0.23805910007551204,0.07123960575863153,0.06028600342710603,0.027522745364394238,4.2001557811555905,3.8667275317881464,3.4699004543760537,2.9919178444426775,2.935596924340935,2.6601271404840676,2.544173115069953,2.196320745413716,1.9181891960244044,1.2459942375095288,1.0413431779099296,1.0016476713444675,0.9773060132327567,0.9437023285657365,0.9417002315018587,0.790201619317672,5.630846374948543,1.8231289025766206,1.8100170129683317,1.3445519978494547,1.1393782885640586,0.6634675352877223,0.6047169132780341,0.5324779233656213,0.36162448008896914,0.32874969834969736,0.10439626894059788,2.1693986869074338,0.8144303891209059,0.6347320037982201,0.6002554652176054,0.3417338479875148,1.636957879502342,1.432063788942279,1.2081414874993335,1.0590416982712756,1.0375396447124907,0.6029910814286298,3.5401975645440333,3.4873212498421555,2.3800178520872466,2.188092279533208,1.3516809854013097,1.1276097206787643,0.7791385614994194,0.7068609175658099,0.6593424723819946,0.09657085157700347,9.392368581240175,5.538076615673339,1.4563777710762333,0.7261869547076925,0.7145165684068847,0.600254853670192,0.5808099146004303,0.07134729696217919,0.036456736234459206,3.2234134965160246,1.1402460491809774,1.078635046149914,0.5708948997588429,0.22293807203766608,0.1561467383840873,0.03572447582272992
2026-09-20 13:30:00+01:00,8.47979536575673,3.244152251728128,2.6628494791813453,2.2894920112206862,1.8719964668081572,1.72857596380343,1.03304535544208,1.023128025867211,0.7142027668662994,0.7123130969680521,0.6891929813522915,0.3131032571695405,0.30896778019735804,0.2471985380115748,0.18150804007923171,0.1722763933862874,0.13703525251302,0.1309143412900525,0.027199646532082778,0.0019175326132692713,0.0012480054125999947,5.050349074618844,3.0308333799456224,1.8707826478058707,1.5461335065298885,0.8883159436438709,0.859903966795623,0.2502570991286306,4.590910417122872,3.979064359261093,3.0028889879391243,1.546012202901725,1.4266492232775716,1.2170089313735708,0.40933964911313725,0.3014296966090992,0.26214348725783804,0.16810464131829522,0.16071279928288987,0.09647776507414171,3.069429219227954,1.861707541942025,1.2826658505295006,0.9386138094993604,0.5042895431533045,0.4960198945781706,0.18708123664863063,0.11565936954299416,2.939985519209221,2.3168528794746908,2.124826693444461,1.9282186537718393,1.6060892058840521,1.3588940729325423,1.3374948340371893,1.3211955917107865,1.3098090479633693,1.0276817877329354,0.7505127548688865,0.6989829913134231,0.6935193013107168,0.4968028942900008,0.39073684909888423,0.20755283488840914,1.1842199608633408,0.8330049053335927,0.7595994094830847,0.5584342577563582,0.2569799133329625,0.1521189867368437,3.353207297061104,2.132745292837555,1.3336587103369364,1.2670165017778028,0.9334343573484344,0.768340183325239,0.6929177125466128,0.48818362459330694,0.4188886419926398,0.32692728114565855,0.31068619094093225,0.05895758583896871,0.05843775547581844,0.021602861306526902,2.006461236403199,1.8779928548511222,1.5010490854164547,1.3888574442257244,1.261280811364995,0.52830562248026,0.27871515724901064,0.047779519492378714,0.016798045542505906,7.230681296247965,3.036096836200715,2.7142929649742467,1.6835018739076002,0.5434680572403114,0.5331075409941963,0.2882305760762351,0.05275241875264783,0.03883126496449058,2.6127245440360465,1.8950399169004823,0.9551755480769394,0.7677562795983672,0.7220857188092183,0.7060260790385047,0.29153044052456834,0.16335164135231653,0.1320942766422241,0.048421244651928826,0.009749812467185523,1.745783489162948,1.3379293961101029,1.2889008963503266,0.946983992279059,0.6291162571652287,0.47265971803336165,0.3481828189361944,0.21551480094617262,0.19248081862023173,0.08811984499357355,0.04750921282300062,4.131884488456045,3.429738161887596,3.1933607784528486,2.219750605052272,2.0979368704630157,1.6796127529024727,1.1706817988868763,1.1035095857536146,0.7042630506604814,0.639435042482077,0.25999125184545807,0.25371444315622377,0.24885479176078654,3.426881955082636,2.3405085767178937,2.2106550734978496,1.6921010685245432,1.6759386927052577,1.477247241367128,1.4325569455434808,0.5767564259463756,0.4640995179230126,0.4639413805376764,0.1690920081775647,0.095474819949865,0.07069676694346398,4.298945313692023,2.988933792746005,2.7951060448020066,2.512115366270184,1.549348121625282,0.5825162516594051,0.4190174680924805,0.3765187111035222,0.28796799996477274,0.17464990263517394,0.06635714792229597,0.033708019434622996,6.159771612505042,2.8138150316515276,2.5280183046043576,1.7904733201917904,1.7897654023873029,1.6368806466690475,1.1411430683177028,0.7577341842282586,0.6550922215586459,0.5056422540792448,0.3617181076632651,0.31094647311164714,0.28569306219005003,0.1583868094485655,0.12229231688102704,0.04976684832639741,4.6676370420056665,3.6499831046688596,1.9033948422419342,1.8897752792671256,1.6735931548524678,1.280232848164563,1.0892019103993167,0.9321589824700749,0.7070712986969254,0.5300940378697963,0.3582063456795572,0.1895173227821951,0.14185286097186764,4.779381187127595,2.8780879495577882,1.589004831082709,1.147930565939844,0.9008885270089063,0.8008273961963565,0.5313216425425192,0.2250919380427662,0.06735915963946158,0.05700220383911301,0.02602357184566339,4.505966315470059,4.148261378187353,3.7225415865768237,3.209757382380548,3.149335773740854,2.853809219093075,2.7294126586123086,2.3562333904861634,2.0578512689371076,1.336714244904279,1.1171626784794408,1.0745769686202984,1.0484630106556534,1.0124126641745494,1.010264795761999,0.8477356709125893,5.1167725310299685,1.6566844960880522,1.6447696697706318,1.2217997563821699,1.0353575894582612,0.6028955921961903,0.5495086679466642,0.48386481005388643,0.3286096055646946,0.29873616044364054,0.09486530544214142,2.0495950263551816,0.7694539896833401,0.5996793332201369,0.5671067395206802,0.32286181392084257,1.5189163349252812,1.3287972213070653,1.1210220270429627,0.982673870240502,0.9627223364876569,0.5595092059880309,3.417979787781838,3.366928915165725,2.297852807557054,2.1125530564024455,1.3050170798097134,1.0886813980063124,0.7522404630063149,0.6824580507060035,0.6365800785804511,0.09323694871859238,9.111804747064847,5.372646139238089,1.4128736296100437,0.7044946845866243,0.6931729098525944,0.5823243602306104,0.5634602700291111,0.0692160484894844,0.03536772001762459,2.992314622587172,1.0584974375764291,1.0013035636035816,0.52996525526595,0.20695478678448356,0.1449519799557231,0.033163251163450355
2026-09-20 14:30:00+01:00,6.232974852620841,2.3845763406921803,1.9572965058892882,1.6828644460975588,1.375989207113261,1.2705696362367505,0.7593279606827676,0.752038343047072,0.5249664282615162,0.523577448404397,0.5065832766105045,0.2301429036946183,0.22710316949592568,0.1817004072118059,0.13341537154669147,0.12662975712989036,0.10072616684659559,0.09622706231844326,0.01999278349560956,0.0014094600213882765,0.0009173318478984652,3.8517810992230754,2.3115445200488436,1.4268014224575132,1.179199245306975,0.677497438555612,0.655828299690413,0.1908651362763086,3.326560164531892,2.883218313356233,2.175884514873648,1.1202358880433427,1.033745824622244,0.8818410866583662,0.29660630393145393,0.2184150702237338,0.18994839865551186,0.12180812790348898,0.11645202093921891,0.06990750437248541,2.240226789147954,1.3587695988853412,0.9361552896809224,0.6850484733554373,0.36805635946326615,0.36202074601474554,0.1365414766568902,0.08441413681835938,2.2577081399946963,1.7791848194432949,1.6317218198945094,1.4807402695919518,1.2333668482344642,1.0435378643210307,1.027104709964296,1.0145880047507398,1.0058439166125561,0.7891894440735286,0.5763425516099442,0.5367712115910778,0.5325754707233351,0.38151070169663626,0.3000592210548407,0.1593864057305207,1.1236964458728234,0.7904314083977896,0.7207775455000447,0.5298936105054074,0.24384609685385972,0.1443444380226018,2.3053522541597653,1.4662765325307865,0.9168992077673616,0.8710822474325098,0.6417423109240514,0.5282389714297732,0.47638552259104583,0.335629479390208,0.28798871930942777,0.22476467386791962,0.21359881664629984,0.040533731252705076,0.04017634443068561,0.01485211041170982,1.6081296181033191,1.5051653516547756,1.2030541376479547,1.1131352805930066,1.0108857289151465,0.4234240380561694,0.2233833832693043,0.03829411654728769,0.013463222749110628,6.583866462416303,2.76450521292961,2.4714880505851586,1.5329055552188096,0.49485255522404703,0.48541883070330066,0.26244713956013604,0.04803349316711306,0.03535764509847417,2.4527101960255324,1.778979623652613,0.8966765406289472,0.720735624171319,0.6778621224998761,0.6627860432782683,0.273675878139781,0.1533472930381769,0.12400426210124448,0.045455721971582666,0.009152692541656952,1.2284984642642411,0.941493729673961,0.906992637737902,0.6663875488680702,0.4427057310192105,0.33260810480110814,0.24501437950441318,0.15165660783945847,0.1354477181982374,0.06200946160724273,0.033431977879137556,3.778251658297544,3.136199459080313,2.92005274843495,2.0297702968166953,1.9183821527383371,1.5358608612320552,1.0704874398935282,1.00906424997345,0.6439877606621911,0.5847081437976577,0.23773955471708155,0.2319999550488978,0.2275562233824253,2.1759184080261207,1.4861193828605848,1.4036681541031706,1.0744093060405513,1.0641469125517824,0.9379866326965525,0.9096102723148999,0.3662148100265713,0.2946826583001983,0.2945822480578087,0.1073659431711572,0.06062228607663878,0.044889318802493264,3.6976815399023626,2.570892277746949,2.4041738774894115,2.160763149597903,1.3326515063984439,0.5010437289336525,0.3604123903896655,0.3238576408592727,0.24769190577068775,0.15022282764634692,0.057076232193825564,0.0289935116906688,5.320383391549716,2.4303782190397683,2.183526833047771,1.5464866418784746,1.5458751915899716,1.4138239458111126,0.9856402168765668,0.6544782213667178,0.565823214685165,0.43673870070239934,0.312427007606502,0.2685739919067192,0.24676184748005187,0.13680353809221815,0.10562761942781668,0.04298515106436859,4.2856720521849,3.351295407473419,1.7476350466539214,1.7351300082632266,1.536638634480712,1.1754680341019716,1.000069659353579,0.8558779663914289,0.6492097985462462,0.4867150514668643,0.3288933802647413,0.17400862285203628,0.13024466905172558,4.291720530476672,2.584424354956752,1.4268718877145752,1.0308023119550789,0.8089670264109425,0.7191155597466939,0.47710862814789773,0.2021248471130019,0.0604862171527427,0.0511860257469366,0.023368275764899058,3.678347320077684,3.3863426965821493,3.03881563025714,2.620215429716854,2.5708915673853587,2.3296449103545793,2.22809649147263,1.9234597355102938,1.6798819987236473,1.0911975181821554,0.9119713856642486,0.8772074702758483,0.8558899102741037,0.8264609962337627,0.8247076307032526,0.6920305246246131,3.745557854939905,1.212719070439252,1.2039972304448374,0.8943766108280993,0.7578980164448358,0.441329042353292,0.40224897532642284,0.35419664036961357,0.2405473923000031,0.21867956128959135,0.06944289350469955,1.7171315934440494,0.6446413747092448,0.5024057512663545,0.47511673611821714,0.27049061588816486,1.2923453626986003,1.1305855941087417,0.9538034352650666,0.8360921467823115,0.819116707430359,0.47604934591830395,3.0375094675809464,2.9921412914863925,2.0420687339967127,1.8773955108008,1.159749905323272,0.9674954970314485,0.6685052780145342,0.606490652067787,0.5657195582237192,0.08285833505319724,7.993770721637294,4.713413269681143,1.239511618967509,0.6180519819645757,0.6081194083528535,0.5108721653421195,0.49432273126961657,0.06072312096688631,0.03102804028576498,2.485545852758683,0.8792337196979165,0.8317260160683083,0.4402120460159281,0.17190559044756504,0.12040337934672224,0.027546829725425128
2026-09-20 15:30:00+01:00,4.185172067357551,1.6011395087452125,1.314239646023916,1.1299704297692086,0.9239170269032041,0.8531323608621281,0.5098557664927592,0.5049611046608088,0.3524921700809901,0.35155953039647514,0.340148681679547,0.15453097033405716,0.15248992076120182,0.1220039366227492,0.08958263101584002,0.08502638546880181,0.06763324895512969,0.06461229555092535,0.013424286318012223,0.00094639122586722,0.0006159485185004139,2.3951795701469143,1.4374036497096885,0.8872377556492265,0.7332695884669098,0.4212928984937848,0.4078182286266239,0.11868698227802506,2.2598850572170743,1.9587025818801784,1.4781782556711787,0.7610276738535084,0.7022710026208381,0.5990751394871409,0.2014982808000413,0.1483793856285451,0.1290406685983712,0.08274985404793267,0.07911120466396354,0.04749137749052201,1.5018298260669714,0.9109080920932991,0.6275908951200031,0.459250926991255,0.2467419910310934,0.24269576484564245,0.09153629584821542,0.05659055102350952,1.3285671308076863,1.04697610327521,0.9602002748409443,0.8713539259542203,0.725784978919388,0.6140785346565785,0.6044083083119554,0.5970427490360877,0.5918972176525211,0.46440509151858045,0.33915356754509607,0.3158674834229897,0.31339846481623457,0.22450314517921605,0.17657234401881344,0.09379225596079267,1.3450662343043616,0.9461475133025701,0.8627717409427583,0.6342834008973243,0.29188412266470637,0.17278049637598833,2.0374997120235423,1.2959138922859437,0.8103672089198845,0.7698735952781468,0.567180035650405,0.4668643372073525,0.42103559806967944,0.29663361265951177,0.25452810155160044,0.19864988417827023,0.1887813572178044,0.03582422842565853,0.03550836539620966,0.013126484524088463,1.54841778242986,1.4492767061577807,1.1583832540544816,1.0718031950391735,0.9733502952970412,0.4077017814072168,0.2150888827988198,0.0368722087801583,0.012963316687198634,5.517210053554704,2.3166259584617945,2.0710806936573856,1.2845585475771009,0.4146811768274157,0.4067758160389732,0.21992791092795713,0.040251556273467826,0.02962933044297005,2.038024157784824,1.4782029507954302,0.7450731254275327,0.5988789934569103,0.5632542252813557,0.5507270976540872,0.22740479162832294,0.1274204707303544,0.10303854170791996,0.03777040583015195,0.007605223209370828,1.3048481528468805,1.000006422326097,0.9633611293985807,0.7078027262666818,0.47021935491072253,0.35327929484352755,0.2602417258280687,0.16108188195811748,0.14386562949766915,0.06586327438813668,0.03550973472949111,2.3190944395636968,1.925002192731931,1.7923311374074928,1.2458749269920786,1.1775047788580504,0.9427128485220323,0.657066202572246,0.6193645905340198,0.3952802962764295,0.35889441140608414,0.145924763428057,0.1424017917259009,0.1396742250282201,1.0847864023359817,0.7408927158429326,0.6997873272024305,0.5356380098798433,0.5305217771796766,0.46762559706692836,0.4534787936866829,0.1825734112021494,0.14691163949399247,0.14686158078535816,0.05352641661398681,0.030222747034947744,0.022379204324689476,1.8348476570483023,1.2757171274603925,1.1929888387209946,1.072204612455812,0.6612826085184289,0.24862576784720405,0.17884228886166262,0.16070324800429345,0.12290861397035716,0.0745429265250757,0.028322122871822817,0.014387035882119509,3.3788693297545036,1.543484711470179,1.386714321866207,0.9821428078693728,0.9817544879919419,0.8978913767306881,0.6259604344052259,0.4156460590190942,0.35934303328578787,0.27736403419046335,0.1984161584041593,0.1705659831704382,0.15671352548167483,0.08688119728286287,0.06708199341921348,0.02729901172102439,3.045745171401782,2.3817015583470402,1.2420108071510136,1.2331237155040375,1.0920596919619678,0.8353826530375785,0.710730382295284,0.6082561035245085,0.4613809888091837,0.3458990794916323,0.23373823583553277,0.12366460064616201,0.09256239559041311,3.3127425153282695,1.9948951422902084,1.1013902542796223,0.7956675229579756,0.6244347559118826,0.5550791742588999,0.36827608547007123,0.15601844753882382,0.04668879572431374,0.039510057208625125,0.018037772983251134,2.72340357471414,2.507206906411485,2.2499020973812542,1.9399756050392005,1.9034568178493423,1.7248407299776876,1.6496555169119924,1.4241061715174896,1.2437641805737079,0.8079093579650652,0.6752125113901885,0.6494737316607556,0.6336904697604877,0.6119016600795881,0.6106034895866856,0.5123709754885708,2.156495165372389,0.6982198416473543,0.69319826501991,0.5149350008648802,0.43635780612841035,0.25409404500803534,0.231593798350592,0.20392779183502147,0.13849453369242243,0.12590418702645428,0.0399815648061207,1.2997446285626943,0.48794697350311894,0.3802848768612599,0.35962906283222684,0.20474186510779652,0.9479280307551168,0.829278153314771,0.6996094373955224,0.6132688715454567,0.6008174825742472,0.3491795088553599,2.382133847791771,2.3465543478623494,1.6014702514309862,1.4723270625828024,0.9095212818032955,0.7587478477557432,0.5242680120612438,0.47563371442281005,0.44365942637728306,0.06498075038399286,6.268083405812306,3.6958862756039426,0.9719270768089355,0.48462753148467663,0.47683919203879704,0.40058558765073815,0.38760882903485,0.04761427368080865,0.024329737642293084,1.7723838496022237,0.6269607310155594,0.5930841133094923,0.31390477865979344,0.12258180303832829,0.08585679670918513,0.0196429915219215
2026-09-20 16:30:00+01:00,2.400063572249754,0.9182027756998663,0.7536747949338101,0.6480022380348126,0.52983714035245,0.4892443772103804,0.29238612715710005,0.2895791936852433,0.2021430907257301,0.20160825141761726,0.1950644912344801,0.08861861512837349,0.08744813786958328,0.06996539192335001,0.05137280043617385,0.048759937980897096,0.038785525296835474,0.03705310423930114,0.007698402851009791,0.0005427253813568597,0.0003532269588541508,1.5237920577660249,0.9144634884712102,0.5644528127490326,0.46649962659739264,0.2680228157919204,0.2594503500025017,0.07550760836874473,0.9979455698447642,0.8649460104125409,0.6527506507364009,0.33606319632318543,0.3101167617608561,0.2645463668809507,0.08897988683697124,0.06552304510860398,0.05698323600410502,0.03654161524220521,0.03493481934727506,0.020971778905806253,0.9887396302879318,0.5997023860960735,0.4131786297240263,0.30235089480935273,0.16244422687188817,0.159780367016913,0.06026352769401939,0.03725676473166541,0.7181912144536159,0.5659699248001201,0.5190610135654005,0.471032829119851,0.39234178187549934,0.33195598351645855,0.3267284933569932,0.3227468503983498,0.31996530075160656,0.2510461450851982,0.18333820468176812,0.17075031156916526,0.1694156199073175,0.12136096306017749,0.09545073278510138,0.05070182202526335,0.6482847414549521,0.45601694578023916,0.41583212837171823,0.30570706488112176,0.14068007817797698,0.08327542284896881,1.1268102811411858,0.7166867748173797,0.4481620768445352,0.42576765887097245,0.3136708641760614,0.25819269173832,0.23284775837350452,0.16404900697867092,0.1407631520020442,0.109860497411935,0.10440284871969147,0.019812080789887214,0.019637397227030704,0.007259415856453698,0.9203965683995263,0.8614660217320342,0.6885557528602697,0.6370916130694779,0.5785701261039626,0.242342425148798,0.12785119873672668,0.021917246634375862,0.007705538084980243,3.5364481068914557,1.4849221627694524,1.327531365891194,0.8233825791793797,0.265804355556479,0.2607371389881033,0.14097046092212104,0.02580063811255955,0.018991952188949564,1.4761423586720512,1.0706634570783795,0.5396569989372404,0.43376848433509296,0.4079654392038878,0.39889203168196663,0.16470945361728165,0.09229073830579547,0.07463088963389818,0.027357132022773446,0.005508468623213136,0.7865951978026278,0.6028289558883249,0.580738254088299,0.4266812381642027,0.283460022286614,0.21296562071282374,0.15688024032344886,0.0971041990785065,0.08672581023686213,0.03970403393853337,0.021406158833518,1.0940932947818618,0.9081699975550044,0.845578966519024,0.5877739951010026,0.5555185943029411,0.44474937668631986,0.3099881204481365,0.29220140153329544,0.1864837905423087,0.1693178002392837,0.06884381355306228,0.06718175975685707,0.065894959019426,1.0699590362872502,0.7307658489528372,0.6902223079190489,0.528316659957868,0.5232703583103698,0.4612338724965088,0.4472804342171594,0.18007791274012003,0.14490358274576454,0.14485420826288675,0.05279479260883389,0.029809648444920813,0.022073314931453192,0.7840666006008336,0.5451390951253228,0.5097876653342683,0.4581741826943575,0.2825791039957968,0.10624269533707535,0.07642283812107498,0.06867166812689891,0.052521275414943704,0.03185366304109203,0.01210260182452011,0.006147864251009424,1.861527684509967,0.8503553232194322,0.7639854781978104,0.5410940313350405,0.540880093436964,0.4946772107308411,0.3448617168447516,0.22899276956582523,0.19797362354521195,0.15280875877210398,0.10931383722681387,0.09397028080115226,0.08633851674947478,0.0478656432733882,0.03695762567150067,0.015039902736381115,1.630354946984125,1.2748994743062387,0.664835155173027,0.6600779896796707,0.5845679204911017,0.44717143567782536,0.38044640294504073,0.325593013074715,0.2469723286808261,0.18515609273604772,0.12511758786386432,0.06619634345098334,0.04954766438522385,1.774791601231162,1.0687589293436723,0.5900664370770231,0.42627642522294984,0.33453899757718447,0.29738195828220076,0.1973027787104678,0.08358640282116532,0.025013378534461284,0.021167391481097947,0.009663681329732377,1.3416588612737368,1.2351516294777434,1.1083928632453128,0.9557105253594014,0.9377198922813105,0.8497263759020102,0.8126870959793009,0.701572356793138,0.6127285906851826,0.39800885894540255,0.3326370199262986,0.31995705496517785,0.3121815811481835,0.3014475313524038,0.3008080000095585,0.25241468649972854,2.051420445151331,0.664199243923817,0.659422342437625,0.4898449139420262,0.41509637455580595,0.2417133723695016,0.22030944494355878,0.19399145809477733,0.13174642008032247,0.11976953509729964,0.03803347245541155,0.814661795980336,0.30583835396712006,0.2383572541558007,0.2254104781626301,0.12832934399238846,0.519260874891649,0.45426623693756046,0.38323564316909753,0.3359395655056582,0.3291188798406757,0.19127534093282933,1.4715483689216942,1.4495693541250552,0.9892982875645213,0.9095208858525824,0.5618511151159302,0.4687117639602127,0.32386330379449785,0.2938197689067196,0.2740678513289377,0.04014145440547515,4.036774238568274,2.3802265445608835,0.625940966546667,0.3121100674225551,0.30709421712177604,0.25798533233791104,0.2496280337046221,0.030664568567258677,0.015668849915822975,0.9197731993813512,0.3253593613945828,0.30777919383735686,0.16289992860960162,0.06361345325494913,0.04455512309907611,0.010193670610118286
2026-09-20 17:30:00+01:00,0.8383910655308863,0.3207469220370803,0.26327394894628875,0.2263603735725843,0.18508289938400976,0.17090302084370035,0.10213642652136437,0.10115590751697053,0.07061269675635728,0.070425866497942,0.06813999785014767,0.03095628633440927,0.03054741479970366,0.024440335732406757,0.017945565023769875,0.017032838976304508,0.013548573569785935,0.012943403626302781,0.002689208837536771,0.00018958502434163213,0.00012338936761177967,0.52827845899461,0.31703234049181783,0.1956882899963364,0.1617292219134746,0.09291994887381995,0.08994798889152592,0.02617748451182298,0.36716651428827185,0.31823299916058656,0.24016157631479557,0.12364517274599789,0.11409889865617842,0.09733253028059884,0.03273769219375128,0.024107395037408358,0.02096540810311706,0.013444478236454054,0.012853302058372538,0.007715986915465727,0.3461668170770136,0.209961308143291,0.14465762952594163,0.10585582259513693,0.05687321438951749,0.05594057261114815,0.021098814013954446,0.013043935194538513,0.29388219998533227,0.2315935969118356,0.21239857787632158,0.19274555480655667,0.1605453585107645,0.1358356281318896,0.13369655113185405,0.13206727195286486,0.1309290682083715,0.10272750756440768,0.07502157343184679,0.0698706364018995,0.06932448363089365,0.04966062811503116,0.03905822123212475,0.02074706944359524,0.1604481823106526,0.11286258240335126,0.10291698211787752,0.07566141811330773,0.034817822150678183,0.02061037283907212,0.3744274668639081,0.23814764394762616,0.14891964866296964,0.14147821390321522,0.10422960197302272,0.08579477588050162,0.07737291520311101,0.05451179772903318,0.04677414762183983,0.03650551334400338,0.034691992817016085,0.006583350673680168,0.006525305122412315,0.00241222922397446,0.3192277945504371,0.2987884870929705,0.23881676872483312,0.22096708913246155,0.2006696588081622,0.08405337499332531,0.0443435553810523,0.007601717070584199,0.0026725674705306815,1.3763765019241236,0.5779278842066022,0.5166717911169839,0.32045838078826966,0.10345037111787359,0.10147822347027148,0.05486534059428675,0.010041541953796548,0.007391618914921327,0.6410110528254291,0.46493287440171605,0.23434467483513563,0.18836285754733362,0.1771579510364633,0.17321784697117987,0.07152465997147862,0.040077017626304244,0.032408273400243055,0.01187976477822775,0.002392038444583488,0.333838629907174,0.255846454776638,0.24647094670945166,0.1810876551925959,0.12030318229499885,0.09038467465185235,0.06658149532999018,0.04121196375106294,0.03680727488286593,0.01685077703100063,0.009084981393886062,0.4362623693252244,0.36212670050447854,0.3371689463271168,0.2343709416312998,0.22150931671977647,0.17734083350522262,0.12360568567083685,0.11651335069966105,0.07435916177418585,0.06751433817721403,0.027451009303581422,0.026788276490450496,0.026275173319780715,0.39828925191096565,0.272025538764054,0.2569333192673126,0.19666439567339414,0.19478592403108397,0.17169301608974247,0.1664988878050257,0.06703349821674404,0.05393995247826946,0.053921572965426504,0.019652713552410973,0.011096558070162325,0.008216729606537368,0.4362023527691177,0.3032790271870699,0.2836118498875987,0.25489755119806823,0.15720816307173371,0.059106348408479274,0.04251656908757616,0.03820433517073535,0.029219334032182093,0.01772125321011188,0.006733080310318062,0.0034202615552562147,0.618375132567167,0.2824769086705447,0.2537859765885378,0.17974435521016127,0.17967328784050296,0.16432529492257594,0.11455854868328295,0.07606840092440846,0.06576424660415378,0.05076106965768744,0.03631262599478939,0.031215697371206788,0.028680525240033398,0.01590034021566853,0.012276839535694585,0.004996058842313271,0.41403413713010717,0.32376502107620525,0.16883712980110055,0.16762903158060546,0.14845299485378327,0.1135606941682144,0.09661564707672014,0.08268544372705483,0.06271945577834635,0.04702101418599742,0.031774033394900876,0.016810784665385492,0.01258279646925747,0.5793158712580909,0.3488573023943173,0.19260562865989697,0.1391423638152845,0.10919803244324265,0.09706947460151498,0.06440228310242585,0.02728372713848908,0.008164703488988677,0.006909321539287687,0.0031543556805266244,0.39942440917693683,0.3677162087087509,0.32997893675996454,0.2845239747259226,0.2791679947556391,0.2529715007692052,0.24194456022082925,0.20886466164799278,0.1824150403537733,0.11849096511800915,0.09902915635968873,0.0952542120283319,0.0929393806467725,0.08974375348586758,0.08955335901515718,0.07514621632433396,0.807680671757444,0.2615070415141547,0.2596262905396746,0.19286064447918538,0.16343081665084055,0.09516684862412715,0.08673974216601743,0.07637788321722486,0.05187090599765548,0.04715539361621584,0.014974453752111717,0.3627951751942725,0.13619968403588606,0.10614817364329522,0.10038255668688562,0.057149196225974024,0.15684922305636625,0.13721678210256671,0.11576110541954966,0.10147473532345497,0.09941446215635485,0.05777710215778545,0.42709140946641677,0.42071238135804523,0.28712668162464433,0.2639726734654102,0.16306754825937342,0.1360354658610002,0.09399571078550312,0.08527609549349809,0.07954344375324918,0.011650361416681762,1.343551394520482,0.7922059803754754,0.20833066423589372,0.10387896165285224,0.10220954635537755,0.08586473568840577,0.08308319290954534,0.010206026254151276,0.005215031584823676,0.2485910108802865,0.08793625711517304,0.08318479052815451,0.04402765589672,0.017193078316339434,0.012042102442803038,0.0027550866705557445
2026-09-20 18:30:00+01:00,0.0,0.0,0.0,0.0,0.0,0.0,0.0,0.0,0.0,0.0,0.0,0.0,0.0,0.0,0.0,0.0,0.0,0.0,0.0,0.0,0.0,0.0,0.0,0.0,0.0,0.0,0.0,0.0,0.0,0.0,0.0,0.0,0.0,0.0,0.0,0.0,0.0,0.0,0.0,0.0,0.0,0.0,0.0,0.0,0.0,0.0,0.0,0.0,0.0,0.0,0.0,0.0,0.0,0.0,0.0,0.0,0.0,0.0,0.0,0.0,0.0,0.0,0.0,0.0,0.0,0.0,0.0,0.0,0.0,0.0,0.0,0.0,0.0,0.0,0.0,0.0,0.0,0.0,0.0,0.0,0.0,0.0,0.0,0.0,0.0,0.0,0.0,0.0,0.0,0.0,0.0,0.0,0.0,0.0,0.0,0.0,0.0,0.0,0.0,0.0,0.0,0.0,0.0,0.0,0.0,0.0,0.0,0.0,0.0,0.0,0.0,0.0,0.0,0.0,0.0,0.0,0.0,0.0,0.0,0.0,0.0,0.0,0.0,0.0,0.0,0.0,0.0,0.0,0.0,0.0,0.0,0.0,0.0,0.0,0.0,0.0,0.0,0.0,0.0,0.0,0.0,0.0,0.0,0.0,0.0,0.0,0.0,0.0,0.0,0.0,0.0,0.0,0.0,0.0,0.0,0.0,0.0,0.0,0.0,0.0,0.0,0.0,0.0,0.0,0.0,0.0,0.0,0.0,0.0,0.0,0.0,0.0,0.0,0.0,0.0,0.0,0.0,0.0,0.0,0.0,0.0,0.0,0.0,0.0,0.0,0.0,0.0,0.0,0.0,0.0,0.0,0.0,0.0,0.0,0.0,0.0,0.0,0.0,0.0,0.0,0.0,0.0,0.0,0.0,0.0,0.0,0.0,0.0,0.0,0.0,0.0,0.0,0.0,0.0,0.0,0.0,0.0,0.0,0.0,0.0,0.0,0.0,0.0,0.0,0.0,0.0,0.0,0.0,0.0,0.0,0.0,0.0,0.0,0.0,0.0,0.0,0.0,0.0,0.0,0.0,0.0,0.0,0.0,0.0,0.0,0.0,0.0,0.0,0.0,0.0,0.0,0.0,0.0,0.0,0.0,0.0,0.0,0.0,0.0,0.0,0.0,0.0,0.0,0.0,0.0,0.0
2026-09-20 19:30:00+01:00,0.0,0.0,0.0,0.0,0.0,0.0,0.0,0.0,0.0,0.0,0.0,0.0,0.0,0.0,0.0,0.0,0.0,0.0,0.0,0.0,0.0,0.0,0.0,0.0,0.0,0.0,0.0,0.0,0.0,0.0,0.0,0.0,0.0,0.0,0.0,0.0,0.0,0.0,0.0,0.0,0.0,0.0,0.0,0.0,0.0,0.0,0.0,0.0,0.0,0.0,0.0,0.0,0.0,0.0,0.0,0.0,0.0,0.0,0.0,0.0,0.0,0.0,0.0,0.0,0.0,0.0,0.0,0.0,0.0,0.0,0.0,0.0,0.0,0.0,0.0,0.0,0.0,0.0,0.0,0.0,0.0,0.0,0.0,0.0,0.0,0.0,0.0,0.0,0.0,0.0,0.0,0.0,0.0,0.0,0.0,0.0,0.0,0.0,0.0,0.0,0.0,0.0,0.0,0.0,0.0,0.0,0.0,0.0,0.0,0.0,0.0,0.0,0.0,0.0,0.0,0.0,0.0,0.0,0.0,0.0,0.0,0.0,0.0,0.0,0.0,0.0,0.0,0.0,0.0,0.0,0.0,0.0,0.0,0.0,0.0,0.0,0.0,0.0,0.0,0.0,0.0,0.0,0.0,0.0,0.0,0.0,0.0,0.0,0.0,0.0,0.0,0.0,0.0,0.0,0.0,0.0,0.0,0.0,0.0,0.0,0.0,0.0,0.0,0.0,0.0,0.0,0.0,0.0,0.0,0.0,0.0,0.0,0.0,0.0,0.0,0.0,0.0,0.0,0.0,0.0,0.0,0.0,0.0,0.0,0.0,0.0,0.0,0.0,0.0,0.0,0.0,0.0,0.0,0.0,0.0,0.0,0.0,0.0,0.0,0.0,0.0,0.0,0.0,0.0,0.0,0.0,0.0,0.0,0.0,0.0,0.0,0.0,0.0,0.0,0.0,0.0,0.0,0.0,0.0,0.0,0.0,0.0,0.0,0.0,0.0,0.0,0.0,0.0,0.0,0.0,0.0,0.0,0.0,0.0,0.0,0.0,0.0,0.0,0.0,0.0,0.0,0.0,0.0,0.0,0.0,0.0,0.0,0.0,0.0,0.0,0.0,0.0,0.0,0.0,0.0,0.0,0.0,0.0,0.0,0.0,0.0,0.0,0.0,0.0,0.0,0.0
2026-09-20 20:30:00+01:00,0.0,0.0,0.0,0.0,0.0,0.0,0.0,0.0,0.0,0.0,0.0,0.0,0.0,0.0,0.0,0.0,0.0,0.0,0.0,0.0,0.0,0.0,0.0,0.0,0.0,0.0,0.0,0.0,0.0,0.0,0.0,0.0,0.0,0.0,0.0,0.0,0.0,0.0,0.0,0.0,0.0,0.0,0.0,0.0,0.0,0.0,0.0,0.0,0.0,0.0,0.0,0.0,0.0,0.0,0.0,0.0,0.0,0.0,0.0,0.0,0.0,0.0,0.0,0.0,0.0,0.0,0.0,0.0,0.0,0.0,0.0,0.0,0.0,0.0,0.0,0.0,0.0,0.0,0.0,0.0,0.0,0.0,0.0,0.0,0.0,0.0,0.0,0.0,0.0,0.0,0.0,0.0,0.0,0.0,0.0,0.0,0.0,0.0,0.0,0.0,0.0,0.0,0.0,0.0,0.0,0.0,0.0,0.0,0.0,0.0,0.0,0.0,0.0,0.0,0.0,0.0,0.0,0.0,0.0,0.0,0.0,0.0,0.0,0.0,0.0,0.0,0.0,0.0,0.0,0.0,0.0,0.0,0.0,0.0,0.0,0.0,0.0,0.0,0.0,0.0,0.0,0.0,0.0,0.0,0.0,0.0,0.0,0.0,0.0,0.0,0.0,0.0,0.0,0.0,0.0,0.0,0.0,0.0,0.0,0.0,0.0,0.0,0.0,0.0,0.0,0.0,0.0,0.0,0.0,0.0,0.0,0.0,0.0,0.0,0.0,0.0,0.0,0.0,0.0,0.0,0.0,0.0,0.0,0.0,0.0,0.0,0.0,0.0,0.0,0.0,0.0,0.0,0.0,0.0,0.0,0.0,0.0,0.0,0.0,0.0,0.0,0.0,0.0,0.0,0.0,0.0,0.0,0.0,0.0,0.0,0.0,0.0,0.0,0.0,0.0,0.0,0.0,0.0,0.0,0.0,0.0,0.0,0.0,0.0,0.0,0.0,0.0,0.0,0.0,0.0,0.0,0.0,0.0,0.0,0.0,0.0,0.0,0.0,0.0,0.0,0.0,0.0,0.0,0.0,0.0,0.0,0.0,0.0,0.0,0.0,0.0,0.0,0.0,0.0,0.0,0.0,0.0,0.0,0.0,0.0,0.0,0.0,0.0,0.0,0.0,0.0
2026-09-20 21:30:00+01:00,0.0,0.0,0.0,0.0,0.0,0.0,0.0,0.0,0.0,0.0,0.0,0.0,0.0,0.0,0.0,0.0,0.0,0.0,0.0,0.0,0.0,0.0,0.0,0.0,0.0,0.0,0.0,0.0,0.0,0.0,0.0,0.0,0.0,0.0,0.0,0.0,0.0,0.0,0.0,0.0,0.0,0.0,0.0,0.0,0.0,0.0,0.0,0.0,0.0,0.0,0.0,0.0,0.0,0.0,0.0,0.0,0.0,0.0,0.0,0.0,0.0,0.0,0.0,0.0,0.0,0.0,0.0,0.0,0.0,0.0,0.0,0.0,0.0,0.0,0.0,0.0,0.0,0.0,0.0,0.0,0.0,0.0,0.0,0.0,0.0,0.0,0.0,0.0,0.0,0.0,0.0,0.0,0.0,0.0,0.0,0.0,0.0,0.0,0.0,0.0,0.0,0.0,0.0,0.0,0.0,0.0,0.0,0.0,0.0,0.0,0.0,0.0,0.0,0.0,0.0,0.0,0.0,0.0,0.0,0.0,0.0,0.0,0.0,0.0,0.0,0.0,0.0,0.0,0.0,0.0,0.0,0.0,0.0,0.0,0.0,0.0,0.0,0.0,0.0,0.0,0.0,0.0,0.0,0.0,0.0,0.0,0.0,0.0,0.0,0.0,0.0,0.0,0.0,0.0,0.0,0.0,0.0,0.0,0.0,0.0,0.0,0.0,0.0,0.0,0.0,0.0,0.0,0.0,0.0,0.0,0.0,0.0,0.0,0.0,0.0,0.0,0.0,0.0,0.0,0.0,0.0,0.0,0.0,0.0,0.0,0.0,0.0,0.0,0.0,0.0,0.0,0.0,0.0,0.0,0.0,0.0,0.0,0.0,0.0,0.0,0.0,0.0,0.0,0.0,0.0,0.0,0.0,0.0,0.0,0.0,0.0,0.0,0.0,0.0,0.0,0.0,0.0,0.0,0.0,0.0,0.0,0.0,0.0,0.0,0.0,0.0,0.0,0.0,0.0,0.0,0.0,0.0,0.0,0.0,0.0,0.0,0.0,0.0,0.0,0.0,0.0,0.0,0.0,0.0,0.0,0.0,0.0,0.0,0.0,0.0,0.0,0.0,0.0,0.0,0.0,0.0,0.0,0.0,0.0,0.0,0.0,0.0,0.0,0.0,0.0,0.0
2026-09-20 22:30:00+01:00,0.0,0.0,0.0,0.0,0.0,0.0,0.0,0.0,0.0,0.0,0.0,0.0,0.0,0.0,0.0,0.0,0.0,0.0,0.0,0.0,0.0,0.0,0.0,0.0,0.0,0.0,0.0,0.0,0.0,0.0,0.0,0.0,0.0,0.0,0.0,0.0,0.0,0.0,0.0,0.0,0.0,0.0,0.0,0.0,0.0,0.0,0.0,0.0,0.0,0.0,0.0,0.0,0.0,0.0,0.0,0.0,0.0,0.0,0.0,0.0,0.0,0.0,0.0,0.0,0.0,0.0,0.0,0.0,0.0,0.0,0.0,0.0,0.0,0.0,0.0,0.0,0.0,0.0,0.0,0.0,0.0,0.0,0.0,0.0,0.0,0.0,0.0,0.0,0.0,0.0,0.0,0.0,0.0,0.0,0.0,0.0,0.0,0.0,0.0,0.0,0.0,0.0,0.0,0.0,0.0,0.0,0.0,0.0,0.0,0.0,0.0,0.0,0.0,0.0,0.0,0.0,0.0,0.0,0.0,0.0,0.0,0.0,0.0,0.0,0.0,0.0,0.0,0.0,0.0,0.0,0.0,0.0,0.0,0.0,0.0,0.0,0.0,0.0,0.0,0.0,0.0,0.0,0.0,0.0,0.0,0.0,0.0,0.0,0.0,0.0,0.0,0.0,0.0,0.0,0.0,0.0,0.0,0.0,0.0,0.0,0.0,0.0,0.0,0.0,0.0,0.0,0.0,0.0,0.0,0.0,0.0,0.0,0.0,0.0,0.0,0.0,0.0,0.0,0.0,0.0,0.0,0.0,0.0,0.0,0.0,0.0,0.0,0.0,0.0,0.0,0.0,0.0,0.0,0.0,0.0,0.0,0.0,0.0,0.0,0.0,0.0,0.0,0.0,0.0,0.0,0.0,0.0,0.0,0.0,0.0,0.0,0.0,0.0,0.0,0.0,0.0,0.0,0.0,0.0,0.0,0.0,0.0,0.0,0.0,0.0,0.0,0.0,0.0,0.0,0.0,0.0,0.0,0.0,0.0,0.0,0.0,0.0,0.0,0.0,0.0,0.0,0.0,0.0,0.0,0.0,0.0,0.0,0.0,0.0,0.0,0.0,0.0,0.0,0.0,0.0,0.0,0.0,0.0,0.0,0.0,0.0,0.0,0.0,0.0,0.0,0.0
2026-09-20 23:30:00+01:00,0.0,0.0,0.0,0.0,0.0,0.0,0.0,0.0,0.0,0.0,0.0,0.0,0.0,0.0,0.0,0.0,0.0,0.0,0.0,0.0,0.0,0.0,0.0,0.0,0.0,0.0,0.0,0.0,0.0,0.0,0.0,0.0,0.0,0.0,0.0,0.0,0.0,0.0,0.0,0.0,0.0,0.0,0.0,0.0,0.0,0.0,0.0,0.0,0.0,0.0,0.0,0.0,0.0,0.0,0.0,0.0,0.0,0.0,0.0,0.0,0.0,0.0,0.0,0.0,0.0,0.0,0.0,0.0,0.0,0.0,0.0,0.0,0.0,0.0,0.0,0.0,0.0,0.0,0.0,0.0,0.0,0.0,0.0,0.0,0.0,0.0,0.0,0.0,0.0,0.0,0.0,0.0,0.0,0.0,0.0,0.0,0.0,0.0,0.0,0.0,0.0,0.0,0.0,0.0,0.0,0.0,0.0,0.0,0.0,0.0,0.0,0.0,0.0,0.0,0.0,0.0,0.0,0.0,0.0,0.0,0.0,0.0,0.0,0.0,0.0,0.0,0.0,0.0,0.0,0.0,0.0,0.0,0.0,0.0,0.0,0.0,0.0,0.0,0.0,0.0,0.0,0.0,0.0,0.0,0.0,0.0,0.0,0.0,0.0,0.0,0.0,0.0,0.0,0.0,0.0,0.0,0.0,0.0,0.0,0.0,0.0,0.0,0.0,0.0,0.0,0.0,0.0,0.0,0.0,0.0,0.0,0.0,0.0,0.0,0.0,0.0,0.0,0.0,0.0,0.0,0.0,0.0,0.0,0.0,0.0,0.0,0.0,0.0,0.0,0.0,0.0,0.0,0.0,0.0,0.0,0.0,0.0,0.0,0.0,0.0,0.0,0.0,0.0,0.0,0.0,0.0,0.0,0.0,0.0,0.0,0.0,0.0,0.0,0.0,0.0,0.0,0.0,0.0,0.0,0.0,0.0,0.0,0.0,0.0,0.0,0.0,0.0,0.0,0.0,0.0,0.0,0.0,0.0,0.0,0.0,0.0,0.0,0.0,0.0,0.0,0.0,0.0,0.0,0.0,0.0,0.0,0.0,0.0,0.0,0.0,0.0,0.0,0.0,0.0,0.0,0.0,0.0,0.0,0.0,0.0,0.0,0.0,0.0,0.0,0.0,0.0
2026-09-21 00:30:00+01:00,0.0,0.0,0.0,0.0,0.0,0.0,0.0,0.0,0.0,0.0,0.0,0.0,0.0,0.0,0.0,0.0,0.0,0.0,0.0,0.0,0.0,0.0,0.0,0.0,0.0,0.0,0.0,0.0,0.0,0.0,0.0,0.0,0.0,0.0,0.0,0.0,0.0,0.0,0.0,0.0,0.0,0.0,0.0,0.0,0.0,0.0,0.0,0.0,0.0,0.0,0.0,0.0,0.0,0.0,0.0,0.0,0.0,0.0,0.0,0.0,0.0,0.0,0.0,0.0,0.0,0.0,0.0,0.0,0.0,0.0,0.0,0.0,0.0,0.0,0.0,0.0,0.0,0.0,0.0,0.0,0.0,0.0,0.0,0.0,0.0,0.0,0.0,0.0,0.0,0.0,0.0,0.0,0.0,0.0,0.0,0.0,0.0,0.0,0.0,0.0,0.0,0.0,0.0,0.0,0.0,0.0,0.0,0.0,0.0,0.0,0.0,0.0,0.0,0.0,0.0,0.0,0.0,0.0,0.0,0.0,0.0,0.0,0.0,0.0,0.0,0.0,0.0,0.0,0.0,0.0,0.0,0.0,0.0,0.0,0.0,0.0,0.0,0.0,0.0,0.0,0.0,0.0,0.0,0.0,0.0,0.0,0.0,0.0,0.0,0.0,0.0,0.0,0.0,0.0,0.0,0.0,0.0,0.0,0.0,0.0,0.0,0.0,0.0,0.0,0.0,0.0,0.0,0.0,0.0,0.0,0.0,0.0,0.0,0.0,0.0,0.0,0.0,0.0,0.0,0.0,0.0,0.0,0.0,0.0,0.0,0.0,0.0,0.0,0.0,0.0,0.0,0.0,0.0,0.0,0.0,0.0,0.0,0.0,0.0,0.0,0.0,0.0,0.0,0.0,0.0,0.0,0.0,0.0,0.0,0.0,0.0,0.0,0.0,0.0,0.0,0.0,0.0,0.0,0.0,0.0,0.0,0.0,0.0,0.0,0.0,0.0,0.0,0.0,0.0,0.0,0.0,0.0,0.0,0.0,0.0,0.0,0.0,0.0,0.0,0.0,0.0,0.0,0.0,0.0,0.0,0.0,0.0,0.0,0.0,0.0,0.0,0.0,0.0,0.0,0.0,0.0,0.0,0.0,0.0,0.0,0.0,0.0,0.0,0.0,0.0,0.0
2026-09-21 01:30:00+01:00,0.0,0.0,0.0,0.0,0.0,0.0,0.0,0.0,0.0,0.0,0.0,0.0,0.0,0.0,0.0,0.0,0.0,0.0,0.0,0.0,0.0,0.0,0.0,0.0,0.0,0.0,0.0,0.0,0.0,0.0,0.0,0.0,0.0,0.0,0.0,0.0,0.0,0.0,0.0,0.0,0.0,0.0,0.0,0.0,0.0,0.0,0.0,0.0,0.0,0.0,0.0,0.0,0.0,0.0,0.0,0.0,0.0,0.0,0.0,0.0,0.0,0.0,0.0,0.0,0.0,0.0,0.0,0.0,0.0,0.0,0.0,0.0,0.0,0.0,0.0,0.0,0.0,0.0,0.0,0.0,0.0,0.0,0.0,0.0,0.0,0.0,0.0,0.0,0.0,0.0,0.0,0.0,0.0,0.0,0.0,0.0,0.0,0.0,0.0,0.0,0.0,0.0,0.0,0.0,0.0,0.0,0.0,0.0,0.0,0.0,0.0,0.0,0.0,0.0,0.0,0.0,0.0,0.0,0.0,0.0,0.0,0.0,0.0,0.0,0.0,0.0,0.0,0.0,0.0,0.0,0.0,0.0,0.0,0.0,0.0,0.0,0.0,0.0,0.0,0.0,0.0,0.0,0.0,0.0,0.0,0.0,0.0,0.0,0.0,0.0,0.0,0.0,0.0,0.0,0.0,0.0,0.0,0.0,0.0,0.0,0.0,0.0,0.0,0.0,0.0,0.0,0.0,0.0,0.0,0.0,0.0,0.0,0.0,0.0,0.0,0.0,0.0,0.0,0.0,0.0,0.0,0.0,0.0,0.0,0.0,0.0,0.0,0.0,0.0,0.0,0.0,0.0,0.0,0.0,0.0,0.0,0.0,0.0,0.0,0.0,0.0,0.0,0.0,0.0,0.0,0.0,0.0,0.0,0.0,0.0,0.0,0.0,0.0,0.0,0.0,0.0,0.0,0.0,0.0,0.0,0.0,0.0,0.0,0.0,0.0,0.0,0.0,0.0,0.0,0.0,0.0,0.0,0.0,0.0,0.0,0.0,0.0,0.0,0.0,0.0,0.0,0.0,0.0,0.0,0.0,0.0,0.0,0.0,0.0,0.0,0.0,0.0,0.0,0.0,0.0,0.0,0.0,0.0,0.0,0.0,0.0,0.0,0.0,0.0,0.0,0.0
2026-09-21 02:30:00+01:00,0.0,0.0,0.0,0.0,0.0,0.0,0.0,0.0,0.0,0.0,0.0,0.0,0.0,0.0,0.0,0.0,0.0,0.0,0.0,0.0,0.0,0.0,0.0,0.0,0.0,0.0,0.0,0.0,0.0,0.0,0.0,0.0,0.0,0.0,0.0,0.0,0.0,0.0,0.0,0.0,0.0,0.0,0.0,0.0,0.0,0.0,0.0,0.0,0.0,0.0,0.0,0.0,0.0,0.0,0.0,0.0,0.0,0.0,0.0,0.0,0.0,0.0,0.0,0.0,0.0,0.0,0.0,0.0,0.0,0.0,0.0,0.0,0.0,0.0,0.0,0.0,0.0,0.0,0.0,0.0,0.0,0.0,0.0,0.0,0.0,0.0,0.0,0.0,0.0,0.0,0.0,0.0,0.0,0.0,0.0,0.0,0.0,0.0,0.0,0.0,0.0,0.0,0.0,0.0,0.0,0.0,0.0,0.0,0.0,0.0,0.0,0.0,0.0,0.0,0.0,0.0,0.0,0.0,0.0,0.0,0.0,0.0,0.0,0.0,0.0,0.0,0.0,0.0,0.0,0.0,0.0,0.0,0.0,0.0,0.0,0.0,0.0,0.0,0.0,0.0,0.0,0.0,0.0,0.0,0.0,0.0,0.0,0.0,0.0,0.0,0.0,0.0,0.0,0.0,0.0,0.0,0.0,0.0,0.0,0.0,0.0,0.0,0.0,0.0,0.0,0.0,0.0,0.0,0.0,0.0,0.0,0.0,0.0,0.0,0.0,0.0,0.0,0.0,0.0,0.0,0.0,0.0,0.0,0.0,0.0,0.0,0.0,0.0,0.0,0.0,0.0,0.0,0.0,0.0,0.0,0.0,0.0,0.0,0.0,0.0,0.0,0.0,0.0,0.0,0.0,0.0,0.0,0.0,0.0,0.0,0.0,0.0,0.0,0.0,0.0,0.0,0.0,0.0,0.0,0.0,0.0,0.0,0.0,0.0,0.0,0.0,0.0,0.0,0.0,0.0,0.0,0.0,0.0,0.0,0.0,0.0,0.0,0.0,0.0,0.0,0.0,0.0,0.0,0.0,0.0,0.0,0.0,0.0,0.0,0.0,0.0,0.0,0.0,0.0,0.0,0.0,0.0,0.0,0.0,0.0,0.0,0.0,0.0,0.0,0.0,0.0
2026-09-21 03:30:00+01:00,0.0,0.0,0.0,0.0,0.0,0.0,0.0,0.0,0.0,0.0,0.0,0.0,0.0,0.0,0.0,0.0,0.0,0.0,0.0,0.0,0.0,0.0,0.0,0.0,0.0,0.0,0.0,0.0,0.0,0.0,0.0,0.0,0.0,0.0,0.0,0.0,0.0,0.0,0.0,0.0,0.0,0.0,0.0,0.0,0.0,0.0,0.0,0.0,0.0,0.0,0.0,0.0,0.0,0.0,0.0,0.0,0.0,0.0,0.0,0.0,0.0,0.0,0.0,0.0,0.0,0.0,0.0,0.0,0.0,0.0,0.0,0.0,0.0,0.0,0.0,0.0,0.0,0.0,0.0,0.0,0.0,0.0,0.0,0.0,0.0,0.0,0.0,0.0,0.0,0.0,0.0,0.0,0.0,0.0,0.0,0.0,0.0,0.0,0.0,0.0,0.0,0.0,0.0,0.0,0.0,0.0,0.0,0.0,0.0,0.0,0.0,0.0,0.0,0.0,0.0,0.0,0.0,0.0,0.0,0.0,0.0,0.0,0.0,0.0,0.0,0.0,0.0,0.0,0.0,0.0,0.0,0.0,0.0,0.0,0.0,0.0,0.0,0.0,0.0,0.0,0.0,0.0,0.0,0.0,0.0,0.0,0.0,0.0,0.0,0.0,0.0,0.0,0.0,0.0,0.0,0.0,0.0,0.0,0.0,0.0,0.0,0.0,0.0,0.0,0.0,0.0,0.0,0.0,0.0,0.0,0.0,0.0,0.0,0.0,0.0,0.0,0.0,0.0,0.0,0.0,0.0,0.0,0.0,0.0,0.0,0.0,0.0,0.0,0.0,0.0,0.0,0.0,0.0,0.0,0.0,0.0,0.0,0.0,0.0,0.0,0.0,0.0,0.0,0.0,0.0,0.0,0.0,0.0,0.0,0.0,0.0,0.0,0.0,0.0,0.0,0.0,0.0,0.0,0.0,0.0,0.0,0.0,0.0,0.0,0.0,0.0,0.0,0.0,0.0,0.0,0.0,0.0,0.0,0.0,0.0,0.0,0.0,0.0,0.0,0.0,0.0,0.0,0.0,0.0,0.0,0.0,0.0,0.0,0.0,0.0,0.0,0.0,0.0,0.0,0.0,0.0,0.0,0.0,0.0,0.0,0.0,0.0,0.0,0.0,0.0,0.0
2026-09-21 04:30:00+01:00,0.0,0.0,0.0,0.0,0.0,0.0,0.0,0.0,0.0,0.0,0.0,0.0,0.0,0.0,0.0,0.0,0.0,0.0,0.0,0.0,0.0,0.0,0.0,0.0,0.0,0.0,0.0,0.0,0.0,0.0,0.0,0.0,0.0,0.0,0.0,0.0,0.0,0.0,0.0,0.0,0.0,0.0,0.0,0.0,0.0,0.0,0.0,0.0,0.0,0.0,0.0,0.0,0.0,0.0,0.0,0.0,0.0,0.0,0.0,0.0,0.0,0.0,0.0,0.0,0.0,0.0,0.0,0.0,0.0,0.0,0.0,0.0,0.0,0.0,0.0,0.0,0.0,0.0,0.0,0.0,0.0,0.0,0.0,0.0,0.0,0.0,0.0,0.0,0.0,0.0,0.0,0.0,0.0,0.0,0.0,0.0,0.0,0.0,0.0,0.0,0.0,0.0,0.0,0.0,0.0,0.0,0.0,0.0,0.0,0.0,0.0,0.0,0.0,0.0,0.0,0.0,0.0,0.0,0.0,0.0,0.0,0.0,0.0,0.0,0.0,0.0,0.0,0.0,0.0,0.0,0.0,0.0,0.0,0.0,0.0,0.0,0.0,0.0,0.0,0.0,0.0,0.0,0.0,0.0,0.0,0.0,0.0,0.0,0.0,0.0,0.0,0.0,0.0,0.0,0.0,0.0,0.0,0.0,0.0,0.0,0.0,0.0,0.0,0.0,0.0,0.0,0.0,0.0,0.0,0.0,0.0,0.0,0.0,0.0,0.0,0.0,0.0,0.0,0.0,0.0,0.0,0.0,0.0,0.0,0.0,0.0,0.0,0.0,0.0,0.0,0.0,0.0,0.0,0.0,0.0,0.0,0.0,0.0,0.0,0.0,0.0,0.0,0.0,0.0,0.0,0.0,0.0,0.0,0.0,0.0,0.0,0.0,0.0,0.0,0.0,0.0,0.0,0.0,0.0,0.0,0.0,0.0,0.0,0.0,0.0,0.0,0.0,0.0,0.0,0.0,0.0,0.0,0.0,0.0,0.0,0.0,0.0,0.0,0.0,0.0,0.0,0.0,0.0,0.0,0.0,0.0,0.0,0.0,0.0,0.0,0.0,0.0,0.0,0.0,0.0,0.0,0.0,0.0,0.0,0.0,0.0,0.0,0.0,0.0,0.0,0.0
2026-09-21 05:30:00+01:00,0.0,0.0,0.0,0.0,0.0,0.0,0.0,0.0,0.0,0.0,0.0,0.0,0.0,0.0,0.0,0.0,0.0,0.0,0.0,0.0,0.0,0.0,0.0,0.0,0.0,0.0,0.0,0.0,0.0,0.0,0.0,0.0,0.0,0.0,0.0,0.0,0.0,0.0,0.0,0.0,0.0,0.0,0.0,0.0,0.0,0.0,0.0,0.0,0.0,0.0,0.0,0.0,0.0,0.0,0.0,0.0,0.0,0.0,0.0,0.0,0.0,0.0,0.0,0.0,0.0,0.0,0.0,0.0,0.0,0.0,0.0,0.0,0.0,0.0,0.0,0.0,0.0,0.0,0.0,0.0,0.0,0.0,0.0,0.0,0.0,0.0,0.0,0.0,0.0,0.0,0.0,0.0,0.0,0.0,0.0,0.0,0.0,0.0,0.0,0.0,0.0,0.0,0.0,0.0,0.0,0.0,0.0,0.0,0.0,0.0,0.0,0.0,0.0,0.0,0.0,0.0,0.0,0.0,0.0,0.0,0.0,0.0,0.0,0.0,0.0,0.0,0.0,0.0,0.0,0.0,0.0,0.0,0.0,0.0,0.0,0.0,0.0,0.0,0.0,0.0,0.0,0.0,0.0,0.0,0.0,0.0,0.0,0.0,0.0,0.0,0.0,0.0,0.0,0.0,0.0,0.0,0.0,0.0,0.0,0.0,0.0,0.0,0.0,0.0,0.0,0.0,0.0,0.0,0.0,0.0,0.0,0.0,0.0,0.0,0.0,0.0,0.0,0.0,0.0,0.0,0.0,0.0,0.0,0.0,0.0,0.0,0.0,0.0,0.0,0.0,0.0,0.0,0.0,0.0,0.0,0.0,0.0,0.0,0.0,0.0,0.0,0.0,0.0,0.0,0.0,0.0,0.0,0.0,0.0,0.0,0.0,0.0,0.0,0.0,0.0,0.0,0.0,0.0,0.0,0.0,0.0,0.0,0.0,0.0,0.0,0.0,0.0,0.0,0.0,0.0,0.0,0.0,0.0,0.0,0.0,0.0,0.0,0.0,0.0,0.0,0.0,0.0,0.0,0.0,0.0,0.0,0.0,0.0,0.0,0.0,0.0,0.0,0.0,0.0,0.0,0.0,0.0,0.0,0.0,0.0,0.0,0.0,0.0,0.0,0.0,0.0
2026-09-21 06:30:00+01:00,0.3268629423038315,0.12504937967766952,0.10264243158416915,0.0882509615963979,0.0721581414091927,0.06662984201318041,0.03981985765560661,0.03943758339251192,0.027529723031072626,0.027456883648011767,0.02656569362624667,0.012068905848439223,0.011909499387239003,0.009528536713746313,0.006996424969366585,0.006640581099295088,0.005282172965710129,0.005046235780244667,0.0010484399813470494,7.391338173887838e-05,4.810572703450355e-05,0.20657732164781156,0.12397191416658725,0.07652169445299276,0.06324238462922263,0.036335295977307974,0.03517314461047921,0.010236409503088665,0.13951326779034667,0.12091986579353009,0.09125485305844543,0.046981795520581016,0.04335447156356195,0.03698370857176765,0.012439430721830003,0.009160153033293804,0.007966283637531333,0.005108535281709418,0.004883904447375748,0.002931864717813038,0.13036336935035878,0.07906957632128819,0.054476787077607856,0.03986436890565912,0.02141795079091401,0.021066726125153833,0.007945627219213642,0.0049122309177585316,0.17085801355142133,0.13464450014856202,0.12348484902762538,0.11205892230546297,0.09333828670609876,0.07897247806530155,0.07772885580074164,0.07678162114666366,0.07611988923227542,0.059723991042735215,0.04361624151005804,0.04062157606618571,0.04030405231839043,0.02887182779996057,0.022707772341794955,0.012061986307176809,0.05402099428416581,0.03799948887612196,0.03465092357337559,0.025474299406628487,0.01172274652352986,0.0069392673528600015,0.13304520949142543,0.08462093725196057,0.05291557806830354,0.050271415088432865,0.03703587598916449,0.03048543427087856,0.0274928968175878,0.019369662192142232,0.01662024509380456,0.012971494081683571,0.012327096328359235,0.0023392601960305678,0.0023186348861590467,0.0008571367510323969,0.09236683317584382,0.08645283027765535,0.06910033841967203,0.0639356303168807,0.05806267879866114,0.02432038875815518,0.012830567551530395,0.002199515657768571,0.0007732929209667916,0.1769930752447691,0.07431777086606228,0.06644063530158932,0.04120886561517442,0.013303045564762535,0.013049440191161733,0.007055326317006399,0.0012912770510955698,0.0009505141659716089,0.09215621953634924,0.0668419925899454,0.033691024836607,0.027080358093846468,0.025469462587835202,0.024903005748072707,0.010282883949568037,0.0057617515617748105,0.004659239407967267,0.0017079178371682438,0.00034389612950785973,0.05722970303206387,0.04385956362433149,0.042252327389840034,0.031043719333279995,0.020623483263364172,0.01549457619812758,0.011414015227134146,0.007064935677148336,0.006309843206436829,0.0028887159212576353,0.0015574314673184918,0.14535471720096635,0.12065405554955824,0.11233858404548897,0.07808815138842654,0.0738028909964955,0.059086752639714475,0.041183174961676006,0.038820137449125235,0.024775125454219993,0.02249455424711081,0.009146178939005885,0.008925368373149736,0.008754411693152369,0.10817840092226173,0.07388421267288006,0.06978505066011695,0.05341555098515831,0.05290534374891495,0.04663313368611927,0.045222368797712596,0.018206809775860294,0.014650502811525471,0.014645510795548286,0.005337827008091925,0.0030139098708079634,0.002231726478635978,0.15980837183399907,0.11111019286917545,0.1039048681779016,0.09338501359023538,0.05759524317101816,0.02165437495751374,0.015576494805037465,0.013996652154389416,0.01070488081532276,0.006492410241228093,0.002466751027335737,0.001253057043186619,0.36365925714554437,0.16612140003340478,0.14924859500251586,0.10570557457650058,0.10566378067908115,0.0966378037125799,0.06737055634964312,0.04473494601501477,0.03867519214027458,0.02985199745499594,0.021355034992185332,0.018357590270757142,0.016866684887594015,0.00935080601832477,0.0072198672141150595,0.002938124370733371,0.18545066727000967,0.1450180886374669,0.07562409853110275,0.0750829773987452,0.06649380928996707,0.05086514521512254,0.04327526310583199,0.03703576429467345,0.02809276791891951,0.02106125479640243,0.014231956175855758,0.007529744419476484,0.005635979722641175,0.24792818170115605,0.1492994771021224,0.08242888839788437,0.059548365528821014,0.046733174373770246,0.04154254963596259,0.027562063701641635,0.011676539855167326,0.003494225155195549,0.0029569628781343426,0.0013499607159274012,0.17839858661471292,0.16423646227364752,0.14738151845028125,0.12707955193249051,0.12468736148372898,0.11298698115126313,0.10806191757648466,0.09328713913239141,0.08147370222925779,0.05292270631938797,0.04423030020779203,0.04254426220462893,0.041510367837550716,0.04008307557459719,0.03999803794621593,0.033563243691914865,0.16101361919045018,0.052132230806466964,0.05175729733116406,0.03844736100893348,0.03258043456573554,0.018971803163963977,0.01729183364436286,0.015226165281573207,0.010340624206342675,0.009400572349931543,0.0029852032843390897,0.04890585968598771,0.018360119131044225,0.014309086892743246,0.013531864721245717,0.007703880213671011,0.05320884106009127,0.046548818077657074,0.039270288619764275,0.0344238432185297,0.03372492520444934,0.019600050199301788,0.10061591035137105,0.09911311327782969,0.06764245736978122,0.0621877430917887,0.038416108245729365,0.03204778165586977,0.022143887233937086,0.020089685226889205,0.018739164095375155,0.0027446389552213605,0.37994815622982814,0.22403102912585804,0.05891464374596094,0.02937633804857663,0.028904237564111156,0.024282024597663394,0.023495421230935017,0.0028862021010234466,0.0014747791885112494,0.09537925894059934,0.033739333566225625,0.03191629354419889,0.016892506199040012,0.006596630597837057,0.004620307077935524,0.0010570701009027057
2026-09-21 07:30:00+01:00,1.7833577486008045,0.6822669423277776,0.560015076688338,0.4814955010657487,0.3936933924039022,0.3635311002365038,0.2172563558223673,0.215170675003442,0.15020162438194481,0.14980421414856285,0.14494189901553323,0.06584771161345371,0.06497799311384418,0.051987507857318656,0.03817235625941983,0.03623087914209578,0.028819431231493352,0.0275321626138971,0.005720267802460599,0.00040326994892798783,0.0002624638952778939,1.0919664748457598,0.6553147896997312,0.4044932148143379,0.3342988632709068,0.19206815513109657,0.18592503002350744,0.05410959882238254,0.8873045657467523,0.7690505047112637,0.5803809848894546,0.2988042810024145,0.27573449588819693,0.23521643492209393,0.07911479567202785,0.05825858528089717,0.05066557436126723,0.032490291077912646,0.031061638677545324,0.018646663442624375,0.7471418008466437,0.45316553215265465,0.31221872374374227,0.2284716674800116,0.12275109491349037,0.12073814733024277,0.04553817731931039,0.028153100616822697,0.9136362891720738,0.7199902358465505,0.6603157609614788,0.5992174192811411,0.49911177199876666,0.42229287527441756,0.41564280129013625,0.4105776133230144,0.4070391062426517,0.3193646257300576,0.23323097472913876,0.21721747342135306,0.21551956524233526,0.1543875470893982,0.12142623238141476,0.06449957002699631,0.368749409542944,0.2593859900522195,0.23652855296565994,0.17388855923867744,0.08001992403239208,0.04736770903488873,0.7328250103541645,0.46609975251941493,0.29146377531391177,0.27689948720080454,0.20399694441447894,0.16791652078722605,0.1514333546621476,0.10668984588601906,0.09154580859779882,0.07144815902094832,0.06789875809131513,0.01288485608711577,0.012771250020591972,0.004721186511346982,0.38229087926348315,0.35781381005822943,0.28599474750390386,0.26461888417862867,0.24031171977149024,0.10065802282822432,0.053103573892006616,0.009103427559991842,0.003200530109350274,1.3578964609983002,0.5701682843170501,0.5097346515830611,0.316155717974925,0.10206138555369304,0.10011571712103576,0.05412868624268002,0.009906718301979539,0.007292374689329799,0.5599391308404866,0.40613045351429305,0.2047059141428221,0.16453965071708085,0.15475188561507366,0.15131010651312,0.06247857312531867,0.03500827375353087,0.0283094345406162,0.010377270618330261,0.0020895051991589833,0.32680611871610826,0.25045689558478684,0.24127888822452212,0.17727293500260502,0.1177689235243897,0.0884806672091944,0.06517891615227116,0.04034380898908787,0.03603190753667725,0.016495805294860878,0.00889360080578308,0.8716188808438744,0.7235014789508425,0.6736377930269445,0.46825523403030556,0.44255869016255217,0.354313435437542,0.24695471575280162,0.23278477237742487,0.14856392373779978,0.13488848917672552,0.05484501916640325,0.05352092964253908,0.052495788711707986,1.0974116842810646,0.7495155925755616,0.7079317990436164,0.5418720305872136,0.5366962526344541,0.47306805559608606,0.4587566047046691,0.18469829107448096,0.14862146998747203,0.14857082867076946,0.05414938358684553,0.030574494348197114,0.02263966459935497,1.232261748330981,0.856756369838903,0.8011970402526882,0.7200797980355484,0.44410949333236077,0.1669740930210987,0.12010834289246128,0.10792637992998498,0.08254395559994052,0.05006213819040755,0.019020799090547328,0.009662161281509834,2.9032700889301193,1.3262285570119667,1.1915246846369427,0.8438994109760869,0.8435657498086797,0.7715069518121597,0.5378521714524063,0.35714099983247827,0.3087630146028312,0.23832312694633584,0.17048771101694848,0.1465576406778864,0.1346550122714547,0.07465206752464125,0.05763973862048105,0.023456486904973428,0.912940932609158,0.7138984778799802,0.37228410151898506,0.36962025760566136,0.32733729761960784,0.25040014033696495,0.2130364891123472,0.1823205367379122,0.13829574258759514,0.10368084342210485,0.07006141059132001,0.03706760398234023,0.027744934326188953,1.3650714455534594,0.8220302009629087,0.45384643677294445,0.32786822722216763,0.2573088765463526,0.22872973896890147,0.1517543745187764,0.06429003362904719,0.019238906004810215,0.01628078568078307,0.00743276868844478,1.2380429131156163,1.139761205800385,1.0227919845332503,0.8819012619854046,0.8653000405961998,0.7841022395023427,0.7499234930722098,0.6473901149066765,0.5654077286389545,0.36727074325494513,0.3069475535447824,0.2952468588214111,0.2880718827279302,0.27816682067208187,0.27757668016052645,0.23292076906241962,1.3468225675640477,0.43606786370386585,0.43293167641479013,0.3215987177386847,0.2725239315456549,0.15869249307654326,0.1446401360573383,0.12736154321471999,0.08649570212646586,0.07863249737856537,0.024970180611607926,0.42926580937146136,0.1611539281703351,0.1255964378464835,0.11877445564125251,0.06761996203432007,0.3458693284829107,0.3025776944100351,0.2552656303659898,0.22376265486308342,0.2192195319651128,0.1274046956408605,0.5877187068996573,0.5789405529306685,0.39511382879756746,0.36325169475958646,0.22439657290234583,0.18719783708177404,0.1293471054966606,0.11734807926833594,0.10945940112307792,0.016032013744505604,1.793259346008231,1.0573698810970773,0.27806224028702303,0.1386488969438289,0.136420701880525,0.11460502396390673,0.11089245472029143,0.013622145040751654,0.006960585331795884,0.6168551843851799,0.21820554132202633,0.20641522441854507,0.1092504821475513,0.04266300481831074,0.029881343240997935,0.006836488134244062
2026-09-21 08:30:00+01:00,3.8219793122595744,1.4621912743313863,1.2001888232103657,1.0319106446607216,0.8437387295519142,0.7790968164166656,0.4656100538781252,0.46114015492029503,0.3219026028322029,0.3210508984046096,0.31063029274502935,0.14112064264374882,0.13925671707098863,0.1114163322992805,0.08180857488530893,0.07764772416230636,0.06176397867689471,0.059005186152156504,0.01225931545072329,0.0008642625986109724,0.0005624959875573007,2.430589254332393,1.458653834838878,0.9003544376368926,0.744110046891844,0.4275211782733818,0.4138473025468997,0.12044161838622074,1.7742177585720929,1.5377617960854602,1.160505974926232,0.5974767652025802,0.5513473706111754,0.4703291204137744,0.15819469533438288,0.11649147382405749,0.10130880111539003,0.06496625131540414,0.06210957666567423,0.037285102201833564,1.5406901720489705,0.9344781417767909,0.6438300181525939,0.4711341973895872,0.25312652207005015,0.24897559843701966,0.09390482793143273,0.05805485034285696,2.407329573487726,1.8970938522444827,1.7398582762546506,1.5788709702979002,1.3151037709954614,1.1126945584029921,1.0951723562335174,1.0818261516956302,1.0725025807719404,0.8414901174103958,0.6145375677093737,0.5723437803892025,0.5678699819851131,0.40679394228455235,0.319944559638566,0.16994916275045963,0.6059783222733561,0.4262577322303542,0.38869533614584173,0.2857569250635324,0.13149943581928164,0.0778409513562938,1.359268035398166,0.8645372168731634,0.5406166378917746,0.5136023152216073,0.3783802707927351,0.31145710926410797,0.2808835882742213,0.19789185025813455,0.16980218966807456,0.1325244053806034,0.1259408592948451,0.023899256674465415,0.023688536389716287,0.00875701268837087,0.8544105075872964,0.7997048730605145,0.6391910731767553,0.5914165558535803,0.5370906542806133,0.2249681513278309,0.11868515307292314,0.02034593181323587,0.007153104360079883,2.4980448634834556,1.048906153649048,0.9377298378040242,0.5816136870756408,0.18775652434867537,0.18417718882947962,0.09957746449698102,0.018224826029845955,0.01341536682545332,1.2809221391978536,0.9290679301660049,0.4682872173207232,0.37640248693287354,0.3540119013818867,0.34613845441756497,0.14292658457640714,0.08008526362264812,0.06476093463376457,0.023739144037878183,0.0047799721829661366,0.8606008802640298,0.6595452547071288,0.6353761808711063,0.4668249312760199,0.3101289524535495,0.23300218608430887,0.17164009301804767,0.10624010855614852,0.09488528386640682,0.04343953109933489,0.02342012662505437,1.960100605202438,1.6270135008817272,1.5148798113700568,1.0530145546220833,0.9952280469020695,0.7967817064266637,0.5553529167886019,0.5234874820255667,0.33409124472817653,0.3033378636935482,0.12333573494452811,0.12035811624659945,0.1180527745392303,2.24046769096759,1.5302055674230335,1.4453083978278092,1.1062819856570043,1.0957151551367181,0.9658122921173807,0.936594138353969,0.3770786840130989,0.303424509197916,0.3033211202550742,0.11055098660774434,0.06242066467488293,0.046220974130075365,2.5682450675831885,1.785627383094125,1.6698322004867858,1.5007699395651202,0.9256004394054665,0.3480026799472079,0.250326409650347,0.22493710714685208,0.172035776583574,0.10433809184966134,0.0396426112487491,0.020137603140762045,4.653216195807844,2.1256128475133025,1.9097162132444332,1.3525597986075437,1.3520250231644972,1.2365327831671444,0.8620425790543782,0.5724077449576531,0.4948699281181241,0.3819723967021352,0.27324918240128876,0.2348952616644211,0.21581832373685111,0.11964860278783472,0.09238209228056737,0.037594884877968415,2.108128794756223,1.6485074597873581,0.8596644166223558,0.8535131686523868,0.7558749510084796,0.5782145670111448,0.49193583176073774,0.4210077121573757,0.3193473167074196,0.2394158961172621,0.16178316887017266,0.08559511411593815,0.0640675566977777,2.552500428790184,1.537086170303409,0.8486319366223022,0.6130695893590765,0.48113307171977204,0.4276939193893083,0.2837603169355821,0.12021373602064093,0.035974172624218856,0.030442884558610758,0.013898280068895163,2.6478515286650093,2.437652539439714,2.187485822229957,1.8861572405459777,1.85065154929131,1.6769905885338625,1.6038911466452686,1.3845989401808216,1.2092599559639465,0.7854965192718844,0.6564809186041817,0.6314561782809615,0.6161107720628136,0.5949264226123592,0.5936642656716787,0.49815689576356575,2.909187874569814,0.941923139787692,0.9351488561860585,0.6946654389781673,0.5886620378040337,0.3427818093949331,0.3124281847721017,0.27510576829500805,0.1868340001785355,0.16984917941686226,0.05393653804932514,0.9534863797060118,0.3579555422117694,0.2789751482922932,0.2638221429206127,0.15019764301835925,0.8102659090404988,0.7088468691106823,0.5980091930745292,0.5242073697231873,0.5135642241717923,0.2984701823150258,1.5402946163645215,1.5172888090942742,1.0355152834227765,0.9520109250478678,0.5880990839911168,0.4906085466858694,0.3389932086556087,0.3075461315349878,0.2868714646667645,0.04201674061118505,3.765316060136043,2.2201650885920934,0.5838487452474315,0.2911218165653714,0.28644326369701484,0.2406367702831944,0.23284146915819603,0.02860248943334342,0.014615177551478445,1.3859140199843922,0.49025140196867484,0.4637616100203749,0.24545757048189215,0.09585273498396664,0.06713564801265509,0.015359820250435781
2026-09-21 09:30:00+01:00,5.99970137274726,2.295331889339456,1.8840433037074744,1.619882057305851,1.3244918405745794,1.2230176714888048,0.7309095762127422,0.7238927776583094,0.5053191894336753,0.5039821931273333,0.487624040198536,0.22152964320785729,0.2186036732054251,0.17490014132160706,0.12842220717089792,0.12189054915942737,0.09695641901185945,0.09262569664381734,0.019244539472706292,0.0013567099860189399,0.0008830000565118596,3.7263912903965624,2.2362951437223018,1.3803537264471062,1.1408119215914,0.6554423756866251,0.6344786479311827,0.18465176580357848,2.391806046906153,2.073042017986891,1.5644670418208393,0.8054527314885918,0.7432661343864194,0.6340462036334688,0.21326076072746,0.15704104536166438,0.13657342901787708,0.08758038408208983,0.08372932821915761,0.050263690843468566,2.4234119332920967,1.4698772804987543,1.0127054597405911,0.741065437327674,0.39815262363975606,0.3916234732310842,0.14770658288819263,0.09131674859667663,3.2870628814716896,2.590366875004359,2.375671209244644,2.1558527832067442,1.7956946313170303,1.5193170979256683,1.4953915910124302,1.4771681562039343,1.4644373842134466,1.1490038424849138,0.8391138672220847,0.7815008034952485,0.7753921024535527,0.5554525158571548,0.4368649385190206,0.23205529926875848,0.9522425258596798,0.6698271616111543,0.6108011047207517,0.4490422942582505,0.20663999075727546,0.12232032303855364,2.6622132679711505,1.6932513599059162,1.0588322161639345,1.0059229397262621,0.741081928663071,0.6100086422204167,0.5501284485365944,0.38758382869368607,0.33256843425475274,0.2595575126806265,0.2466632171602649,0.046808220716212504,0.046395511579176506,0.017151168687597095,1.1439897935395718,1.0707431667811218,0.8558275645516952,0.7918611693310611,0.719122975719883,0.3012150093018483,0.15891026919075374,0.027241634001107844,0.00957745522484544,3.328496339406417,1.3976051206435203,1.2494692862042505,0.774965676829511,0.2501744116487829,0.24540515976411623,0.13268105425592125,0.024283497711914813,0.017875179114296716,2.01442218008317,1.461084158091268,0.736444572510105,0.5919434875181964,0.5567312831392456,0.5443492298408535,0.22477125914503054,0.12594483802137763,0.1018452715719837,0.03733299380400863,0.007517148537675683,1.1553641074584944,0.8854451953377078,0.8529980051697318,0.6267164982420421,0.41635079461992186,0.31280744528007576,0.23042830587513422,0.14262826243055896,0.12738431230935268,0.05831794531932258,0.03144172207495222,3.137279909212587,2.604150396559211,2.424672480825129,1.68542441013282,1.5929330098381733,1.2753055802165436,0.8888816950207241,0.8378788087326146,0.5347367105278164,0.48551374503093353,0.19740758321406365,0.19264169349722307,0.18895183074058558,3.281593864270564,2.2412790067771273,2.1169308485953384,1.620361762377049,1.6048846160919432,1.4146170036849393,1.3718214237701414,0.5523039233251341,0.4444232834364905,0.4442718505361942,0.16192308454327944,0.09142701366620569,0.06769946548095879,3.768245727935043,2.619953540633177,2.4500535931230356,2.201997770680588,1.3580829748644974,0.5106053267942414,0.36729026978796425,0.3300379328121642,0.25241869958036706,0.1530895839482208,0.058165438480862496,0.02954680531225042,5.665178316377462,2.587882296033122,2.3250333589601406,1.6467088826817422,1.6460578064977456,1.5054487941049153,1.0495160166967317,0.6968926025363057,0.6024921835198225,0.4650421661476196,0.3326742790292601,0.2859793070005985,0.26275359589190034,0.1456692836901001,0.11247296579104925,0.045770864205547164,3.2846520194060194,2.568521131282484,1.3394335626427616,1.3298493716214714,1.177720351064001,0.9009096834630329,0.7664797460337034,0.6559674320482597,0.49757150100319936,0.37303124392378656,0.25207255536622336,0.13336479494589712,0.09982294725503225,3.3890445579901356,2.0408433479079617,1.1267584577486687,0.8139940475823577,0.6388172945983882,0.5678642532799959,0.376758549004397,0.1596120036890717,0.04776417374319208,0.04042008811406257,0.018453235071634027,3.8889175218342875,3.5801968388878964,3.21277528242801,2.7702119481722103,2.7180644983056648,2.463007465901468,2.3556458191779495,2.0335698663199513,1.7760483094653567,1.1536640721983402,0.9641779833466868,0.9274239772897874,0.90488607496582,0.8737724770640264,0.8719187385938818,0.7316464158148054,4.317576652831164,1.397924621045704,1.3878707881620524,1.0309651387861478,0.8736436354102918,0.5087284840542081,0.4636801383815461,0.40828928672244896,0.2772836103770651,0.2520761405487487,0.08004816033091075,1.4560572202932787,0.5466294672632293,0.4260194876392742,0.40287952114349573,0.22936495711175753,1.2359271867657546,1.081229145904854,0.9121645269907565,0.7995920012370559,0.7833576357122235,0.45526710262178144,2.417293322106988,2.3811886810252014,1.6251074002099972,1.4940581024185642,0.9229455023509151,0.7699467043983386,0.5320060271696075,0.4826539040654711,0.45020768655203186,0.06593984385652273,6.2019659319449,3.6569010470382928,0.9616749217335339,0.4795155465167275,0.47180936062504375,0.39636010030342594,0.3835202241192352,0.04711202517963409,0.02407310085420033,2.138646789983612,0.756522101650346,0.7156448843766485,0.37877316891143553,0.1479133200390878,0.1035990949260701,0.02370221370131583
2026-09-21 10:30:00+01:00,7.085721186874253,2.7108152204171083,2.2250783371832634,1.9131006529469543,1.5642411702741124,1.4443989272788924,0.8632132081414642,0.8549262826609704,0.5967881839866948,0.5952091748884,0.5758899948851737,0.2616292360030988,0.25817362940698263,0.20655922019371112,0.1516682077460322,0.14395423921961178,0.11450672453739316,0.10939208810280428,0.022728038047492523,0.0016022911966994057,0.001042833937845195,4.331369244600192,2.599356657023728,1.6044535346598015,1.3260222252527822,0.7618531513244843,0.7374859717730231,0.21462989714041092,3.555948055079255,3.0820349089314343,2.3259258591617273,1.197483415388117,1.1050293013501058,0.9426497468543624,0.3170592315854651,0.2334762053736603,0.20304657224185033,0.13020758804529484,0.1244821427804043,0.07472808003271597,2.8736400173084595,1.7429550939100045,1.200848644375541,0.8787425971184737,0.4721225048740617,0.46438035108021725,0.17514791504339727,0.10828182341308845,3.995716316959591,3.148820561878772,2.8878389482649456,2.6206301654214723,2.1828260052687987,1.8468646137062257,1.817781039155941,1.795628838714082,1.7801534568293553,1.3967160249793291,1.020017289582607,0.9499835034627979,0.9425578358355319,0.6752017715928215,0.5310480590400087,0.28208378700378844,1.3457482875167472,0.9466272836918495,0.8632092333297186,0.634605031921962,0.29203213062032257,0.1728681095281033,3.9113745634843324,2.4877572275674744,1.5556565084875977,1.4779211893377588,1.0888117192202567,0.896236344169707,0.8082592203046796,0.5694455613338866,0.48861589340405454,0.3813468534149256,0.36240230824299513,0.0687715315951682,0.06816517145109514,0.025198824506580893,1.7507440926052906,1.6386486002986234,1.3097451230676775,1.211851952000757,1.1005345578328125,0.4609747404368053,0.2431937912481079,0.04169017072502862,0.014657187722986286,5.195493917377907,2.181540300114781,1.9503131187406897,1.2096541649982426,0.3905005448305954,0.3830561565451488,0.20710361077364442,0.03790443244934232,0.02790160327378672,2.199975318084588,1.5956680368325162,0.8042802043575068,0.6464687864920041,0.608013103619289,0.594490510434505,0.24547546548233778,0.13754591159026677,0.11122647771518052,0.04077182317146292,0.00820957066933177,1.0966792144552986,0.8404704066861104,0.8096713202379657,0.5948834246635529,0.3952029143315052,0.2969188857010136,0.21872406442614517,0.13538368536092746,0.12091402758274444,0.055355777497821675,0.029844689517082947,3.179971876032667,2.6395875604533017,2.4576673171471866,1.7083595912697822,1.614609572073798,1.2926598823800801,0.9009775579749244,0.8492806266566769,0.5420133841316906,0.49212059468839864,0.20009389691143542,0.1952631531772462,0.19152307893073992,3.8816591730353,2.6511145424516753,2.5040283432386365,1.9166576848669832,1.8983504203684425,1.6732908750443172,1.6226697859600454,0.6532970498331091,0.5256895844559903,0.5255104608560426,0.19153199708438062,0.10814516388655425,0.08007884645779062,4.654421802659695,3.23608643435281,3.0262312186752265,2.719840258103371,1.6774625288288039,0.6306840734846745,0.45366570097398146,0.40765275438325993,0.3117798528944873,0.18909156905729885,0.07184416956134725,0.036495309694052486,6.778388717722447,3.0964024746605707,2.7819035886554926,1.9702880100834501,1.9695089971003596,1.80127024273347,1.255746444216979,0.833832351020668,0.720882201974209,0.5564231867454963,0.3980449429331148,0.3421743853094602,0.3143848102337459,0.1742933715306369,0.13457396039288844,0.05476486214641783,3.8761008204614464,3.0310202741467167,1.5806178250967549,1.5693078627440915,1.3897858257322562,1.0631314192802084,0.904495439673872,0.7740837953415955,0.5871664005447675,0.44020088036364163,0.2974618415887837,0.15737904291120144,0.11779750350117138,3.2969681234440396,1.9853959863501296,1.096145729114117,0.7918787674906798,0.621461364982672,0.5524360360189009,0.366522453466704,0.15527552951206536,0.046466476193909464,0.03932192090678658,0.017951881943292544,4.693469191150873,4.3208793879615,3.8774444871884457,3.3433222377963148,3.280386357060465,2.9725623117176805,2.8429893448499275,2.454281290883133,2.14348285240554,1.392337777646315,1.1636502019433894,1.1192924098043406,1.092091794312548,1.0545413159704293,1.0523040701689368,0.8830117615410503,5.310995403007026,1.7195690622552562,1.7072019719819056,1.2681769318822205,1.0746577778735842,0.6257803526010235,0.5703669630961272,0.502231390254078,0.3410829959616634,0.31007561215717677,0.09846621049747024,1.8332656206999967,0.6882401293222435,0.5363847447423793,0.5072501032944863,0.28878459212037005,1.5076793624470728,1.318966753715391,1.1127286843645676,0.9754040299069392,0.9556000979874036,0.555369946040378,3.0801028372498096,3.0340984875017343,2.0707035709921735,1.9037212233161542,1.176012457578032,0.9810621686082254,0.6778793697617232,0.6149951459039185,0.5736523408304903,0.08402021314205074,7.3239359317778225,4.318454707951085,1.1356472433516147,0.5662625656956191,0.5571622880790726,0.4680638385295009,0.4529011576026995,0.05563485156451664,0.028428058178658754,2.674082598855615,0.9459264602026082,0.8948151425632555,0.47360356307701934,0.1849451892233767,0.12953636771461358,0.029636346455101867
2026-09-21 11:30:00+01:00,10.457215941344554,4.000662655129153,3.28380471721575,2.823383268657618,2.3085310966227555,2.1316660774038807,1.2739432843727398,1.2617133127221645,0.8807491498186836,0.878418823987517,0.8499072820039463,0.3861164368873937,0.38101659970344415,0.30484326341299905,0.22383426584367414,0.21244987284851333,0.1689907792931096,0.16144252044303783,0.03354238693811341,0.002364685908872528,0.0015390303105929162,6.726286366139202,4.036602805144991,2.491594072414907,2.059211466682205,1.1830998872106269,1.1452595142609896,0.3333038744505983,4.505570578848927,3.9050980479964585,2.9470686740359096,1.5172735825894896,1.4001294259114405,1.194386110201979,0.4017304874696998,0.29582645907615984,0.2572705359748609,0.16497976594505856,0.15772532990248095,0.09468435241295133,4.244422358464329,2.5743786715915657,1.7736768713615871,1.2979199565984836,0.6973341488675936,0.6858988366965021,0.25869688693467574,0.1599343653142291,4.04297008344258,3.1860588490155015,2.921990839059242,2.6516220167071842,2.2086403379550728,1.8687058312149243,1.839278311216246,1.8168641364940006,1.801205741095849,1.413233737362285,1.0320801226235734,0.9612181094944595,0.9537046251314183,0.6831867796146185,0.537328289912909,0.28541973989492286,1.6448645540109408,1.1570318753127191,1.0550726935859795,0.775657180832509,0.3569414167162252,0.21129109248680325,5.531817940224015,3.5184101749949517,2.200149446902343,2.0902091622063534,1.5398955288350755,1.2675381012199063,1.1431129345101418,0.8053611642249835,0.6910445729859492,0.5393350421774591,0.5125419613434636,0.09726288957504953,0.09640532048551899,0.03563844556832332,2.029451325858506,1.8995109499661071,1.5182481481864847,1.404771012005711,1.2757326024863243,0.5343589632078065,0.28190868338420333,0.04832697857473331,0.01699051802225778,5.890489085534384,2.4733624043900155,2.2112042323619043,1.3714681933049928,0.4427373477478251,0.43429713231474953,0.2348076194943562,0.042974864216357385,0.03163396823609377,2.34827521057728,1.7032316973749975,0.8584965707229557,0.6900471170071465,0.64899914430787,0.6345649958437878,0.26202291710207665,0.14681785374978407,0.11872423214538176,0.04352024354843487,0.008762976172413988,1.4647690889710105,1.1225662488006323,1.0814297439748384,0.7945503484546115,0.5278489873372563,0.39657686584547625,0.2921367017470542,0.18082392266927266,0.16149766284588535,0.07393541402627835,0.03986177370588082,3.3040300058775167,2.7425640360566357,2.553546659176612,1.7750066888723723,1.677599262470359,1.3430895634543694,0.9361267967832869,0.8824130474339126,0.5631585921421922,0.511319368455966,0.2079000271578357,0.20288082482816644,0.19899484155019997,4.261693602786055,2.910672313608776,2.7491856177652143,2.104308346047071,2.0842087060426304,1.837114671817117,1.7815375173324766,0.717258196529313,0.5771573029106283,0.5769606421874747,0.21028396629296728,0.11873313255042614,0.08791897805926957,5.095779210151689,3.5429496237332403,3.3131948033642202,2.977750197512579,1.8365285834923022,0.6904889427942467,0.4966847323680629,0.44630858972864124,0.3413445020423392,0.2070222526601542,0.0786568216512141,0.03995599202047595,6.482993941136347,2.961464636877444,2.6606712688113348,1.8844250106618958,1.8836799462137273,1.7227728530024449,1.2010223857739422,0.7974948479211447,0.6894669429997108,0.5321748720234043,0.38069857908686117,0.3272627993395225,0.3006842635922921,0.16669785677222249,0.1287093741881125,0.052378269271297906,3.663915585997946,2.8650963786333694,1.4940917569292567,1.483400923728473,1.3137062692536552,1.0049335550051945,0.854981614872091,0.7317089554659395,0.5550237793541637,0.41610343518937526,0.2811782066873709,0.1487638105768219,0.11134904097210965,3.754781823069705,2.2610860894086366,1.248355429901394,0.9018382619795787,0.7077568692230733,0.6291467520424929,0.4174173951630718,0.17683693440456838,0.052918764653610936,0.04478212355743235,0.02044466233424055,4.682774684234702,4.311033861631931,3.868609368602072,3.3357041665277283,3.2729116910608584,2.9657890514901815,2.836511328701782,2.4486889822579765,2.1385987269844198,1.3891652062740005,1.160998716522722,1.1167419977465733,1.0896033613918867,1.0521384453138376,1.049906297285383,0.8809997369583246,5.836424586280366,1.88969004700537,1.8760994515981013,1.393640638589195,1.1809761825565852,0.6876902648915696,0.6267946993009098,0.5519183150527747,0.3748271336227676,0.3407521168960965,0.10820770274813452,2.061831637332471,0.7740478284737387,0.6032595735199899,0.570492513034414,0.32478938222851794,1.6544704097775622,1.4473843178171713,1.2210664470486983,1.0703715559517524,1.04863946876251,0.6094420107417389,3.4457100314689657,3.3942449805294044,2.3164954041395402,2.1296923066886637,1.315604749686624,1.0975139255046538,0.7583434281043093,0.6879948675473346,0.6417446851028503,0.09399338482095117,8.810250871862383,5.1948391834974394,1.3661147788656263,0.6811795337362873,0.6702324515181737,0.5630524187956382,0.5448126329619716,0.06692535326196328,0.03419723038088978,2.86726130775746,1.014261242522434,0.9594575863008445,0.507817212605155,0.19830583593154832,0.13889421936872953,0.031777309171517
2026-09-21 12:30:00+01:00,11.728817914987712,4.487144961383279,3.683116788697499,3.166707893195732,2.5892494747405794,2.3908775928186055,1.428855337810697,1.4151381963268022,0.987848626723047,0.9852349322646315,0.9532563744652569,0.43306836232874063,0.42734838274123504,0.34191233586804765,0.25105260921654576,0.2382838691176649,0.1895401310213272,0.18107400063592913,0.03762115567258819,0.002652232736406229,0.0017261770608774825,7.433570269215046,4.461060526951533,2.7535907053994424,2.275742111399537,1.3075054596773887,1.2656860877353213,0.3683515147679154,5.161527306416532,4.473633218307524,3.376126323784562,1.738170314011783,1.60397138117976,1.3682743204939705,0.46021760054741484,0.3388952230934101,0.29472602267167514,0.18899882978843036,0.18068823536511924,0.10846925198865054,4.612522754224473,2.7976434006446365,1.9275001959882718,1.410482941461694,0.7578109239141038,0.7453838765714582,0.28113254918036834,0.17380478116726306,4.139609751570841,3.262215650439021,2.99183558664146,2.7150041012656665,2.2614337707209473,1.9133737628668408,1.8832428328236126,1.8602928890103716,1.8442602088405136,1.4470144571172185,1.056750075275607,0.9841942377326686,0.9765011575229242,0.6995170868612539,0.5501721216854395,0.29224216706391476,1.7897055794094987,1.2589160595335167,1.1479787085136959,0.843958841996999,0.3883724307035618,0.22989664783100733,4.437682073878936,2.822505355535266,1.7649828439541522,1.6767876003896505,1.2353202614041576,1.0168322910342087,0.9170171239745062,0.6460691295517853,0.5543631672135048,0.4326601985727549,0.41116650955301176,0.07802530491511166,0.07733735404311166,0.02858953290734187,2.423010850195727,2.2678719036961823,1.8126730557527573,1.6771899679290867,1.523127900820771,0.6379840448768297,0.3365775714356503,0.057698744459525546,0.020285388958989455,6.332601520630976,2.659001365705913,2.3771668329999676,1.4744041522372702,0.47596713292842874,0.4668934345801534,0.2524311762018662,0.04620035561286942,0.034008265263988,2.420559759287642,1.7556605328195745,0.8849227906585854,0.7112881300779635,0.6689766197112631,0.6540981596507185,0.2700884999729362,0.15133719724628936,0.12237879848537368,0.0448598825952101,0.009032717885450632,1.7848724649988228,1.3678863123939944,1.3177600397120455,0.9681874431198646,0.6432024885489833,0.4832428083257645,0.3559788084620143,0.22034028640800243,0.1967905615606482,0.09009289291904475,0.048572968141771644,3.75707968709341,3.118625318805075,2.903689817032897,2.0183961899117637,1.9076322251608282,1.5272544461839337,1.0644888110827557,1.0034098147542814,0.6403790835391066,0.5814316484493078,0.23640734726724172,0.23069991026313863,0.22628107967986283,4.307565395573466,2.9420020547132584,2.778777156891775,2.126958589215089,2.1066426017658717,1.856888909809547,1.800713536881289,0.7249785824680758,0.5833696782413065,0.5831709007118353,0.2125474097563828,0.12001114597912328,0.08886531571737319,4.434540998960242,3.08320959675726,2.8832682082831633,2.591351546241426,1.5982170662014534,0.6008897559866319,0.43223395645868357,0.38839471996685476,0.29705097623948307,0.18015864291954514,0.06845015964689519,0.03477122486310675,5.74782446225855,2.625635476218596,2.3589519817169062,1.6707318056934266,1.6700712313199155,1.5274109519940005,1.0648268240493801,0.7070591823818445,0.6112816079846175,0.47182640850644963,0.33752747966304336,0.2901513005735134,0.2665867624409717,0.1477943721159034,0.11411377153789987,0.046438589969677035,3.3348586523293657,2.6077815451200137,1.3599071010290216,1.3501764135272425,1.195722067228418,0.9146802873222801,0.7781955585535493,0.6659940393953823,0.5051769914954627,0.37873310902912205,0.2559255401519939,0.13540330534675138,0.10134876309200676,3.7248535936596032,2.243063656578042,1.238405166623276,0.8946499821627593,0.7021155534431417,0.6241320137128089,0.4140902874505938,0.17542742072563183,0.052496965198068235,0.044425178805259605,0.020281704118987717,4.035657887131985,3.7152882593221044,3.3340028003468096,2.87474024195693,2.820625114504064,2.555944025560585,2.4445313062260587,2.110302474652933,1.8430638674590833,1.1971952313023178,1.0005592716342195,0.9624184281747107,0.9390301041070331,0.9067424980921331,0.9048188125843495,0.759253600004913,5.932903383887842,1.9209274974154136,1.907112243180762,1.4166781628680263,1.200498265025356,0.6990581030092877,0.6371559055567815,0.5610417800486228,0.3810231994894609,0.34638490697747915,0.10999642611784066,2.0884929313735077,0.7840569467659886,0.6110602496670953,0.5778694823091208,0.3289891942132657,1.6262855612433333,1.4227272991558464,1.200264882598281,1.0521371650544846,1.030775296384801,0.5990598179496289,3.5137495452952727,3.461268257640203,2.3622372743605045,2.1717455345642978,1.3415828809683492,1.1191856022351252,0.7733177926591803,0.7015801187366109,0.6544166731622749,0.09584939247908254,9.179135330871087,5.412346660834073,1.4233138891378534,0.709700463213179,0.69829502758828,0.5866273759588121,0.5676238918346489,0.06972751214382347,0.03562906552521455,2.9161752888311288,1.0315640098308312,0.9758254318440236,0.5164803091492502,0.20168882996816104,0.1412636822422608,0.032319413476828256
2026-09-21 13:30:00+01:00,8.03536366364435,3.074124079471806,2.5232877709730697,2.1694982156594764,1.7738838897698472,1.6379801504980753,0.978902762858722,0.969505207107779,0.6767709259266524,0.674980294881713,0.65307191986734,0.29669330769331614,0.2927745738134512,0.23424269859924338,0.1719950832542062,0.16324727329034305,0.12985314399543713,0.12405303379135826,0.025774095008289623,0.0018170334565782167,0.0011825966207785446,5.347039647990104,3.2088843780059264,1.980684670068048,1.636963512492494,0.9405014386978781,0.9104203562933268,0.2649588397674804,4.1428156410090615,3.5906886796670334,2.7097926853568395,1.3951140304292982,1.28740144751763,1.0982230490356377,0.3693861449585499,0.27200871903734425,0.23655703129163558,0.1516968257063275,0.14502646274608985,0.08706107456769716,3.3307132134403616,2.0201846879751653,1.3918522929360468,1.0185129528425656,0.5472169986063374,0.5382433993432683,0.20300645572439283,0.1255048293610523,3.623121971616859,2.8551979313443585,2.618552448165569,2.3762604696234453,1.9792808679480693,1.6746473547482275,1.6482757783880535,1.6281892362579475,1.6141569097167134,1.2664744233050482,0.9249022603606407,0.861399016106486,0.8546657804610828,0.6122402542816253,0.4815286517027782,0.2557799116499821,2.051421694670421,1.4430126083353645,1.3158524255379145,0.9673744652753477,0.44516575191101676,0.2635153939946593,4.914189649324314,3.125579158763378,1.954502435865825,1.8568370002107029,1.3679659653686422,1.126017284814477,1.015484206363993,0.7154424711674303,0.6138893442418265,0.4791182049782051,0.4553165755806552,0.08640347357377536,0.08564165219988164,0.031659407851511875,2.418522051333881,2.263670510698168,1.8093149507946615,1.6740828549673221,1.5203061987276507,0.6368021343400743,0.3359540376947836,0.05759185345718482,0.020247808842142737,5.923453519662021,2.487203868293839,2.2235786031827334,1.3791432220266955,0.44521500043909634,0.4367275517590652,0.2361216530479532,0.04321536072862209,0.031810998673969526,2.338351012293634,1.6960335593494356,0.8548684226441832,0.6871308640980363,0.6462563669004278,0.6318832195280267,0.26091556504535535,0.14619737728875032,0.11822248396204393,0.043336319822467044,0.00872594239004547,1.8237624044319911,1.3976906916332121,1.346472235757876,0.9892829285179826,0.6572169945226354,0.4937720107846727,0.36373510173901785,0.2251412010734095,0.20107835980404695,0.09205589431981032,0.0496313069453365,3.501925003799565,2.906830009201866,2.706491429627447,1.8813207793561626,1.7780791315908056,1.4235339619302043,0.9921961454800765,0.9352652091508712,0.5968889965947886,0.5419448607118156,0.22035220688053972,0.2150323792439473,0.21091364485556408,3.8125789757030053,2.60393381184676,2.45946524164584,1.8825477630044887,1.8645663049170207,1.6435120462781634,1.5937918386642196,0.6416706068335329,0.516334115927991,0.5161581801127199,0.18812338556950325,0.10622055151622739,0.0786537181121917,4.446097650136776,3.0912446059774292,2.890782159544259,2.5981047470580845,1.6023821054113296,0.6024557068498932,0.43336038128204574,0.38940689739367684,0.2978251069815043,0.18062814598494628,0.0686285444263352,0.03486184053602937,5.553317514034287,2.536783712045554,2.279124813371017,1.6141940761645488,1.6135558556931637,1.475723214327786,1.028792979019291,0.6831322297266141,0.5905957779187514,0.45585975618211216,0.32610551637203344,0.2803325518680808,0.25756544003631965,0.14279299594762535,0.11025215022396781,0.04486710349263691,4.087394850525855,3.196247268643507,1.666780473006562,1.6548539819215302,1.4655458386027165,1.121084845280378,0.9538013002476482,0.8162806556146488,0.6191740187250261,0.46419711326835267,0.31367708319650645,0.1659580901972905,0.12421888168486002,4.922004481185802,2.9639740439879043,1.6364229160627908,1.1821863894982152,0.9277722770741478,0.824725184789826,0.5471770095653312,0.23180899040010267,0.06936924940979572,0.058703227834020114,0.02680015094544002,3.6371567892237424,3.3484220650626004,3.004786644387773,2.59087397413635,2.542102445746272,2.3035572948553824,2.2031460261436453,1.901920625500373,1.6610704985366704,1.0789781704345704,0.9017590315197462,0.8673844062132241,0.846305562552427,0.8172061966722501,0.8154724655184583,0.6842810920137151,5.659018740810087,1.832250418426289,1.8190729271434767,1.3512790879316503,1.145078849343506,0.6667870096432187,0.6077424453187102,0.5351420278130433,0.3634337670911651,0.3303945055708612,0.10491858649063074,1.9704617593289036,0.7397459706614911,0.576526181404464,0.5452111901688177,0.3103963708430357,1.4934751860761728,1.3065404800236702,1.102245424541988,0.9662145356293248,0.946597180875219,0.5501376845521987,3.430631856868607,3.379392013220662,2.3063585900009302,2.1203729292158,1.3098477597078768,1.092711284991102,0.755024972833389,0.6849842524223565,0.6389364573870934,0.09358207665669313,9.492438984027228,5.597081706114841,1.4718946568224767,0.7339240681341661,0.7221293404334547,0.6066502314135268,0.5869981174583194,0.07210746226904687,0.03684516224731505,2.5306392036024965,0.8951849822956454,0.8468153828594577,0.4481984753206369,0.17502434164399194,0.12258776545315296,0.028046590715979664
2026-09-21 14:30:00+01:00,7.878009349809989,3.0139243541805194,2.473874921420965,2.127013529541967,1.739146410051354,1.605904036280361,0.9597331796254058,0.9505196536208201,0.6635179072544477,0.6617623416441545,0.6402829923045261,0.29088324435261664,0.2870412499591741,0.22965558833868846,0.16862695090310922,0.16005044689278305,0.12731026563573267,0.12162373739253705,0.025269368003452152,0.0017814509907755091,0.001159438156819112,5.210079862161478,3.12669158608868,1.9299511490797507,1.5950341110218087,0.9164113095618438,0.8871007280091368,0.25817214875021893,3.7068742698070545,3.2128466798737945,2.424645857379744,1.2483085782657615,1.1519304053687243,0.982658924689126,0.33051627564980324,0.24338570893227499,0.21166454137054563,0.13573402940161408,0.12976557727383453,0.0778997872901108,2.8869481687359766,1.7510269157740534,1.2064099100541303,0.8828121533182149,0.4743089575088241,0.4665309489264734,0.1759590448166368,0.10878328876509825,2.6520650765387668,2.0899574399216094,1.9167368786554821,1.7393831766131822,1.4488007049356684,1.2258140354750005,1.2065104798050592,1.1918074647509163,1.1815360349028101,0.9270382324109291,0.677013085159699,0.630529765621274,0.6256011490173702,0.44814969232374974,0.3524709713164423,0.1872266449435512,1.2339756791991974,0.8680041105589031,0.7915144383758336,0.5818972110558129,0.2677770799137775,0.15851035802575222,4.883871690694402,3.1062959836333888,1.942444186546776,1.8453812951256097,1.359526336761538,1.1190703519743364,1.0092192043280814,0.711028568410153,0.610101970723463,0.4761622983173045,0.45250751242130693,0.08587040970684653,0.08511328836908191,0.031464086000711586,2.243509516469045,2.0998635634108505,1.678386727199273,1.552940488760653,1.4102916377839936,0.5907209519598153,0.3116432534690978,0.0534243097891223,0.018782608080806847,4.806019634730752,2.0180036167955806,1.8041101176519652,1.1189738185949878,0.3612271163577974,0.3543407881592895,0.19157832453090556,0.03506296985269171,0.025809991370745945,2.2373996292321405,1.62281233095606,0.8179620090442516,0.6574660230582405,0.618356161282067,0.6046035320006464,0.24965130787646966,0.13988573829200887,0.11311857817450903,0.041465402496593855,0.00834922565754518,1.6591337351757793,1.271522963843564,1.224927931617944,0.8999816403435904,0.5978908679625661,0.4491998511360797,0.3309012053852232,0.2048179965609202,0.18292727679547272,0.08374612801350197,0.04515115317311193,3.03356270937676,2.5180582419225312,2.3445137932015925,1.629704963538142,1.5402712913790328,1.2331444956009656,0.8594956271336506,0.8101788755553622,0.5170585320195792,0.46946285777393615,0.19088136867477523,0.1862730373366772,0.18270515994442274,2.9321439283237907,2.0026099825920736,1.8915033947291588,1.4478128920740128,1.433983874107544,1.263977454193704,1.2257390843660099,0.49349025575630456,0.39709759526372285,0.3969622881302025,0.14468024040646224,0.08169114585595731,0.0604902937021072,4.059021697641532,2.822121760639633,2.6391115157770377,2.3719145126580403,1.4628791910535346,0.5500060903737585,0.3956321540683925,0.3555052475474936,0.2718965408470386,0.16490271277220023,0.06265376355273727,0.031826778962245506,4.370973314955138,1.9966828626567696,1.7938815339697354,1.270519687419829,1.2700173490171656,1.1615303417795442,0.8097550061818342,0.5376881007028257,0.46485337434500146,0.3588036924952362,0.256675132714737,0.2206475859577679,0.20272776811487753,0.11239126400970884,0.08677861572429676,0.035314550552895965,3.6881446475551836,2.884042938644363,1.5039720176233469,1.4932104871453908,1.32239366101222,1.0115790675432577,0.8606355121005667,0.7365476644666922,0.5586940891634548,0.418855080392095,0.28303760653392235,0.14974756891932567,0.11208537965260842,4.361754536507997,2.6265980215730256,1.4501561518413986,1.0476233548957632,0.82216807275226,0.7308503740457334,0.48489427688807685,0.2054232009226849,0.06147325535031534,0.05202129971466681,0.023749608601983586,2.6518246520665385,2.4413102574969376,2.1907681630321987,1.8889874352869778,1.8534284674451282,1.679506926961194,1.6062977987476448,1.386676542490245,1.2110744606586243,0.7866751633796649,0.6574659737223131,0.6324036835665895,0.6170352514378529,0.5958191146935731,0.5945550638758291,0.498904384359042,4.939974193089439,1.5994415634339298,1.587938426609641,1.1795832683685763,0.9995831828610838,0.5820639179316902,0.5305216563905087,0.46714597143312453,0.3172552544101717,0.2884140176614716,0.09158745241492952,1.6184665622329824,0.6076007881878219,0.47353791183076865,0.44781690203620467,0.2549484377809072,1.2966337592023103,1.1343372223103523,0.9569684462869471,0.8388665558083582,0.8218347867655452,0.47762902299964277,3.0383013247582538,2.9929213215019264,2.042601086834071,1.8778849344966728,1.1600522438990735,0.9677477162464052,0.668679552599721,0.6066487598797742,0.5658670373006748,0.08287993563354502,8.46071619355749,4.988741029283858,1.3119160396125389,0.654154665471434,0.6436418937987449,0.5407140825853638,0.5231979353593198,0.06427018121713855,0.03284050194103596,2.258274062920745,0.7988388957843566,0.7556751718978733,0.39996021179801633,0.15618699439720332,0.10939401031967556,0.02502801990781115
2026-09-21 15:30:00+01:00,6.437976851084643,2.4630048482491853,2.0216718170017347,1.7382137107345912,1.4212453719450877,1.3123585605906547,0.7843021909837221,0.7767728184607231,0.5422325282321848,0.5407978649488898,0.5232447563291059,0.23771228369457464,0.23457257290360223,0.1876765177338056,0.13780339146327467,0.1307945987810159,0.10403904167593457,0.09939196199283983,0.02065034439844727,0.0014558170383779947,0.0009475028122485948,4.290230535593905,2.574668349221255,1.5892146706080317,1.313427860889007,0.7546171819743916,0.7304814383158923,0.21259137389663152,2.7214397108294417,2.358744295870111,1.780078589316382,0.9164585278578419,0.8457015051242828,0.7214291139119595,0.2426519089021175,0.17868411095883902,0.15539569090652947,0.09965052786742366,0.09526872760917826,0.05719092668538469,2.7058897066524366,1.641209135229782,1.130748446740648,0.827445516494098,0.44456209494682825,0.43727189362310576,0.1649235595283304,0.10196081263702073,2.277264074431228,1.79459585555693,1.6458555532869001,1.4935662230961724,1.2440500897008842,1.0525768351672573,1.0360013392547243,1.0233762161893734,1.0145563880512718,0.796025286471803,0.5813347456639967,0.5414206445427246,0.5371885607873126,0.38481529104414697,0.30265828970772646,0.16076698723497854,1.2339800961630683,0.8680072175429878,0.7915172715683645,0.5818992939323242,0.2677780384105351,0.15851092540688974,4.037835315818348,2.5681902429988352,1.6059532748145227,1.5257046532992218,1.1240146758606526,0.9252130429013735,0.834391483380395,0.5878566117026855,0.5044135963545971,0.39367638340504263,0.37411933196551145,0.070995020929552,0.07036905622990386,0.026013541239359436,1.7124787831797768,1.6028333169599813,1.2811185507351317,1.1853649913323843,1.0764806166732703,0.4508994009542021,0.23787840237329833,0.040778965432642464,0.014336831466525472,4.7675220005736305,2.0018388128888867,1.7896586637322562,1.1100105084186487,0.358333580660881,0.3515024139814306,0.19004372567139877,0.034782105127109546,0.025603245730713802,2.0951390795643667,1.519629076970861,0.7659535419408907,0.6156623700111317,0.5790392300351306,0.5661610339910228,0.23377773222205075,0.1309913853297117,0.10592616118360006,0.03882890838338737,0.007818356958085223,1.1948100887084947,0.9156757125813368,0.8821207233682643,0.6481136033443482,0.4305656776442244,0.3234871925058408,0.2382954973296224,0.1474978197668449,0.13173341677128042,0.06030901338414662,0.03251519282882956,2.0211418808826545,1.6776818080998144,1.5620560613762056,1.0858074385961833,1.0262213486817802,0.8215950102284448,0.5726476670700571,0.5397898818210939,0.3444954840400118,0.3127843839960372,0.12717664524167763,0.12410629781169899,0.12172916336148636,2.209492556067294,1.5090500184868905,1.4253265776142303,1.0909873068354168,1.0805665659026547,0.9524596487575562,0.9236454446953642,0.37186545859930703,0.2992295747463496,0.2991276151865176,0.10902258620396221,0.06155768034501936,0.04558195535972038,2.6072805493170126,1.8127676377279165,1.695212451454032,1.5235805655065517,0.9396689017579447,0.353292070912216,0.2541311914115344,0.22835598973252097,0.17465059691328338,0.10592395595972941,0.0402451504872408,0.02044368025524238,3.7363468963426243,1.7067822837863051,1.5334259028581967,1.0860515379014621,1.0856221345634725,0.9928864751168884,0.692185787040535,0.45962057452688493,0.3973608021228949,0.30670859011286566,0.21940818815016766,0.1886115204954666,0.1732935006962549,0.0960730528877663,0.07417913315119685,0.030187192152968296,3.176368539911251,2.4838459804269597,1.2952771266312353,1.2860088928394466,1.1388950335778365,0.8712098447405283,0.7412115917901362,0.6343424819598548,0.4811683103127577,0.36073370956894985,0.24376260556973675,0.12896822448621734,0.09653213410394773,2.9668028554225034,1.7865742891365626,0.9863754083548216,0.7125783752151214,0.5592269270226847,0.4971139385439627,0.3298181301145164,0.13972591395649137,0.041813226301231556,0.03538414168987714,0.016154143023358228,2.210586194511446,2.035099397517216,1.826245130046654,1.5746778516433368,1.545035558612758,1.4000529120330394,1.3390250880345806,1.155946724717636,1.0095631629229513,0.655779881364678,0.5480698747328421,0.5271777118298733,0.5143664409682813,0.49668046804725,0.49562674329034045,0.41589142916590455,3.745371497412347,1.2126587324772333,1.2039373264316724,0.8943321117653815,0.7578603077760724,0.44130708434533755,0.40222896171899564,0.35417901757142833,0.24053542403812442,0.21866868104586057,0.06943943842365656,1.2723519685695754,0.47766328758042875,0.3722702145164691,0.3520497303808198,0.20042684493075075,0.9458495813296973,0.8274598584175339,0.6980754571923898,0.6119242037095706,0.5995001159483825,0.34841388960368475,2.3849505369462336,2.349328967008166,1.6033638662220198,1.4740679755347943,0.9105967204200563,0.7596450084403649,0.5248879184636374,0.4761961145273018,0.4441840193575265,0.06505758509881172,6.572833646796495,3.8755779229894944,1.019181555044168,0.5081898147929326,0.5000228112213017,0.4200618049356188,0.40645412454359114,0.049929249477885344,0.025512634060470215,1.6758475983341758,0.5928121245056883,0.56078066109829,0.29680735893677823,0.11590515241230605,0.08118044327589938,0.0185730986961423
2026-09-21 16:30:00+01:00,3.9071972773766768,1.4947934824623446,1.2269492111962992,1.054918965254868,0.8625514157933776,0.7964681938888762,0.4759916750455355,0.471422111578208,0.3290800055699067,0.32820931084637744,0.31755635887169587,0.14426718348543857,0.1423616983092732,0.11390056163273084,0.08363264553333516,0.07937902109210943,0.06314111867435569,0.06032081386346137,0.012532659137615634,0.0008835329017610183,0.0005750378564503138,2.541254622350088,1.5250667275788339,0.9413478119842251,0.7779895730348032,0.44698632996227855,0.4326898790776112,0.12592535694862908,1.521664390321953,1.3188670638625515,0.9953122204245786,0.5124281465794913,0.47286510153740857,0.403379501082818,0.13567626266005473,0.09990934125067684,0.08688786612504983,0.05571854453701226,0.05326850701020503,0.031977705124373215,1.7478619723655908,1.060134501829352,0.7304038318747701,0.5344861429232699,0.28716365571087554,0.28245457032823895,0.10653191715022409,0.06586130493109285,1.3379044086226974,1.0543343364538493,0.9669486404420032,0.8774778721916145,0.7308858547614785,0.6183943285260517,0.6086561390444368,0.6012388140191186,0.5960571194226288,0.46766896826041926,0.3415371663928227,0.31808742577822163,0.31560105470795363,0.22608097153685577,0.17781330880886445,0.09445143556150291,0.8368366829386426,0.5886482958307657,0.5367758281413834,0.39462117456578016,0.18159651531176396,0.10749586434942549,2.391834757482805,1.5212821243522874,0.9512955732857125,0.903759845063107,0.665816498040958,0.5480552179576534,0.4942565496612859,0.34822021363236094,0.2987922680207951,0.23319644893379518,0.22161171807473845,0.04205430518730966,0.04168351143063752,0.015409269381978766,1.0008230824857705,0.9367430398244974,0.7487234467195348,0.6927622439170698,0.6291270055998254,0.26351890183190513,0.13902315068568163,0.023832429508467316,0.008378866939749225,2.98727717789771,1.2543303206263743,1.1213805582336114,0.6955204524754561,0.22452790515782037,0.22024757077918883,0.11907932138173985,0.021794086914114195,0.016042713938659484,1.4375630972601918,1.042681463910789,0.5255529605886161,0.42243186246317266,0.39730318482605814,0.38846691253613413,0.16040474070746305,0.08987870229986725,0.07268039713317763,0.026642148172073034,0.005364503747640334,0.6657354454549449,0.5102047464853117,0.4915082641722545,0.3611219912733162,0.2399066060062554,0.18024361548087614,0.13277571102209587,0.08218421293400276,0.07340045562414639,0.03360353939900376,0.01811711885137548,1.3716369906681798,1.1385496725028696,1.0600808857344362,0.7368773373152733,0.696439560121629,0.5575710038157212,0.38862423771561544,0.36632547971886015,0.23378999440705467,0.21226942811405417,0.08630774148640642,0.08422406683249123,0.08261083741275381,1.1648559497191613,0.795579006424463,0.7514395736105022,0.5751741737918821,0.5696803050559693,0.5021416730624508,0.4869506750452373,0.19604940091558937,0.15775538574143258,0.1577016321320009,0.057477273614126474,0.03245352875432912,0.02403104357821894,1.6239674034640286,1.1290981150823163,1.0558778432297384,0.9489754278963457,0.5852809613846444,0.22005104407120016,0.1582878264342969,0.14223351752787944,0.10878264575594086,0.06597565872595507,0.025067042576566605,0.012733524342078046,1.915347404238172,0.8749404451845156,0.7860735108685943,0.5567379185333782,0.5565177953511344,0.5089791139789104,0.35483221639735857,0.23561331396082436,0.20369735519929438,0.1572267025059327,0.11247427374941678,0.09668711075623836,0.08883470029370656,0.04924951498640123,0.03802612928388916,0.015474730193822112,2.0312602748481825,1.58839807329901,0.8283185465371219,0.8223915909956871,0.728313547329487,0.5571311787162875,0.47399841760879485,0.4056565439631431,0.30770298281616787,0.23068609477743499,0.15588408302303838,0.08247406679197102,0.06173146685842227,1.8908774851076482,1.13866450297704,0.6286616072628739,0.4541583892593966,0.356420583673243,0.3168331701609149,0.21020799385911004,0.0890536370839486,0.026649458034666146,0.022551911977892216,0.010295765112349156,1.4413489256268444,1.3269278245915914,1.1907504274927163,1.0267232444089884,1.0073958427818452,0.9128640926057803,0.8730726613682561,0.7537016986220066,0.6582565221135965,0.42758234435711534,0.3573531432865966,0.3437310114606669,0.33537779205754337,0.32384616387146054,0.3231591130565912,0.27117000282278997,2.2319576909554453,0.7226527425455171,0.7174554452112516,0.5329541906596632,0.4516273335714015,0.26298559212569833,0.2396979913084699,0.21106386450309492,0.14334089155108848,0.1303099691895954,0.041380645084843,0.7852274091122644,0.2947881678970472,0.22974521457538755,0.2172662160269892,0.12369270142950464,0.5166595330270856,0.45199049879331854,0.38131574708068783,0.3342566086375994,0.3274700925702571,0.19031710861438045,1.4911698345082978,1.4688977539235626,1.002489483120368,0.921648338227886,0.5693427766561624,0.4749615155421608,0.3281816617937147,0.2977375296857904,0.27772224219152664,0.04067669618403143,4.136741050393757,2.439170554064504,0.6414417895104066,0.31983917153761093,0.3146991085527605,0.2643740897088721,0.25580983065360535,0.031423946965581,0.016056873837520504,0.8830288758995913,0.31236147275101017,0.29548362111690607,0.15639218553118533,0.061072138389758626,0.042775175763120635,0.009786440294409341
2026-09-21 17:30:00+01:00,1.3962858414522394,0.5341831566945074,0.43846565457391573,0.3769884934127979,0.3082435423392543,0.2846278760310628,0.1701015816026182,0.16846859091438485,0.11760085807358821,0.11728970441832479,0.11348273871990847,0.05155568336753076,0.05087473439472558,0.04070379104277515,0.029887172454162197,0.028367086530544244,0.022564268901633707,0.02155639768437197,0.004478702575609089,0.00031574153891057537,0.00020549697398430402,0.8807952339059828,0.528585956411486,0.32626981135671007,0.2696500783238729,0.15492482555243323,0.14996969603088178,0.043645549427743395,0.48911343634388715,0.4239276451426326,0.319926380260452,0.16471141287586727,0.1519945371732908,0.12965955908553237,0.04361085366919478,0.03211417808866077,0.02792864382402944,0.01790978941211332,0.01712226603867444,0.010278695709284788,0.6686119211003005,0.4055346343701866,0.2794023309219659,0.20445768171141918,0.1098490879432406,0.10804771536686451,0.040751793282570996,0.025194010918695123,0.3619281466700322,0.2852171424983569,0.26157767857313,0.23737416363939667,0.1977182832617183,0.1672872230573618,0.16465286080525532,0.16264633576328594,0.16124459053408208,0.12651319619450735,0.0923921865081084,0.08604859341891856,0.0853759835765439,0.061159128035110616,0.048101823191321405,0.025550878525237845,0.24211750616415934,0.17031048028851423,0.15530249513252048,0.1141736453640184,0.052540353825060046,0.03110120663908797,0.9724004492166916,0.618477265821789,0.3867492266791875,0.36742357580264007,0.2706877052293887,0.22281185540527676,0.2009400061669526,0.14156893201050252,0.12147400013187741,0.09480601909874614,0.09009624662965776,0.017097178276091564,0.01694643206988868,0.006264638651253015,0.28380985267835146,0.2656382619291174,0.21232033396204164,0.19645105496457532,0.17840560025032945,0.07472775360168345,0.0394236909654255,0.00675831565651512,0.0023760493072116444,1.1449785879754506,0.48076601997016216,0.42980836785056037,0.26658256939646563,0.08605818225063612,0.08441759420973752,0.045641319882037415,0.008353347003004882,0.006148931906515368,0.5778470804653465,0.41911930051939256,0.21125281004002072,0.16980195087444017,0.15970115388247808,0.15614929994670243,0.06447676021126475,0.036127906885600955,0.02921482568000782,0.01070915604880134,0.00215633166615595,0.2712781361103842,0.20790149241133277,0.20028293025074223,0.1471522980636091,0.09775867780852567,0.07344682093655779,0.05410429571192606,0.03348894858257032,0.02990968698949797,0.013692985099575174,0.007382479432701414,0.4679366584701785,0.38841846120946005,0.3616486801927329,0.25138715365042735,0.2375917263874621,0.19021644513851507,0.13257992343045386,0.12497265826042235,0.0797579166433141,0.07241613310434218,0.02944405584423842,0.028733206135805645,0.028182849744753543,0.37309756349561424,0.2548199963581695,0.24068235569887808,0.18422542536619382,0.1824657665517044,0.16083347884721708,0.1559678777841367,0.06279364742397214,0.05052826494351473,0.05051104792993216,0.01840968468845568,0.01039470374684036,0.007697023661554062,0.5850097569053839,0.4067405616748662,0.380364063386998,0.34185408106014414,0.21083863642252249,0.07927006879834837,0.057020801443358984,0.05123747886521264,0.03918730697023937,0.023766735705787502,0.009030023911055035,0.004587060038285349,0.6293164926952044,0.2874749776788961,0.25827639610746833,0.18292470257175675,0.18285237775553592,0.16723282165708378,0.11658551624856253,0.07741433436358582,0.06692786116067372,0.05165922211298337,0.03695513164755441,0.031768019365735096,0.029187990593644436,0.016181676477907456,0.01249406256993355,0.005084457738283877,0.6832080476497956,0.5342527296903999,0.27860235540422806,0.2766088424240791,0.24496598634316616,0.18738933144549044,0.15942788695939084,0.13644131126334197,0.10349493698515075,0.07759054729932463,0.052431124332310716,0.027739894710879804,0.02076318602452507,0.6717984042429539,0.40454921172458863,0.22335337317952447,0.16135518222675507,0.12663050950516516,0.11256573723136873,0.07468352441968139,0.03163932711463952,0.009468124467413104,0.00801233215726456,0.0036579200013810895,0.4598909016560995,0.4233825847676674,0.37993249102319404,0.3275963718619859,0.32142958184817244,0.29126735599804204,0.2785711123164136,0.24048344408225977,0.21002977148241478,0.13642860960478612,0.11402059303873356,0.10967418227273495,0.10700892229665872,0.1033295280918487,0.10311031093137078,0.08652215635157465,0.8513768630856301,0.27565478841368934,0.2736722872583578,0.2032945646106437,0.17227255879350936,0.10031545372387778,0.09143243384724424,0.08050998977245512,0.054677164847341794,0.049706539351976234,0.015784584066068086,0.34429479948437847,0.12925431789400324,0.10073525410193568,0.09526364899349456,0.05423493034266172,0.15466595907143219,0.1353067920327694,0.11414976780885691,0.10006225695285571,0.09803066177419063,0.05697287333320518,0.39572386612492405,0.3898133429694288,0.26603878701769784,0.24458531494597585,0.1510911228987995,0.1260444000685364,0.08709223657219066,0.07901302964366647,0.07370141002426633,0.01079470567511959,1.2494611644992362,0.7367270137935247,0.1937410622315505,0.09660421545695147,0.09505171096019567,0.07985154351385632,0.07726479492072207,0.009491288163913427,0.004849817776564968,0.2397020915153,0.08479190247424068,0.08021033504491043,0.04245335004507446,0.01657830191614435,0.011611510535155457,0.0026565724758091267
2026-09-21 18:30:00+01:00,0.0,0.0,0.0,0.0,0.0,0.0,0.0,0.0,0.0,0.0,0.0,0.0,0.0,0.0,0.0,0.0,0.0,0.0,0.0,0.0,0.0,0.0,0.0,0.0,0.0,0.0,0.0,0.0,0.0,0.0,0.0,0.0,0.0,0.0,0.0,0.0,0.0,0.0,0.0,0.0,0.0,0.0,0.0,0.0,0.0,0.0,0.0,0.0,0.0,0.0,0.0,0.0,0.0,0.0,0.0,0.0,0.0,0.0,0.0,0.0,0.0,0.0,0.0,0.0,0.0,0.0,0.0,0.0,0.0,0.0,0.0,0.0,0.0,0.0,0.0,0.0,0.0,0.0,0.0,0.0,0.0,0.0,0.0,0.0,0.0,0.0,0.0,0.0,0.0,0.0,0.0,0.0,0.0,0.0,0.0,0.0,0.0,0.0,0.0,0.0,0.0,0.0,0.0,0.0,0.0,0.0,0.0,0.0,0.0,0.0,0.0,0.0,0.0,0.0,0.0,0.0,0.0,0.0,0.0,0.0,0.0,0.0,0.0,0.0,0.0,0.0,0.0,0.0,0.0,0.0,0.0,0.0,0.0,0.0,0.0,0.0,0.0,0.0,0.0,0.0,0.0,0.0,0.0,0.0,0.0,0.0,0.0,0.0,0.0,0.0,0.0,0.0,0.0,0.0,0.0,0.0,0.0,0.0,0.0,0.0,0.0,0.0,0.0,0.0,0.0,0.0,0.0,0.0,0.0,0.0,0.0,0.0,0.0,0.0,0.0,0.0,0.0,0.0,0.0,0.0,0.0,0.0,0.0,0.0,0.0,0.0,0.0,0.0,0.0,0.0,0.0,0.0,0.0,0.0,0.0,0.0,0.0,0.0,0.0,0.0,0.0,0.0,0.0,0.0,0.0,0.0,0.0,0.0,0.0,0.0,0.0,0.0,0.0,0.0,0.0,0.0,0.0,0.0,0.0,0.0,0.0,0.0,0.0,0.0,0.0,0.0,0.0,0.0,0.0,0.0,0.0,0.0,0.0,0.0,0.0,0.0,0.0,0.0,0.0,0.0,0.0,0.0,0.0,0.0,0.0,0.0,0.0,0.0,0.0,0.0,0.0,0.0,0.0,0.0,0.0,0.0,0.0,0.0,0.0,0.0,0.0,0.0,0.0,0.0,0.0,0.0
2026-09-21 19:30:00+01:00,0.0,0.0,0.0,0.0,0.0,0.0,0.0,0.0,0.0,0.0,0.0,0.0,0.0,0.0,0.0,0.0,0.0,0.0,0.0,0.0,0.0,0.0,0.0,0.0,0.0,0.0,0.0,0.0,0.0,0.0,0.0,0.0,0.0,0.0,0.0,0.0,0.0,0.0,0.0,0.0,0.0,0.0,0.0,0.0,0.0,0.0,0.0,0.0,0.0,0.0,0.0,0.0,0.0,0.0,0.0,0.0,0.0,0.0,0.0,0.0,0.0,0.0,0.0,0.0,0.0,0.0,0.0,0.0,0.0,0.0,0.0,0.0,0.0,0.0,0.0,0.0,0.0,0.0,0.0,0.0,0.0,0.0,0.0,0.0,0.0,0.0,0.0,0.0,0.0,0.0,0.0,0.0,0.0,0.0,0.0,0.0,0.0,0.0,0.0,0.0,0.0,0.0,0.0,0.0,0.0,0.0,0.0,0.0,0.0,0.0,0.0,0.0,0.0,0.0,0.0,0.0,0.0,0.0,0.0,0.0,0.0,0.0,0.0,0.0,0.0,0.0,0.0,0.0,0.0,0.0,0.0,0.0,0.0,0.0,0.0,0.0,0.0,0.0,0.0,0.0,0.0,0.0,0.0,0.0,0.0,0.0,0.0,0.0,0.0,0.0,0.0,0.0,0.0,0.0,0.0,0.0,0.0,0.0,0.0,0.0,0.0,0.0,0.0,0.0,0.0,0.0,0.0,0.0,0.0,0.0,0.0,0.0,0.0,0.0,0.0,0.0,0.0,0.0,0.0,0.0,0.0,0.0,0.0,0.0,0.0,0.0,0.0,0.0,0.0,0.0,0.0,0.0,0.0,0.0,0.0,0.0,0.0,0.0,0.0,0.0,0.0,0.0,0.0,0.0,0.0,0.0,0.0,0.0,0.0,0.0,0.0,0.0,0.0,0.0,0.0,0.0,0.0,0.0,0.0,0.0,0.0,0.0,0.0,0.0,0.0,0.0,0.0,0.0,0.0,0.0,0.0,0.0,0.0,0.0,0.0,0.0,0.0,0.0,0.0,0.0,0.0,0.0,0.0,0.0,0.0,0.0,0.0,0.0,0.0,0.0,0.0,0.0,0.0,0.0,0.0,0.0,0.0,0.0,0.0,0.0,0.0,0.0,0.0,0.0,0.0,0.0
2026-09-21 20:30:00+01:00,0.0,0.0,0.0,0.0,0.0,0.0,0.0,0.0,0.0,0.0,0.0,0.0,0.0,0.0,0.0,0.0,0.0,0.0,0.0,0.0,0.0,0.0,0.0,0.0,0.0,0.0,0.0,0.0,0.0,0.0,0.0,0.0,0.0,0.0,0.0,0.0,0.0,0.0,0.0,0.0,0.0,0.0,0.0,0.0,0.0,0.0,0.0,0.0,0.0,0.0,0.0,0.0,0.0,0.0,0.0,0.0,0.0,0.0,0.0,0.0,0.0,0.0,0.0,0.0,0.0,0.0,0.0,0.0,0.0,0.0,0.0,0.0,0.0,0.0,0.0,0.0,0.0,0.0,0.0,0.0,0.0,0.0,0.0,0.0,0.0,0.0,0.0,0.0,0.0,0.0,0.0,0.0,0.0,0.0,0.0,0.0,0.0,0.0,0.0,0.0,0.0,0.0,0.0,0.0,0.0,0.0,0.0,0.0,0.0,0.0,0.0,0.0,0.0,0.0,0.0,0.0,0.0,0.0,0.0,0.0,0.0,0.0,0.0,0.0,0.0,0.0,0.0,0.0,0.0,0.0,0.0,0.0,0.0,0.0,0.0,0.0,0.0,0.0,0.0,0.0,0.0,0.0,0.0,0.0,0.0,0.0,0.0,0.0,0.0,0.0,0.0,0.0,0.0,0.0,0.0,0.0,0.0,0.0,0.0,0.0,0.0,0.0,0.0,0.0,0.0,0.0,0.0,0.0,0.0,0.0,0.0,0.0,0.0,0.0,0.0,0.0,0.0,0.0,0.0,0.0,0.0,0.0,0.0,0.0,0.0,0.0,0.0,0.0,0.0,0.0,0.0,0.0,0.0,0.0,0.0,0.0,0.0,0.0,0.0,0.0,0.0,0.0,0.0,0.0,0.0,0.0,0.0,0.0,0.0,0.0,0.0,0.0,0.0,0.0,0.0,0.0,0.0,0.0,0.0,0.0,0.0,0.0,0.0,0.0,0.0,0.0,0.0,0.0,0.0,0.0,0.0,0.0,0.0,0.0,0.0,0.0,0.0,0.0,0.0,0.0,0.0,0.0,0.0,0.0,0.0,0.0,0.0,0.0,0.0,0.0,0.0,0.0,0.0,0.0,0.0,0.0,0.0,0.0,0.0,0.0,0.0,0.0,0.0,0.0,0.0,0.0
2026-09-21 21:30:00+01:00,0.0,0.0,0.0,0.0,0.0,0.0,0.0,0.0,0.0,0.0,0.0,0.0,0.0,0.0,0.0,0.0,0.0,0.0,0.0,0.0,0.0,0.0,0.0,0.0,0.0,0.0,0.0,0.0,0.0,0.0,0.0,0.0,0.0,0.0,0.0,0.0,0.0,0.0,0.0,0.0,0.0,0.0,0.0,0.0,0.0,0.0,0.0,0.0,0.0,0.0,0.0,0.0,0.0,0.0,0.0,0.0,0.0,0.0,0.0,0.0,0.0,0.0,0.0,0.0,0.0,0.0,0.0,0.0,0.0,0.0,0.0,0.0,0.0,0.0,0.0,0.0,0.0,0.0,0.0,0.0,0.0,0.0,0.0,0.0,0.0,0.0,0.0,0.0,0.0,0.0,0.0,0.0,0.0,0.0,0.0,0.0,0.0,0.0,0.0,0.0,0.0,0.0,0.0,0.0,0.0,0.0,0.0,0.0,0.0,0.0,0.0,0.0,0.0,0.0,0.0,0.0,0.0,0.0,0.0,0.0,0.0,0.0,0.0,0.0,0.0,0.0,0.0,0.0,0.0,0.0,0.0,0.0,0.0,0.0,0.0,0.0,0.0,0.0,0.0,0.0,0.0,0.0,0.0,0.0,0.0,0.0,0.0,0.0,0.0,0.0,0.0,0.0,0.0,0.0,0.0,0.0,0.0,0.0,0.0,0.0,0.0,0.0,0.0,0.0,0.0,0.0,0.0,0.0,0.0,0.0,0.0,0.0,0.0,0.0,0.0,0.0,0.0,0.0,0.0,0.0,0.0,0.0,0.0,0.0,0.0,0.0,0.0,0.0,0.0,0.0,0.0,0.0,0.0,0.0,0.0,0.0,0.0,0.0,0.0,0.0,0.0,0.0,0.0,0.0,0.0,0.0,0.0,0.0,0.0,0.0,0.0,0.0,0.0,0.0,0.0,0.0,0.0,0.0,0.0,0.0,0.0,0.0,0.0,0.0,0.0,0.0,0.0,0.0,0.0,0.0,0.0,0.0,0.0,0.0,0.0,0.0,0.0,0.0,0.0,0.0,0.0,0.0,0.0,0.0,0.0,0.0,0.0,0.0,0.0,0.0,0.0,0.0,0.0,0.0,0.0,0.0,0.0,0.0,0.0,0.0,0.0,0.0,0.0,0.0,0.0,0.0
2026-09-21 22:30:00+01:00,0.0,0.0,0.0,0.0,0.0,0.0,0.0,0.0,0.0,0.0,0.0,0.0,0.0,0.0,0.0,0.0,0.0,0.0,0.0,0.0,0.0,0.0,0.0,0.0,0.0,0.0,0.0,0.0,0.0,0.0,0.0,0.0,0.0,0.0,0.0,0.0,0.0,0.0,0.0,0.0,0.0,0.0,0.0,0.0,0.0,0.0,0.0,0.0,0.0,0.0,0.0,0.0,0.0,0.0,0.0,0.0,0.0,0.0,0.0,0.0,0.0,0.0,0.0,0.0,0.0,0.0,0.0,0.0,0.0,0.0,0.0,0.0,0.0,0.0,0.0,0.0,0.0,0.0,0.0,0.0,0.0,0.0,0.0,0.0,0.0,0.0,0.0,0.0,0.0,0.0,0.0,0.0,0.0,0.0,0.0,0.0,0.0,0.0,0.0,0.0,0.0,0.0,0.0,0.0,0.0,0.0,0.0,0.0,0.0,0.0,0.0,0.0,0.0,0.0,0.0,0.0,0.0,0.0,0.0,0.0,0.0,0.0,0.0,0.0,0.0,0.0,0.0,0.0,0.0,0.0,0.0,0.0,0.0,0.0,0.0,0.0,0.0,0.0,0.0,0.0,0.0,0.0,0.0,0.0,0.0,0.0,0.0,0.0,0.0,0.0,0.0,0.0,0.0,0.0,0.0,0.0,0.0,0.0,0.0,0.0,0.0,0.0,0.0,0.0,0.0,0.0,0.0,0.0,0.0,0.0,0.0,0.0,0.0,0.0,0.0,0.0,0.0,0.0,0.0,0.0,0.0,0.0,0.0,0.0,0.0,0.0,0.0,0.0,0.0,0.0,0.0,0.0,0.0,0.0,0.0,0.0,0.0,0.0,0.0,0.0,0.0,0.0,0.0,0.0,0.0,0.0,0.0,0.0,0.0,0.0,0.0,0.0,0.0,0.0,0.0,0.0,0.0,0.0,0.0,0.0,0.0,0.0,0.0,0.0,0.0,0.0,0.0,0.0,0.0,0.0,0.0,0.0,0.0,0.0,0.0,0.0,0.0,0.0,0.0,0.0,0.0,0.0,0.0,0.0,0.0,0.0,0.0,0.0,0.0,0.0,0.0,0.0,0.0,0.0,0.0,0.0,0.0,0.0,0.0,0.0,0.0,0.0,0.0,0.0,0.0,0.0
2026-09-21 23:30:00+01:00,0.0,0.0,0.0,0.0,0.0,0.0,0.0,0.0,0.0,0.0,0.0,0.0,0.0,0.0,0.0,0.0,0.0,0.0,0.0,0.0,0.0,0.0,0.0,0.0,0.0,0.0,0.0,0.0,0.0,0.0,0.0,0.0,0.0,0.0,0.0,0.0,0.0,0.0,0.0,0.0,0.0,0.0,0.0,0.0,0.0,0.0,0.0,0.0,0.0,0.0,0.0,0.0,0.0,0.0,0.0,0.0,0.0,0.0,0.0,0.0,0.0,0.0,0.0,0.0,0.0,0.0,0.0,0.0,0.0,0.0,0.0,0.0,0.0,0.0,0.0,0.0,0.0,0.0,0.0,0.0,0.0,0.0,0.0,0.0,0.0,0.0,0.0,0.0,0.0,0.0,0.0,0.0,0.0,0.0,0.0,0.0,0.0,0.0,0.0,0.0,0.0,0.0,0.0,0.0,0.0,0.0,0.0,0.0,0.0,0.0,0.0,0.0,0.0,0.0,0.0,0.0,0.0,0.0,0.0,0.0,0.0,0.0,0.0,0.0,0.0,0.0,0.0,0.0,0.0,0.0,0.0,0.0,0.0,0.0,0.0,0.0,0.0,0.0,0.0,0.0,0.0,0.0,0.0,0.0,0.0,0.0,0.0,0.0,0.0,0.0,0.0,0.0,0.0,0.0,0.0,0.0,0.0,0.0,0.0,0.0,0.0,0.0,0.0,0.0,0.0,0.0,0.0,0.0,0.0,0.0,0.0,0.0,0.0,0.0,0.0,0.0,0.0,0.0,0.0,0.0,0.0,0.0,0.0,0.0,0.0,0.0,0.0,0.0,0.0,0.0,0.0,0.0,0.0,0.0,0.0,0.0,0.0,0.0,0.0,0.0,0.0,0.0,0.0,0.0,0.0,0.0,0.0,0.0,0.0,0.0,0.0,0.0,0.0,0.0,0.0,0.0,0.0,0.0,0.0,0.0,0.0,0.0,0.0,0.0,0.0,0.0,0.0,0.0,0.0,0.0,0.0,0.0,0.0,0.0,0.0,0.0,0.0,0.0,0.0,0.0,0.0,0.0,0.0,0.0,0.0,0.0,0.0,0.0,0.0,0.0,0.0,0.0,0.0,0.0,0.0,0.0,0.0,0.0,0.0,0.0,0.0,0.0,0.0,0.0,0.0,0.0
2026-09-22 00:30:00+01:00,0.0,0.0,0.0,0.0,0.0,0.0,0.0,0.0,0.0,0.0,0.0,0.0,0.0,0.0,0.0,0.0,0.0,0.0,0.0,0.0,0.0,0.0,0.0,0.0,0.0,0.0,0.0,0.0,0.0,0.0,0.0,0.0,0.0,0.0,0.0,0.0,0.0,0.0,0.0,0.0,0.0,0.0,0.0,0.0,0.0,0.0,0.0,0.0,0.0,0.0,0.0,0.0,0.0,0.0,0.0,0.0,0.0,0.0,0.0,0.0,0.0,0.0,0.0,0.0,0.0,0.0,0.0,0.0,0.0,0.0,0.0,0.0,0.0,0.0,0.0,0.0,0.0,0.0,0.0,0.0,0.0,0.0,0.0,0.0,0.0,0.0,0.0,0.0,0.0,0.0,0.0,0.0,0.0,0.0,0.0,0.0,0.0,0.0,0.0,0.0,0.0,0.0,0.0,0.0,0.0,0.0,0.0,0.0,0.0,0.0,0.0,0.0,0.0,0.0,0.0,0.0,0.0,0.0,0.0,0.0,0.0,0.0,0.0,0.0,0.0,0.0,0.0,0.0,0.0,0.0,0.0,0.0,0.0,0.0,0.0,0.0,0.0,0.0,0.0,0.0,0.0,0.0,0.0,0.0,0.0,0.0,0.0,0.0,0.0,0.0,0.0,0.0,0.0,0.0,0.0,0.0,0.0,0.0,0.0,0.0,0.0,0.0,0.0,0.0,0.0,0.0,0.0,0.0,0.0,0.0,0.0,0.0,0.0,0.0,0.0,0.0,0.0,0.0,0.0,0.0,0.0,0.0,0.0,0.0,0.0,0.0,0.0,0.0,0.0,0.0,0.0,0.0,0.0,0.0,0.0,0.0,0.0,0.0,0.0,0.0,0.0,0.0,0.0,0.0,0.0,0.0,0.0,0.0,0.0,0.0,0.0,0.0,0.0,0.0,0.0,0.0,0.0,0.0,0.0,0.0,0.0,0.0,0.0,0.0,0.0,0.0,0.0,0.0,0.0,0.0,0.0,0.0,0.0,0.0,0.0,0.0,0.0,0.0,0.0,0.0,0.0,0.0,0.0,0.0,0.0,0.0,0.0,0.0,0.0,0.0,0.0,0.0,0.0,0.0,0.0,0.0,0.0,0.0,0.0,0.0,0.0,0.0,0.0,0.0,0.0,0.0
2026-09-22 01:30:00+01:00,0.0,0.0,0.0,0.0,0.0,0.0,0.0,0.0,0.0,0.0,0.0,0.0,0.0,0.0,0.0,0.0,0.0,0.0,0.0,0.0,0.0,0.0,0.0,0.0,0.0,0.0,0.0,0.0,0.0,0.0,0.0,0.0,0.0,0.0,0.0,0.0,0.0,0.0,0.0,0.0,0.0,0.0,0.0,0.0,0.0,0.0,0.0,0.0,0.0,0.0,0.0,0.0,0.0,0.0,0.0,0.0,0.0,0.0,0.0,0.0,0.0,0.0,0.0,0.0,0.0,0.0,0.0,0.0,0.0,0.0,0.0,0.0,0.0,0.0,0.0,0.0,0.0,0.0,0.0,0.0,0.0,0.0,0.0,0.0,0.0,0.0,0.0,0.0,0.0,0.0,0.0,0.0,0.0,0.0,0.0,0.0,0.0,0.0,0.0,0.0,0.0,0.0,0.0,0.0,0.0,0.0,0.0,0.0,0.0,0.0,0.0,0.0,0.0,0.0,0.0,0.0,0.0,0.0,0.0,0.0,0.0,0.0,0.0,0.0,0.0,0.0,0.0,0.0,0.0,0.0,0.0,0.0,0.0,0.0,0.0,0.0,0.0,0.0,0.0,0.0,0.0,0.0,0.0,0.0,0.0,0.0,0.0,0.0,0.0,0.0,0.0,0.0,0.0,0.0,0.0,0.0,0.0,0.0,0.0,0.0,0.0,0.0,0.0,0.0,0.0,0.0,0.0,0.0,0.0,0.0,0.0,0.0,0.0,0.0,0.0,0.0,0.0,0.0,0.0,0.0,0.0,0.0,0.0,0.0,0.0,0.0,0.0,0.0,0.0,0.0,0.0,0.0,0.0,0.0,0.0,0.0,0.0,0.0,0.0,0.0,0.0,0.0,0.0,0.0,0.0,0.0,0.0,0.0,0.0,0.0,0.0,0.0,0.0,0.0,0.0,0.0,0.0,0.0,0.0,0.0,0.0,0.0,0.0,0.0,0.0,0.0,0.0,0.0,0.0,0.0,0.0,0.0,0.0,0.0,0.0,0.0,0.0,0.0,0.0,0.0,0.0,0.0,0.0,0.0,0.0,0.0,0.0,0.0,0.0,0.0,0.0,0.0,0.0,0.0,0.0,0.0,0.0,0.0,0.0,0.0,0.0,0.0,0.0,0.0,0.0,0.0
2026-09-22 02:30:00+01:00,0.0,0.0,0.0,0.0,0.0,0.0,0.0,0.0,0.0,0.0,0.0,0.0,0.0,0.0,0.0,0.0,0.0,0.0,0.0,0.0,0.0,0.0,0.0,0.0,0.0,0.0,0.0,0.0,0.0,0.0,0.0,0.0,0.0,0.0,0.0,0.0,0.0,0.0,0.0,0.0,0.0,0.0,0.0,0.0,0.0,0.0,0.0,0.0,0.0,0.0,0.0,0.0,0.0,0.0,0.0,0.0,0.0,0.0,0.0,0.0,0.0,0.0,0.0,0.0,0.0,0.0,0.0,0.0,0.0,0.0,0.0,0.0,0.0,0.0,0.0,0.0,0.0,0.0,0.0,0.0,0.0,0.0,0.0,0.0,0.0,0.0,0.0,0.0,0.0,0.0,0.0,0.0,0.0,0.0,0.0,0.0,0.0,0.0,0.0,0.0,0.0,0.0,0.0,0.0,0.0,0.0,0.0,0.0,0.0,0.0,0.0,0.0,0.0,0.0,0.0,0.0,0.0,0.0,0.0,0.0,0.0,0.0,0.0,0.0,0.0,0.0,0.0,0.0,0.0,0.0,0.0,0.0,0.0,0.0,0.0,0.0,0.0,0.0,0.0,0.0,0.0,0.0,0.0,0.0,0.0,0.0,0.0,0.0,0.0,0.0,0.0,0.0,0.0,0.0,0.0,0.0,0.0,0.0,0.0,0.0,0.0,0.0,0.0,0.0,0.0,0.0,0.0,0.0,0.0,0.0,0.0,0.0,0.0,0.0,0.0,0.0,0.0,0.0,0.0,0.0,0.0,0.0,0.0,0.0,0.0,0.0,0.0,0.0,0.0,0.0,0.0,0.0,0.0,0.0,0.0,0.0,0.0,0.0,0.0,0.0,0.0,0.0,0.0,0.0,0.0,0.0,0.0,0.0,0.0,0.0,0.0,0.0,0.0,0.0,0.0,0.0,0.0,0.0,0.0,0.0,0.0,0.0,0.0,0.0,0.0,0.0,0.0,0.0,0.0,0.0,0.0,0.0,0.0,0.0,0.0,0.0,0.0,0.0,0.0,0.0,0.0,0.0,0.0,0.0,0.0,0.0,0.0,0.0,0.0,0.0,0.0,0.0,0.0,0.0,0.0,0.0,0.0,0.0,0.0,0.0,0.0,0.0,0.0,0.0,0.0,0.0
2026-09-22 03:30:00+01:00,0.0,0.0,0.0,0.0,0.0,0.0,0.0,0.0,0.0,0.0,0.0,0.0,0.0,0.0,0.0,0.0,0.0,0.0,0.0,0.0,0.0,0.0,0.0,0.0,0.0,0.0,0.0,0.0,0.0,0.0,0.0,0.0,0.0,0.0,0.0,0.0,0.0,0.0,0.0,0.0,0.0,0.0,0.0,0.0,0.0,0.0,0.0,0.0,0.0,0.0,0.0,0.0,0.0,0.0,0.0,0.0,0.0,0.0,0.0,0.0,0.0,0.0,0.0,0.0,0.0,0.0,0.0,0.0,0.0,0.0,0.0,0.0,0.0,0.0,0.0,0.0,0.0,0.0,0.0,0.0,0.0,0.0,0.0,0.0,0.0,0.0,0.0,0.0,0.0,0.0,0.0,0.0,0.0,0.0,0.0,0.0,0.0,0.0,0.0,0.0,0.0,0.0,0.0,0.0,0.0,0.0,0.0,0.0,0.0,0.0,0.0,0.0,0.0,0.0,0.0,0.0,0.0,0.0,0.0,0.0,0.0,0.0,0.0,0.0,0.0,0.0,0.0,0.0,0.0,0.0,0.0,0.0,0.0,0.0,0.0,0.0,0.0,0.0,0.0,0.0,0.0,0.0,0.0,0.0,0.0,0.0,0.0,0.0,0.0,0.0,0.0,0.0,0.0,0.0,0.0,0.0,0.0,0.0,0.0,0.0,0.0,0.0,0.0,0.0,0.0,0.0,0.0,0.0,0.0,0.0,0.0,0.0,0.0,0.0,0.0,0.0,0.0,0.0,0.0,0.0,0.0,0.0,0.0,0.0,0.0,0.0,0.0,0.0,0.0,0.0,0.0,0.0,0.0,0.0,0.0,0.0,0.0,0.0,0.0,0.0,0.0,0.0,0.0,0.0,0.0,0.0,0.0,0.0,0.0,0.0,0.0,0.0,0.0,0.0,0.0,0.0,0.0,0.0,0.0,0.0,0.0,0.0,0.0,0.0,0.0,0.0,0.0,0.0,0.0,0.0,0.0,0.0,0.0,0.0,0.0,0.0,0.0,0.0,0.0,0.0,0.0,0.0,0.0,0.0,0.0,0.0,0.0,0.0,0.0,0.0,0.0,0.0,0.0,0.0,0.0,0.0,0.0,0.0,0.0,0.0,0.0,0.0,0.0,0.0,0.0,0.0
2026-09-22 04:30:00+01:00,0.0,0.0,0.0,0.0,0.0,0.0,0.0,0.0,0.0,0.0,0.0,0.0,0.0,0.0,0.0,0.0,0.0,0.0,0.0,0.0,0.0,0.0,0.0,0.0,0.0,0.0,0.0,0.0,0.0,0.0,0.0,0.0,0.0,0.0,0.0,0.0,0.0,0.0,0.0,0.0,0.0,0.0,0.0,0.0,0.0,0.0,0.0,0.0,0.0,0.0,0.0,0.0,0.0,0.0,0.0,0.0,0.0,0.0,0.0,0.0,0.0,0.0,0.0,0.0,0.0,0.0,0.0,0.0,0.0,0.0,0.0,0.0,0.0,0.0,0.0,0.0,0.0,0.0,0.0,0.0,0.0,0.0,0.0,0.0,0.0,0.0,0.0,0.0,0.0,0.0,0.0,0.0,0.0,0.0,0.0,0.0,0.0,0.0,0.0,0.0,0.0,0.0,0.0,0.0,0.0,0.0,0.0,0.0,0.0,0.0,0.0,0.0,0.0,0.0,0.0,0.0,0.0,0.0,0.0,0.0,0.0,0.0,0.0,0.0,0.0,0.0,0.0,0.0,0.0,0.0,0.0,0.0,0.0,0.0,0.0,0.0,0.0,0.0,0.0,0.0,0.0,0.0,0.0,0.0,0.0,0.0,0.0,0.0,0.0,0.0,0.0,0.0,0.0,0.0,0.0,0.0,0.0,0.0,0.0,0.0,0.0,0.0,0.0,0.0,0.0,0.0,0.0,0.0,0.0,0.0,0.0,0.0,0.0,0.0,0.0,0.0,0.0,0.0,0.0,0.0,0.0,0.0,0.0,0.0,0.0,0.0,0.0,0.0,0.0,0.0,0.0,0.0,0.0,0.0,0.0,0.0,0.0,0.0,0.0,0.0,0.0,0.0,0.0,0.0,0.0,0.0,0.0,0.0,0.0,0.0,0.0,0.0,0.0,0.0,0.0,0.0,0.0,0.0,0.0,0.0,0.0,0.0,0.0,0.0,0.0,0.0,0.0,0.0,0.0,0.0,0.0,0.0,0.0,0.0,0.0,0.0,0.0,0.0,0.0,0.0,0.0,0.0,0.0,0.0,0.0,0.0,0.0,0.0,0.0,0.0,0.0,0.0,0.0,0.0,0.0,0.0,0.0,0.0,0.0,0.0,0.0,0.0,0.0,0.0,0.0,0.0
2026-09-22 05:30:00+01:00,0.0,0.0,0.0,0.0,0.0,0.0,0.0,0.0,0.0,0.0,0.0,0.0,0.0,0.0,0.0,0.0,0.0,0.0,0.0,0.0,0.0,0.0,0.0,0.0,0.0,0.0,0.0,0.0,0.0,0.0,0.0,0.0,0.0,0.0,0.0,0.0,0.0,0.0,0.0,0.0,0.0,0.0,0.0,0.0,0.0,0.0,0.0,0.0,0.0,0.0,0.0,0.0,0.0,0.0,0.0,0.0,0.0,0.0,0.0,0.0,0.0,0.0,0.0,0.0,0.0,0.0,0.0,0.0,0.0,0.0,0.0,0.0,0.0,0.0,0.0,0.0,0.0,0.0,0.0,0.0,0.0,0.0,0.0,0.0,0.0,0.0,0.0,0.0,0.0,0.0,0.0,0.0,0.0,0.0,0.0,0.0,0.0,0.0,0.0,0.0,0.0,0.0,0.0,0.0,0.0,0.0,0.0,0.0,0.0,0.0,0.0,0.0,0.0,0.0,0.0,0.0,0.0,0.0,0.0,0.0,0.0,0.0,0.0,0.0,0.0,0.0,0.0,0.0,0.0,0.0,0.0,0.0,0.0,0.0,0.0,0.0,0.0,0.0,0.0,0.0,0.0,0.0,0.0,0.0,0.0,0.0,0.0,0.0,0.0,0.0,0.0,0.0,0.0,0.0,0.0,0.0,0.0,0.0,0.0,0.0,0.0,0.0,0.0,0.0,0.0,0.0,0.0,0.0,0.0,0.0,0.0,0.0,0.0,0.0,0.0,0.0,0.0,0.0,0.0,0.0,0.0,0.0,0.0,0.0,0.0,0.0,0.0,0.0,0.0,0.0,0.0,0.0,0.0,0.0,0.0,0.0,0.0,0.0,0.0,0.0,0.0,0.0,0.0,0.0,0.0,0.0,0.0,0.0,0.0,0.0,0.0,0.0,0.0,0.0,0.0,0.0,0.0,0.0,0.0,0.0,0.0,0.0,0.0,0.0,0.0,0.0,0.0,0.0,0.0,0.0,0.0,0.0,0.0,0.0,0.0,0.0,0.0,0.0,0.0,0.0,0.0,0.0,0.0,0.0,0.0,0.0,0.0,0.0,0.0,0.0,0.0,0.0,0.0,0.0,0.0,0.0,0.0,0.0,0.0,0.0,0.0,0.0,0.0,0.0,0.0,0.0
2026-09-22 06:30:00+01:00,0.4856760825627224,0.18580721454894988,0.15251338596277197,0.13112952177579834,0.10721767110585319,0.09900333278115765,0.05916716143490933,0.05859915129201646,0.04090560998297475,0.04079738007483056,0.039473186896065354,0.01793283408628113,0.01769597668952263,0.014158173915554144,0.010395783159497511,0.009867045164293283,0.00784862626311475,0.007498054102318298,0.0015578462928643835,0.00010982573135663998,7.147889231576394e-05,0.28113938341850186,0.16871836284830158,0.104141450886515,0.08606910419183347,0.049450165322623904,0.047868546797884604,0.013931141294512605,0.25046283314124856,0.21708280975268412,0.16382634710594918,0.08434462039718454,0.07783262444593651,0.06639543733485787,0.022332034154169587,0.01644487235560915,0.014301564296101497,0.009171157984642228,0.008767886840118248,0.005263464581116569,0.18506732990490882,0.11224928781309486,0.07733670567500855,0.05659252555744335,0.030405496457032753,0.0299068885166819,0.011279825162601073,0.006973534546983609,0.20328272640935283,0.16019676523973325,0.14691928261841944,0.13332499173585793,0.11105163290619194,0.09395954171962669,0.09247991006929716,0.09135291321952728,0.09056560061467578,0.07105815805098938,0.05189354778039106,0.048330567364895195,0.047952785300069106,0.03435100145203876,0.027017157558920788,0.014351059171697749,0.06477473516141152,0.04556389346097745,0.04154874280463967,0.03054536517426751,0.014056346268483531,0.008320639243167102,0.17275158028501258,0.10987543776551545,0.06870784576113229,0.06527455165719669,0.04808896260770864,0.03958358941370651,0.03569795101985375,0.02515039636579388,0.021580435820682507,0.01684274172542037,0.01600602817034821,0.003037395311765459,0.0030106145288436737,0.0011129429524536993,0.07974775933124796,0.07464172220089434,0.05965991220581272,0.05520080188843892,0.05013020773536854,0.02099775907479064,0.01107766692872133,0.0018990198027803839,0.0006676463361736779,0.17594787945475748,0.07387890272884938,0.06604828394995095,0.04096551523102765,0.01322448719631002,0.012972379436491255,0.007013662555000484,0.001283651683065339,0.0009449011022783203,0.07893166678585258,0.05725006855702235,0.02885631332813128,0.023194286964668295,0.021814557327894772,0.021329387875961416,0.008807275011804908,0.004934931756803391,0.003990631715096872,0.001462829121021019,0.0002945465302268855,0.05377139554289015,0.04120919416026253,0.03969908086739282,0.029167792648810923,0.01937723624749932,0.01455826155610444,0.010724282933408536,0.006638011917835382,0.005928548583885553,0.002714155031102683,0.0014633181551406405,0.1382758295623283,0.11477810932071693,0.10686760773832013,0.07428519775725292,0.07020863287518171,0.05620918188781212,0.03917752235012018,0.03692956660002853,0.02356855759938316,0.0213990519815986,0.008700752919961833,0.008490696000187625,0.008328065043304581,0.08534222113315236,0.05828744705432421,0.055053607508061736,0.04213966674734284,0.04173716293504758,0.03678900014460891,0.03567604406421899,0.014363399465825856,0.011557819675589049,0.011553881461233935,0.004211025574527137,0.0023776813160209377,0.0017606148087299814,0.12733990524164188,0.08853579614739071,0.08279438627697944,0.07441186369086128,0.04589354564844166,0.017254828539402804,0.012411798892055344,0.011152934846814963,0.008529956803904188,0.0051733391399959305,0.0019655781388095445,0.0009984718779783531,0.37932204949153836,0.1732762433154711,0.15567672712213956,0.11025831022635393,0.11021471626713561,0.1007999907670326,0.07027220401460613,0.04666167868103351,0.04034093140452244,0.031137722011881377,0.02227479565289132,0.01914825108506066,0.0175931324556645,0.009753544928595589,0.007530826659580451,0.0030646692915659054,0.16926575265614435,0.13236186357980212,0.06902412455692244,0.06853022891828724,0.06069066691495552,0.0464259698578832,0.039498482743857456,0.03380352635456512,0.025641015888430183,0.019223166988153496,0.012989884637988884,0.006872597846280175,0.005144108477747708,0.2015801319328685,0.12138921878606986,0.06701951381369627,0.04841630869602125,0.03799680775000186,0.03377652584303219,0.02240957199458677,0.009493710752741956,0.00284100969464006,0.0024041839979828963,0.001097597124109293,0.18033187709330914,0.16601627900189164,0.14897867956992816,0.12845670234851908,0.12603858793306397,0.11421141156301759,0.10923297548851095,0.09429808401307949,0.08235662588781786,0.05349622523660779,0.044709620251071586,0.043005310795875606,0.04196021220249898,0.040517452493336915,0.040431493319329145,0.03392696574090464,0.15717302855780552,0.05088874247112706,0.0505227521274695,0.0375302921592099,0.031803307062920685,0.018519276664142156,0.016879378756076438,0.01486298191829298,0.010093973614534018,0.009176344422566336,0.0029139984767705338,0.03784408250851251,0.01420733359402399,0.011072584521923917,0.010471158431585192,0.005961377231967876,0.04650225618566681,0.04068168034223098,0.03432055623649063,0.030084969797320952,0.029474145282146178,0.017129607363380116,0.08926832307080415,0.08793501331688688,0.060013657051868494,0.05517413222198527,0.03408349186551908,0.028433393054518936,0.019646472140830908,0.01782394558635795,0.016625737904680877,0.0024350951664780735,0.332173012580974,0.19586109482615258,0.05150664472863769,0.02568252154457153,0.025269783549677894,0.021228773267930254,0.020541078366011975,0.0025232875356672934,0.0012893386582015142,0.1415359715734674,0.050066748364139026,0.04736148787458581,0.025067266235324404,0.0097889261370504,0.0068562039431511596,0.00156861612696849
2026-09-22 07:30:00+01:00,2.7905202424746283,1.0675814848875322,0.8762871099844579,0.7534231106678521,0.6160342094532342,0.5688375732659091,0.3399532478574462,0.33668966569109815,0.23502893551181142,0.23440708535208374,0.22679874719634613,0.10303562048733139,0.101674723000375,0.08134777957225797,0.059730434304860414,0.05669249578666644,0.04509538610028468,0.04308112444262063,0.00895082498599404,0.0006310191864465661,0.00041069202927250146,1.7241107233054411,1.0346794357597342,0.6386561357244945,0.5278259619056546,0.3032572642981471,0.2935578567461915,0.08543388621578565,1.5738417361287715,1.3640905594651656,1.0294411323194397,0.5299991305463094,0.4890794823692248,0.4172112447006909,0.1403285547946512,0.10333519801707262,0.08986722101174993,0.05762911416369925,0.055095065697233464,0.033074209576337076,1.0382985324540512,0.6297614541974187,0.4338885099193426,0.31750572218421164,0.1705864690763909,0.1677890877503501,0.06328413512360469,0.03912419706855378,1.2151241160905422,0.9575774400551276,0.8782111819420665,0.7969511999242819,0.6638120201310884,0.5616439089390374,0.5527993989651514,0.5460627663200549,0.5413565989542619,0.424750705669195,0.3101940951464375,0.2888963513366214,0.28663815603540205,0.20533338475685203,0.1614952744777438,0.0857835704931296,0.39496035899321874,0.2778233160449447,0.25334115736552554,0.18624867187407215,0.08570779262159885,0.05073463680469226,1.034840767298463,0.658191271749455,0.41158338296858493,0.39101678265722295,0.2880692545992629,0.23711917409800481,0.21384287752054418,0.15065943495335196,0.12927415614065907,0.10089375588800903,0.09588155689155783,0.01819503178975445,0.018034605784377763,0.006666907110062036,0.6607703589239695,0.6184629885903575,0.49432738840802337,0.4573802948520275,0.4153665963283468,0.1739822775812067,0.09178682904590686,0.0157348119522054,0.0055319536609838285,1.3545759719920352,0.5687740414022378,0.5084881881336685,0.3153826166259225,0.10181181298433377,0.0998709023302156,0.05399632437802043,0.009882493222855535,0.00727454251237009,0.5469458357245713,0.3967062633703558,0.19995574719085635,0.16072153527866245,0.15116089365042418,0.14779898046448237,0.061028768147731165,0.034195912539026,0.02765251878443609,0.0101364677663501,0.0020410185758751994,0.3184059831812647,0.2440192197027879,0.2350771213459069,0.17271635972631721,0.11474182316505746,0.08620638421935763,0.06350357503000502,0.039306822702443185,0.035105753191476734,0.016071801604912853,0.008665002111074219,0.8650925538436429,0.7180841946990227,0.6685938677361664,0.4647491296491189,0.43924499103065795,0.35166048081361045,0.2451056194738275,0.23104177486027763,0.14745153761576943,0.13387849913603,0.05443436201190544,0.053120186730837335,0.05210272163755745,1.0164229539399885,0.6942015139275826,0.6556865948109157,0.5018819991403101,0.497088192412138,0.43815574170656496,0.4249004726051149,0.171067599598758,0.1376532396249576,0.13760633562580074,0.05015317151049651,0.028318103685013054,0.020968862549848123,1.21400061110301,0.8440599231125828,0.7893239385204345,0.7094087891976721,0.4375281445134338,0.1644996700096694,0.1183284329546951,0.10632699697657512,0.0813207199500539,0.049320257192592844,0.018738926004047158,0.009518975750254467,2.4668446981982637,1.1268672167079423,1.0124123009692703,0.7170427566200523,0.7167592520694591,0.6555324773115652,0.45700115281066683,0.3034548474512188,0.2623491381242416,0.20249791585262011,0.14485965588723423,0.12452680178299189,0.11441340038400244,0.06343021880219307,0.048975217346679936,0.01993046068311678,0.8581761838253888,0.6710737239427504,0.349951829443496,0.3474477820049513,0.30770125739906246,0.2353793429434438,0.20025703165646316,0.17138364253596464,0.12999977147911504,0.09746132237656124,0.06585862439407458,0.034844023082853746,0.02608059405605408,0.8548731512152219,0.5147947021969431,0.2842203862923691,0.20532679480019653,0.16113914831735782,0.14324152290043804,0.09503586114715253,0.040261499732648094,0.0120483248373841,0.010195808142150185,0.004654755918924377,0.9400951490244959,0.8654659457019888,0.7766465709182189,0.6696626502425898,0.6570566835749256,0.5953999686815038,0.5694466892125025,0.4915890233712293,0.42933654179788616,0.2788832603901441,0.23307746689184355,0.2241926647310071,0.2187444204509494,0.2112231134826343,0.21077499635658098,0.17686598968656828,1.1937944721667473,0.38652114815746275,0.3837412993937538,0.2850581663379341,0.24155933442723554,0.14066160277651282,0.12820589663195214,0.11289052464524332,0.07666792460384438,0.0696981495290645,0.02213302947325707,0.5241278705129883,0.19676681289943954,0.15335158793308437,0.14502203797162652,0.08256307847371161,0.3741963621068888,0.3273591011945408,0.2761721331950796,0.24208903342894214,0.23717382435711748,0.13783926384354422,0.5752714341422901,0.5666791923715611,0.3867457276302675,0.3555584005506947,0.21964408618388098,0.18323318101350317,0.12660766793309197,0.11486276863748764,0.1071411645149149,0.015692472318335225,1.814730126454192,1.070029821566783,0.28139149287104237,0.1403089468590752,0.13805407350905194,0.11597719543091208,0.11222017541708468,0.013785243638856868,0.007043924754934561,0.7084241973308607,0.2505970434831873,0.23705651403631206,0.12546816024660457,0.048996110771539064,0.03431707657895545,0.007851330006881532
2026-09-22 08:30:00+01:00,6.160492627305623,2.3568465000151058,1.9345354311692606,1.6632946960438226,1.3599880580472807,1.2557943937835159,0.7504978624334203,0.7432930145457864,0.5188616811967697,0.5174888535548193,0.5006923041512198,0.2274666102400927,0.22446222460357107,0.1795874434718904,0.13186390643579107,0.12515720079765347,0.09955483904676607,0.09510805385502002,0.01976029074980652,0.0013930696458037996,0.0009066643487892327,3.9128126530366014,2.3481709923569865,1.4494091214810885,1.1978836825433847,0.6882323999447919,0.6662199131112957,0.19388939843859065,3.3934899744908313,2.9412281626415595,2.2196629315774343,1.142774838607153,1.054544610204272,0.8995835754229832,0.3025739710028082,0.22280954331882663,0.19377012728665696,0.12425888617894677,0.11879501527730363,0.07131403116019876,2.2219657288833927,1.347693678513754,0.9285242818540975,0.6794643461069424,0.365056172431546,0.35906975788621276,0.13542846785531615,0.08372604057422542,2.435448075340351,1.919252611720717,1.7601804659136648,1.5973127685428565,1.3304646705699867,1.1256912433382134,1.107964375351648,1.094462282197114,1.0850298085086434,0.8513190339351445,0.6217155943187958,0.5790289679208357,0.5745029138928803,0.41154544633523904,0.3236816307035388,0.1719342319741669,0.9673176116559842,0.6804312899248599,0.6204707831987529,0.45615114618229274,0.2099113376095925,0.12425679333300212,2.4274972722968737,1.5439646052913918,0.9654794931274674,0.9172350020580002,0.6757438940078206,0.5562267805073638,0.5016259682505517,0.3534122146635239,0.30324729303926035,0.2366734331981437,0.2249159727495593,0.0426813394241213,0.04230501709245086,0.015639023254352093,1.3382565635347148,1.2525715516842288,1.0011600295589684,0.9263311729265966,0.8412409338619325,0.3523658738126888,0.18589563644584942,0.03186767548912749,0.011203851982763252,3.0827855928137176,1.294433429099362,1.1572330329979024,0.7177574435551871,0.23170645038445598,0.22728926631713864,0.12288649311611759,0.02249088154405664,0.016555627233270663,1.273525630280317,0.9237031550401933,0.4655831571183988,0.3742290024828933,0.35196770829211393,0.34413972546562016,0.14210127464926786,0.07962282227010882,0.06438698151368921,0.023602065611955426,0.004752370890276304,0.814740382531703,0.6243987955859348,0.601517665768177,0.44194833145705464,0.2936025132563673,0.22058574953213111,0.1624935765815137,0.10057868713623709,0.08982894887375434,0.041124685085160234,0.022172093200257502,1.9339837927127397,1.605334814385762,1.4946952188685434,1.0389839566012498,0.9819674090468277,0.786165211351495,0.5479532721199156,0.516512419433127,0.32963973934633184,0.29929612313896486,0.12169238242768488,0.11875443817758469,0.11647981335124512,2.0956513539241772,1.4312981981755266,1.3518884976367405,1.0347756186846817,1.0248917927425358,0.9033854162557887,0.8760558262151419,0.352705579229631,0.28381216389680586,0.28371545766938694,0.10340534063319567,0.05838600171121939,0.04323340497427776,2.575747379254162,1.7908435259479702,1.674710084519118,1.5051539619371137,0.9283042868952799,0.3490192591671011,0.25105765869210617,0.2255941894111124,0.17253832442481354,0.10464288242206084,0.0397584145374591,0.020196428747778807,4.533988880534954,2.071149202916928,1.8607843933037707,1.3179037528215554,1.3173826796948565,1.2048496466482022,0.8399548405899229,0.5577411926633078,0.48219009325638523,0.3721852857124983,0.26624783858933165,0.228876643521597,0.21028850559751297,0.11658289917849074,0.09001502649672789,0.03663160765134143,1.7902884249085038,1.3999637171000776,0.730053713137909,0.724829882380144,0.6419124765217427,0.4910377624974468,0.41776718177260513,0.35753282045545953,0.27119965632507553,0.20331941227879097,0.13739128998841874,0.07269002843263508,0.054408158293508896,1.5906939405986766,0.9578974521224813,0.5288593350103524,0.38205912522452473,0.29983754485362346,0.2665347744234972,0.17683672513454993,0.07491605459020316,0.022418761527306895,0.018971715520799907,0.008661275681279099,2.033799624426581,1.872346982270021,1.680195356698418,1.4487465954580725,1.4214748769508205,1.2880868856142642,1.2319396221256005,1.0635025317831786,0.9288256602187781,0.6033353866668619,0.5042392412287392,0.4850178812243139,0.47323116242030394,0.45695958469412457,0.4559901291622966,0.38263146424235533,2.7772979627200165,0.8992204456915767,0.8927532786137244,0.6631723324954933,0.5619746639998319,0.3272415746029477,0.29826405116313776,0.26263367055014697,0.17836376007149674,0.16214895713253732,0.05149129024976161,1.0376182139944536,0.3895401112218432,0.30359080242880787,0.28710075631481996,0.16345048383694682,0.854011530115795,0.7471169557458786,0.6302952404916795,0.5525089145678218,0.5412911539337166,0.31458435341879254,1.3320365291833218,1.3121412602251992,0.8955067227997943,0.8232927096365683,0.5085841723607168,0.4242750047763991,0.29315906987983126,0.26596384695580405,0.24808453269697128,0.036335797539445325,4.125882192861104,2.4327677830856653,0.6397580184154957,0.31899960049490367,0.3138730300663872,0.2636801133297607,0.2551383352728985,0.03134145977117939,0.016014724884202566,1.4364542030758833,0.5081294198392468,0.4806736235675778,0.25440868171568076,0.09934820057999577,0.0695838864268705,0.015919947441961096
2026-09-22 09:30:00+01:00,10.154260239946233,3.8847595727465114,3.188669705474632,2.7415871134218226,2.2416507088120716,2.0699096409633158,1.2370359102280684,1.2251602527334082,0.8552329916044937,0.8529701775757637,0.8252846426525836,0.3749302687318568,0.3699781787838586,0.2960116580218643,0.21734956978441594,0.20629499371033513,0.16409495230074755,0.1567653738400917,0.0325706314136594,0.0022961786616159416,0.0014944431078580548,6.053219706944604,3.6326796569674698,2.2422724100438853,1.8531562220776638,1.064712853826642,1.0306589823753805,0.2999517819196575,4.998538669504378,4.33236662471798,3.2695163622577055,1.683283069716908,1.5533218169045502,1.3250675033679662,0.4456850339361801,0.3281937258060919,0.285419282661198,0.18303070062501128,0.17498253481566897,0.10504405350010758,3.700691959632907,2.2445886969779094,1.5464605504550992,1.1316503264696172,0.6080023758110285,0.5980319807293377,0.22555660313871273,0.1394460234634856,3.3962167135880685,2.676385451828013,2.4545603652140313,2.2274424062992053,1.8553244459530391,1.5697692156424647,1.5450492119827155,1.5262206297172354,1.5130671056837628,1.1871589301866496,0.8669784069318565,0.8074521803260267,0.8011406270262519,0.5738974841619129,0.4513719570568855,0.23976118324222156,1.5762974576275812,1.1088003562373443,1.011091399870242,0.7433234786143542,0.34206211467064684,0.20248330544551738,3.702944339745883,2.355189050541002,1.472758328100752,1.399165386445015,1.0307908709065223,0.8484774965559377,0.7651885178208202,0.5391008158155853,0.4625784177464826,0.3610255549329872,0.3430905310239069,0.06510681846566223,0.0645327701798487,0.023856023773844676,1.9345982038233247,1.810731021298402,1.4472877979456626,1.339114391156775,1.2161070186223184,0.5093839291668686,0.2687327483878282,0.04606825734405701,0.016196409950350998,3.981829765105296,1.6719338409230093,1.4947211855069047,0.9270797033488752,0.2992798600909612,0.2935744762854206,0.1587243359252106,0.029049980570930216,0.021383806078208955,1.809347069979505,1.3123407628120736,0.6614719807237492,0.5316816034513074,0.5000541226528467,0.488932604990223,0.20188877146541045,0.11312322010057223,0.0914770724488486,0.03353236656183817,0.0067518769480003765,1.2956781880573913,0.9929787665318297,0.9565910024555537,0.702828564281926,0.4669148363593033,0.35079658550489473,0.25841284830129085,0.15994986120722945,0.1428545978661088,0.06540041293890064,0.03526018613914893,2.968665420730183,2.464189188202355,2.294357391982992,1.5948405339680598,1.5073201246595562,1.206763720934074,0.8411083573956128,0.7928466436619006,0.505997050845668,0.4594195952774568,0.18679782583524526,0.18228808095725343,0.17879653149725666,3.0485551479315443,2.082117085985008,1.966599373117404,1.5052935849220321,1.490915530862245,1.3141595600508025,1.274403060357635,0.5130826782094461,0.41286306124969246,0.41272238218736523,0.1504242978779137,0.08493442659275365,0.06289186369199479,3.652348857613975,2.539373759570868,2.3746992866199266,2.1342727154422985,1.3163135209097592,0.49490105387328526,0.3559938215621389,0.3198872244290552,0.24465526285037711,0.14838113207449546,0.05637649137722477,0.028638058242416345,6.067183780033613,2.771520438419005,2.4900195361441377,1.7635606269552528,1.7628633498983788,1.612276612522417,1.1239904902869138,0.7463446441412893,0.6452454979009253,0.49804192029152405,0.3562811048552034,0.30627262125947846,0.28139879560935377,0.15600608946389322,0.12045413500348195,0.04901880036206686,3.1189369903776645,2.4389358506147953,1.271857371800166,1.2627567158638477,1.1183028051532633,0.8554576010308731,0.7278098313477056,0.6228730094423637,0.4724683621485276,0.3542113253905313,0.23935516229597686,0.12663636504365852,0.09478674783289225,2.711952400840557,1.633106299546796,0.9016450661454535,0.6513673909675763,0.5111889401690217,0.45441150114223355,0.30148652047101615,0.12772335954893918,0.03822144071597428,0.03234461900026689,0.01476649076147636,2.905074643885537,2.674456066084595,2.399987131915706,2.0693862607371507,2.0304314015764606,1.8399003056038632,1.759699685284413,1.5191045379716144,1.3267324084852208,0.8618028602787999,0.7202541570724796,0.6927984112363602,0.6759622895649382,0.6527200058607783,0.651335237838372,0.546549891824601,4.289091533500267,1.388701843351653,1.3787143404147406,1.024163368402972,0.8678797902702123,0.5053721587957305,0.460621018617105,0.4055956069133853,0.275454237706886,0.25041307361992077,0.0795200443106081,1.504388213663111,0.5647737714772716,0.440160377671306,0.416252324900003,0.23697828168921292,1.2767377635221642,1.1169315606771089,0.9422843923370681,0.825994698005697,0.8092242703022531,0.47030011851071485,1.973083949310622,1.9436140098694288,1.326472587309097,1.2195053178941773,0.7533421534419896,0.6284588925885157,0.43424293756370397,0.3939599147833747,0.3674761155662375,0.05382253214514744,6.11145271441032,3.6035312150196877,0.9476399701804993,0.4725173631262762,0.4649236434570177,0.39057551064678114,0.3779230231904437,0.04642445916744195,0.023721771318008435,2.2720489740396395,0.8037116147197694,0.7602846028338976,0.40239986979129205,0.15713969628625843,0.11006128662321864,0.025180684615506602
2026-09-22 10:30:00+01:00,10.390737678334112,3.9752297764647446,3.2629290238294346,2.805434551086336,2.2938553800391173,2.118114721197893,1.265844614784778,1.253692391100445,0.875150080816352,0.8728345692545257,0.8445042798909113,0.3836618304043651,0.37859441373458735,0.3029053240268563,0.22241131414419993,0.2110992936309685,0.16791647676983756,0.16041620345816537,0.03332915239907574,0.002349653206796864,0.0015292464386386106,6.304398068009193,3.7834177049294406,2.335315507152854,1.9300529423675445,1.1088931153363577,1.0734261784367665,0.31239828157248634,5.664102201547768,4.90922826839115,3.7048577694201423,1.9074149409265209,1.7601491364902473,1.5015023908517804,0.5050287191566555,0.37189325276476615,0.3234233231301123,0.20740153530986877,0.1982817431679712,0.11903083961706254,3.9531312485233894,2.3977012447655737,1.6519509306089757,1.2088448097724127,0.6494766971184103,0.6388261807318844,0.24094273879171574,0.14895820534344403,4.055387134400921,3.1958440945820015,2.9309650605844015,2.6597658626976735,2.215423667798979,1.874445130555123,1.8449272307099807,1.8224442160151477,1.8067377294638165,1.4175741591241826,1.0352499188899844,0.9641702694168278,0.9566337091179561,0.6852850303761766,0.5389785699346513,0.2862963408545258,1.9684127771032496,1.3846224124215283,1.2626076510452726,0.9282305352617143,0.42715252367027406,0.2528524826709601,4.9634289770684425,3.1568969196906,1.97408621119479,1.8754421848179696,1.381672747018972,1.1372997826603135,1.0256591819396745,0.7226110806094215,0.6200404089700483,0.48391888627188373,0.45987876867701494,0.08726922138920921,0.08649976669731427,0.03197662962572646,2.1225585553514503,1.9866567709520033,1.5879023827863898,1.4692191391094849,1.3342607015236732,0.5588742999321078,0.29484209851245397,0.050544125163826725,0.01777000952350537,5.079821854385093,2.1329706605330276,1.9068915027183695,1.1827225209624024,0.3818064717860119,0.3745278247687472,0.20249267246971925,0.03706053118264621,0.0272804041995869,2.488666098547801,1.8050588636870886,0.9098215156615065,0.7313013648320067,0.6877993521161752,0.6725022626684963,0.2776878740180693,0.15559531252676922,0.1258221226734732,0.04612208749284891,0.009286867920948558,1.6704776313250698,1.2802166719802084,1.233303058319329,0.9061350311449919,0.6019787915403829,0.45227113849136,0.33316365646435053,0.2062183864350051,0.18417799455670278,0.08431872042058101,0.04545986246022809,3.6478446698789257,3.027953009789254,2.8192666390420955,1.9597124352636877,1.852168871623188,1.4828503665225667,1.0335393867192793,0.9742362284807728,0.6217604153073697,0.5645268443415884,0.22953393419136792,0.22399243776646932,0.21970208224229068,3.661648310519066,2.5008504488996324,2.3621010356099674,1.8080223071591017,1.790752690963281,1.5784494290934685,1.5306975227412378,0.616268438869128,0.4958937127072805,0.49572474176009407,0.1806760414222455,0.10201554000073663,0.07554001002390896,4.553714822115209,3.1660677494544163,2.960753137533528,2.660991509199607,1.6411675402314376,0.6170380630002263,0.44384980871952784,0.3988324368991158,0.3050339220547715,0.1850002250035008,0.07028968874868971,0.035705666511901754,7.564948554033445,3.455707012220394,3.1047138791902995,2.1989189545798697,2.1980495454348032,2.010288474982676,1.40146244823265,0.9305897169437601,0.8045329057619469,0.6209901729293804,0.44423382028966285,0.3818800793478005,0.35086581998014577,0.19451826146986317,0.15018983559072144,0.06111974127762739,4.457641164604607,3.485771235222681,1.8177615622031988,1.8047547401186899,1.5982985979272286,1.2226354776302737,1.040198976198818,0.8902213721461648,0.6752603295879895,0.5062452335206677,0.3420907276110017,0.1809909836255314,0.13547093458522688,3.9314168713240707,2.367453667960365,1.3070814310353187,0.9442631623942089,0.7410516582783189,0.6587435094954331,0.4370538334998705,0.18515582000526848,0.0554082058484951,0.04688879524389353,0.021406434306120513,3.2960576308889666,3.0344009726735077,2.722992304805566,2.347897115248175,2.303699469219684,2.087525515092927,1.9965309972197505,1.7235550608098873,1.5052922954456487,0.9777896412825521,0.8171904345366574,0.7860395239170764,0.7669374924334915,0.7405671178465173,0.7389959791438095,0.6201079705134748,5.278035307182665,1.7088973977615438,1.69660705778631,1.2603066119091666,1.0679884398965538,0.6218967528571686,0.5668272594563812,0.49911453672801315,0.3389662311411569,0.3081512795012472,0.09785512811324885,1.824814152582334,0.6850672996762908,0.5339119778297156,0.5049116488843515,0.2874532772549085,1.4773890665524259,1.2924678214885836,1.0903732141370261,0.9558075046651543,0.9364014471031655,0.5442121890161967,2.35015938044804,2.315057450475342,1.5799743315842467,1.452564582138857,0.8973131271060243,0.7485634669315163,0.5172309639765804,0.46924946582843,0.4377043563657515,0.06410853873935746,6.666868392751215,3.931024174180358,1.0337625537062938,0.515460271143843,0.5071764257126218,0.42607145119095247,0.4122690914813795,0.050643566094227994,0.025877632505803046,2.7239698495810307,0.963573510637074,0.9115086685557044,0.4824390342422648,0.18839549664065486,0.1319529771555501,0.030189237321982223
2026-09-22 11:30:00+01:00,9.837383941668,3.763530826976316,3.0891633082751753,2.6560324836034113,2.171697215218637,2.0053155406251553,1.1984326687503426,1.1869276058925742,0.8285443842474614,0.826352184139999,0.7995306107083511,0.3632301041840903,0.35843255035141536,0.2867742467063486,0.21056690659889798,0.19985730229652826,0.15897416557453703,0.15187331571012255,0.03155422442082466,0.0022245235555535645,0.0014478071551824922,6.434729870986475,3.8616328882951283,2.383593848286245,1.9699532273918698,1.1318174353859198,1.095617284976912,0.31885653989391943,4.944122314764825,4.28520252042671,3.233922927064169,1.6649580882162887,1.5364116524340719,1.3106422186828575,0.4408331049000513,0.32462086033728665,0.2823120791439867,0.1810381455620278,0.17307759572900192,0.10390049638142089,3.942283742664954,2.391121883579656,1.6474179297367375,1.2055277048417723,0.6476945143792107,0.6370732233160131,0.24028158498571275,0.1485494597431737,4.256783426422301,3.354554256940476,3.076520953445692,2.7918536177355135,2.325444757565303,1.9675327412764356,1.9365489405493177,1.9129493873729693,1.89646289436423,1.4879729077149528,1.0866619020299557,1.012052336085782,1.0041414994851698,0.7193172594881103,0.5657450121672645,0.3005142242665143,2.316877566082312,1.629739779252581,1.48612495077156,1.0925536189951466,0.5027706134094002,0.29761453057151915,5.597398162359622,3.5601212586447875,2.2262324255937105,2.1149887884790544,1.5581511352085822,1.2825648846646232,1.1566646458971266,0.8149087965982801,0.6992369714147718,0.5457289098451434,0.5186181945170671,0.09841595028182043,0.09754821463005019,0.036060942693534874,2.29271912840296,2.1459224146486413,1.7152008164260926,1.5870030136785993,1.4412252726536248,0.6036779501779135,0.3184789024612062,0.05459612989207316,0.019194589776439685,5.520789076834301,2.318128757549553,2.0724242071260726,1.2853918428298023,0.4149501811921344,0.4070396921830839,0.22007057852723358,0.04027766752454299,0.029648551038594456,2.693767252788327,1.9538211490858193,0.9848036288200088,0.7915709020400074,0.7444837104908203,0.727925925321819,0.3005732677287555,0.16841855876790926,0.1361916385375664,0.04992319740722665,0.010052236698615168,2.075333793875685,1.590489374428845,1.5322057997209206,1.1257454854143163,0.7478740845450398,0.5618833560562045,0.41390904145372936,0.2561973762842917,0.22881528553518016,0.10475416531401321,0.05647749305916498,4.2030846939998625,3.4888390546570167,3.2483884406337844,2.2580011175671544,2.1340883013203524,1.7085556658940604,1.1908548663915532,1.1225251486389627,0.7163988386051923,0.6504537209044392,0.264471394168582,0.2580864241621373,0.25314303175719377,4.0230653258294895,2.747692807403175,2.595248359917253,1.9864801956436124,1.9675060101905202,1.7342477016480857,1.681782521380491,0.6770962084739376,0.5448400915943515,0.5446544426458315,0.19850937496259136,0.1120848172375559,0.0829960633212532,5.013641838138938,3.4858418568411285,3.259790387102916,2.9297527145669138,1.8069261173623248,0.6793591538402833,0.4886788166968549,0.439114672340306,0.3358424700286868,0.203685321627548,0.07738897538965794,0.039311953092300594,7.830905301986562,3.5771974086565854,3.213864602521274,2.27622514245351,2.275325167967885,2.0809630845236704,1.4507328950107237,0.963305949318535,0.8328174279512797,0.6428219839091238,0.45985150510683653,0.39530562788735646,0.36320101721028025,0.20135683332114643,0.15546997728157597,0.06326849450573319,5.286923149806081,4.134250370972062,2.155930755564125,2.1405041955866135,1.8956397667853977,1.4500897608771668,1.2337134920903658,1.0558346459610466,0.800883098664827,0.6004251005737488,0.40573193766731436,0.21466183254812773,0.1606734130758662,5.000628021543603,3.0113202286079592,1.6625629497980907,1.201070500567282,0.9425924060171867,0.8378992511886434,0.5559175529473755,0.23551188087525168,0.07047734591832379,0.05964094652574088,0.027228253511682773,3.8294417331184536,3.5254425198376027,3.1636401843406086,2.727845263972167,2.676495339559149,2.425339063106856,2.3196193690811926,2.002469136867843,1.7488860275681948,1.1360203242345746,0.9494321715108682,0.9132402687864328,0.8910470535146315,0.8604092964514792,0.8585839084302619,0.7204568630929021,5.7846136611383185,1.8729149498341986,1.859445000433894,1.3812690556562823,1.1704924578575953,0.681585522457483,0.6212305370702781,0.5470188431101503,0.3714997299573475,0.33772720289960656,0.10724712472575156,2.0830646199180385,0.7820190632558582,0.609472010940777,0.5763675114460826,0.3281341011531715,1.550840196021213,1.3567252492979904,1.144583134823504,1.0033272422629331,0.9829563766630789,0.5712687043640462,2.5290515840919188,2.4912777240121775,1.7002406812749586,1.5631326062463675,0.9656158660615306,0.805543503809335,0.5566021605466523,0.5049683501301226,0.4710220528191161,0.06898842810468478,6.5363668506856945,3.854075795060537,1.0135270249031538,0.5053703224160532,0.49724863026870086,0.4177312563446031,0.4041990728437282,0.04965223657013243,0.02537108719126167,2.818133737710864,0.9968829205317744,0.943018268527398,0.4991162875741402,0.19490806963134474,0.13651440994130018,0.03123283770043331
2026-09-22 12:30:00+01:00,9.963203728460561,3.81166625089036,3.1286735958800205,2.690003043539129,2.1994731444918094,2.03096345426453,1.2137605794796096,1.202108367281693,0.8391414371217151,0.8369211988537253,0.8097565784625786,0.3678758041523009,0.36301688977865976,0.2904420790073081,0.21326004976083404,0.20241347000462956,0.1610074394344086,0.15381576995562465,0.031957801816255633,0.0022529751318196146,0.0014663245566239695,5.823473303496126,3.494803431343075,2.1571682759302138,1.7828207646413412,1.02430230196919,0.991540925234492,0.28856728797423825,6.002011030282177,5.202102852064553,3.9258820562259564,2.0212074407198455,1.8651560576130293,1.5910789726613384,0.5351577063985933,0.3940796485931522,0.34271810144015463,0.21977468949750423,0.21011082908647696,0.12613197765572365,3.7516976386866654,2.2755252817935516,1.5677750157946126,1.147247569899388,0.6163823151258414,0.6062745006703895,0.22866539139605538,0.14136797189790948,3.9134127667540946,3.083961324974815,2.8283553966286354,2.5666505659503254,2.1378642723870196,1.8088229955333452,1.7803384828904325,1.758642572284138,1.74348595148475,1.3679465432729354,0.9990070282066151,0.9304157942538674,0.9231430801297759,0.6612940017465839,0.52010955962672,0.27627344030142575,2.0452793859393585,1.438691980857241,1.3119125374772735,0.9644779800525849,0.44383284922609495,0.2627263836661111,5.88323677203477,3.7419236034715455,2.339917956422052,2.222993514468125,1.637720203056352,1.3480607727213265,1.2157312701846255,0.856523202198025,0.7349444408398883,0.5735972851732819,0.5451021249742318,0.10344169216803908,0.102529644436786,0.037902442873459535,2.3950362912310244,2.2416884814101383,1.7917450730003124,1.6578261876764933,1.5055428242748476,0.6306182824492679,0.33269165853618377,0.05703259105416959,0.020051186619569745,6.023490024586603,2.529208280279706,2.2611308573110267,1.4024344772486743,0.45273388320505153,0.44410309674092885,0.24010932423158388,0.043945190655031816,0.03234822938151899,2.68656322457029,1.9485959824807824,0.982169936869117,0.7894539785719644,0.7424927138103561,0.7259792096576387,0.29976943499225456,0.16796815161096232,0.13582741686768393,0.04978968619816283,0.010025353679395058,2.118029939208445,1.6232107446880397,1.5637280934828377,1.1489056117490721,0.7632602073454151,0.5734430644274701,0.42242445263269396,0.26146816233518433,0.2335227358327646,0.1069092880608493,0.05763941277482713,4.297729225359716,3.56740029273755,3.3215352420954445,2.3088465021218,2.1821434326973974,1.747028707023022,1.2176703861711395,1.147802028446845,0.7325306173541013,0.6651005558050437,0.2704267276870584,0.26389798173080486,0.25884327463877893,3.932524334083061,2.6858546786013466,2.5368410656517164,1.9417735174190602,1.92322635500173,1.6952176352375168,1.6439332087158494,0.6618578374165806,0.5325782071254493,0.5323967362944975,0.19404182740260462,0.10956229530701452,0.0811281975831779,5.0497812892767255,3.5109685841835283,3.2832876849190415,2.9508710270615284,1.8199508447433792,0.684256126487682,0.4922013228487191,0.4422799090598916,0.3382632976281511,0.20515353095842748,0.07794681242409121,0.03959532243813276,8.083655667321244,3.6926550622797065,3.3175953234402695,2.3496926042798156,2.3487635822101294,2.1481282665273294,1.4975567621214627,0.9943976202339738,0.8596974502544962,0.6635697116637909,0.47469367615007096,0.4080645156550375,0.3749236962939538,0.20785582816554118,0.16048792757482297,0.06531054896608308,5.463695923246552,4.272482549399099,2.2280161345658342,2.212073774431104,1.9590220951309485,1.4985747457170329,1.2749637522980901,1.0911373756154237,0.827661306431621,0.6205008246318123,0.4192979301855635,0.22183923354604812,0.166045665337299,5.223062499331419,3.145267692729783,1.7365159252912679,1.2544956880495468,0.9845201496317726,0.8751701062840432,0.5806454931281291,0.2459877575070717,0.07361227048533338,0.062293853868192875,0.02843940185642126,4.401480053347357,4.052069730187973,3.636221710051704,3.13532816393427,3.076307637237095,2.787633877948023,2.666121877784748,2.301596049142675,2.010132939051353,1.3057179468412636,1.0912574354560862,1.049659221137633,1.0241508047296541,0.9889364090054626,0.9868383462785846,0.8280780158569728,5.775792113235299,1.8700587506278037,1.8566093429284403,1.3791626174643439,1.168707454417092,0.6805461031135851,0.6202831592050283,0.5461846382330348,0.3709331920940163,0.3372121682105059,0.1070835726367702,2.1391289851920114,0.803066611178453,0.6258755642050011,0.5918800780677724,0.33696562271519676,1.5393063636338944,1.3466350790398345,1.1360706974593737,0.9958653462715985,0.975645981870911,0.5670200928687033,2.7801370004662527,2.7386129340064413,1.8690413661165801,1.7183211376928662,1.0614826579106091,0.88551823715754,0.6118618816669277,0.555101842560965,0.5177853410800181,0.07583763130189643,7.531889104677248,4.44107134016989,1.167892398108468,0.5823408190183497,0.5729821514292183,0.4813538729110642,0.4657606683371745,0.057214527303681845,0.02923523412239841,2.748375799450147,0.9722068392326288,0.9196755118390313,0.48676154276284656,0.19008346357879347,0.13313523610971378,0.03045972380067085
2026-09-22 13:30:00+01:00,9.24053057519331,3.5351900346242373,2.9017377151431964,2.4948857866050185,2.0399360883222144,1.883649116059114,1.1257214096312231,1.1149143814886675,0.7782749723851095,0.7762157773552046,0.7510215213579227,0.34119222177828606,0.3366857449405576,0.2693750910385557,0.19779139963313,0.1877315680162002,0.1493288913361526,0.14265886395173258,0.02963976777424655,0.002089557351041548,0.0013599658571605007,6.039325833702027,3.624341616531421,2.237125752537842,1.8489026976898575,1.0622690328277382,1.0282933247665846,0.2992633066554778,4.651678354076654,4.031733549062046,3.0426369577574173,1.5664761116997068,1.4455331748641553,1.2331179631982965,0.4147579046942555,0.30541959384848344,0.26561336958163906,0.1703297712635818,0.1628400865455781,0.09775480039236543,3.7434645991466255,2.2705316785174823,1.5643345589833215,1.1447299537386937,0.6150296741454268,0.6049440411246451,0.22816358890819247,0.14105774217941378,3.133492078340282,2.4693455450986446,2.2646804102440123,2.055131849264066,1.711800201349008,1.448334961181372,1.4255272483123862,1.4081552080832667,1.3960192147598018,1.0953226537598357,0.7999106651067963,0.7449892701391018,0.7391659661703828,0.5295019052246766,0.41645471155120506,0.2212137303774305,1.7746806211204749,1.2483471919490985,1.1383411835428026,0.8368736283481475,0.38511196169733947,0.2279666166660003,5.909046409776069,3.7583393447383746,2.35018312798317,2.232745740926595,1.6449048476321766,1.3539746873818035,1.2210646580610722,0.8602807517277039,0.7381686268641913,0.5761136445708989,0.547493476694848,0.10389548872691542,0.1029794398611749,0.03806872010451103,2.593618371973131,2.4275558791793936,1.9403058551724013,1.7952832170596846,1.6303734282141216,0.6829053776975919,0.3602764605032973,0.06176139230161516,0.02171371105598062,6.271708139562932,2.63343279283821,2.354308340269517,1.4602264949825081,0.4713903017624615,0.4624038547862199,0.25000383449153807,0.04575609966992904,0.033681246699905534,2.6107908904203607,1.8936374151344437,0.9544686313618308,0.7671880701752195,0.7215513097517471,0.7055035555740172,0.29131468150332385,0.1632307462917752,0.1319965148723415,0.048385408530202595,0.009742596719864412,2.073063049855502,1.5887491270301826,1.5305293237883872,1.1245137414718258,0.7470557917911984,0.5612685666307299,0.41345615937589,0.2559170557585522,0.2285649253555846,0.10463954765820382,0.05641569773254452,3.7336229424016087,3.099154665003428,2.8855610797222924,2.005794646144591,1.89572221903954,1.5177192697684265,1.0578428401829039,0.9971451811009698,0.6363809759876089,0.5778015700721416,0.23493137463691305,0.22925957113111176,0.22486832883167895,3.652936819348655,2.494900632107692,2.3564813199599906,1.8037208098472288,1.7864922800956122,1.5746941126079979,1.5270558136465595,0.6148022639095098,0.4947139233519507,0.49454535440648306,0.18024619191020114,0.10177283305550433,0.07536029147244525,4.846120693931171,3.369369193807401,3.1508707966824594,2.831860694587233,1.7465511762612675,0.6566596817891266,0.4723505592811751,0.424442504937105,0.324620943507827,0.19687957059088443,0.07480317246936906,0.03799842022025387,7.511701140938174,3.4313833228388164,3.082860725624606,2.183441420912426,2.1825781312786243,1.9961386549140399,1.3915979726997973,0.924039573908895,0.7988700389657143,0.6166192086022741,0.4411069911287108,0.37919213954323366,0.3483961802827902,0.1931491055332326,0.14913269420221248,0.06068953767626242,5.4596104259732705,4.269287785991523,2.226350127897369,2.210419688716838,1.957557229673502,1.49745418133654,1.274010393801073,1.0903214739189393,0.8270424198650681,0.6200368430225291,0.41898439872727405,0.22167335250206413,0.1659215041243572,5.511692537577762,3.3190773560381936,1.832476993725038,1.3238199855221429,1.038925412536225,0.9235326103285867,0.6127323637927231,0.25958121074767265,0.07768013535355993,0.06573625522310489,0.03001098282957115,3.791758550395202,3.490750806550409,3.132508745492459,2.701002215118853,2.650157593755035,2.401472791871944,2.2967934203854545,1.9827640687035561,1.731676314943758,1.1248414463617942,0.9400893929818311,0.9042536325304775,0.8822788070513896,0.8519425373271506,0.8501351118276631,0.7133672898578911,4.762032687433687,1.541828501324423,1.530739715953456,1.137093811012005,0.9635774610426806,0.5610975472794831,0.5114118759278559,0.4503190297794389,0.3058274866850049,0.2780251325076383,0.08828840498170905,2.0091318854609868,0.7542634155475685,0.5878404533246417,0.5559109083402741,0.3164878703378186,1.4351308475434001,1.2554989623714414,1.0591849299350173,0.9284682453075197,0.9096172652461855,0.528645918497833,2.6365954143745833,2.5972152819581726,1.772540667727141,1.6296022934496113,1.00667711980233,0.8397979391098629,0.5802707676503254,0.526441312914316,0.4910515041859452,0.07192204948679747,6.839319806194771,4.0327076986152,1.0605028166077641,0.5287936455403446,0.5202955224649275,0.4370926113005051,0.4229332269279944,0.05195355963846349,0.02654700739657647,2.8183283501272274,0.9969517624718854,0.9430833907256306,0.49915075514587803,0.19492152943628308,0.13652383724378467,0.03123499455265556
2026-09-22 14:30:00+01:00,8.051621317343635,3.0803438408671497,2.528393045666451,2.173887681048702,1.7774729233456517,1.6412942150716037,0.9808833405637282,0.9714667710862863,0.6781402114758853,0.6763459575134713,0.6543932560953403,0.29729359627430435,0.29336693376531625,0.23471663317580058,0.17234307453606665,0.16357756545229146,0.13011587105238326,0.124304025700144,0.02582624278013884,0.0018207097930744375,0.0011849893247221819,5.313062095148241,3.1884936486126803,1.9680984873443792,1.6265614923266583,0.9345250593487522,0.9046351259975515,0.2632751692559849,3.70514544566625,3.2113482619355036,2.4235150431179058,1.2477263880299456,1.1513931643002724,0.9822006290072313,0.33036212838861173,0.24327219790964438,0.2115658245697482,0.1356707253212277,0.1297050567796641,0.07786345613263734,3.3476113569803285,2.030433955518493,1.3989137594524546,1.0236803079919068,0.5499932662695652,0.5409741400701613,0.2040363949621897,0.12614156944811358,3.2162765349792557,2.53458375987439,2.324511529179625,2.1094268559879663,1.7570246493451307,1.4865988596674775,1.4631885845229755,1.4453575883191403,1.4329009713630192,1.1242602379211764,0.8210436911732483,0.7646713150871769,0.7586941638953466,0.5434909393174462,0.4274571255189365,0.22705802741489928,1.5619112143339888,1.0986807740406819,1.0018635686635076,0.7365394592927219,0.3389402490739219,0.20063532042153964,5.413719825251883,3.443296059914576,2.1531787213390894,2.0455855385402333,1.5070204846498594,1.2404775829550256,1.118708754143996,0.7881676057249581,0.6762915456243768,0.527820843317727,0.5015997647395872,0.09518643585952996,0.09434717490920905,0.034877604686060756,2.2658285400697302,2.120753559234781,1.695083760441367,1.5683895497807547,1.4243215904614799,0.5965975995832945,0.3147435626401141,0.05395578889464015,0.018969462413253684,5.062095117424584,2.125527366077512,1.9002371425754565,1.178595248072257,0.38047410559499517,0.373220858417489,0.2017860464414457,0.03693120336235574,0.027185205477410258,2.129411913385123,1.5444875674320482,0.7784832105979319,0.6257335363135959,0.5885113054215622,0.5754224444735175,0.2376019295966258,0.13313417672009964,0.10765892907234137,0.039464081836761124,0.007946251688983719,2.0837467224321222,1.5969368545962905,1.5384170116063776,1.1303090001460048,0.7509057950395421,0.5641611026748458,0.41558693404377417,0.25723594185354465,0.22974285037101955,0.10517881474215664,0.056706439899213354,3.639589399691628,3.021100588024519,2.812886485844372,1.9552774998136961,1.847977313086169,1.479494595778254,1.0312004310732144,0.9720314790958081,0.6203533377904701,0.5632492894976271,0.2290144864584232,0.22348553074026228,0.21920488452315587,2.511617352497441,1.7153966877192872,1.6202249496072343,1.2401683108991777,1.2283226435848729,1.082698457075153,1.049944214603381,0.4227141368038137,0.340146062157845,0.3400301607039008,0.1239302746560961,0.06997504368570154,0.051814806855927965,4.250110953833013,2.954980658249312,2.763354718726465,2.48357870510051,1.5317481248359879,0.5758990918256537,0.41425759134809226,0.37224160383883614,0.28469679460810776,0.17266594713626054,0.0656033563282196,0.03332510934131195,6.152195999285034,2.810354452965597,2.5249092138630864,1.7882713013171003,1.787564254147405,1.6348675241952682,1.1397396301615352,0.7568022826149522,0.6542865544647735,0.5050203884670813,0.3612732475855364,0.3105640546778797,0.28534170173791934,0.15819201696549723,0.12214191531571762,0.04970564242172812,4.858457893473664,3.799200551871532,1.981208824179213,1.9670324705670676,1.7420124573702005,1.3325709198624194,1.133730316119925,0.9702672092104407,0.7359775624127421,0.5517651735545364,0.3728504234578161,0.19726510963361113,0.1476520444709754,4.84016145041131,2.9146891195584055,1.6092124956758624,1.1625290085619067,0.912345290911387,0.8110116644268802,0.5380785568913994,0.2279544733212095,0.06821577837254841,0.05772711127408065,0.026354518360794294,3.0365498277287597,2.7954941274332694,2.508603531860581,2.1630406319409006,2.122322789759957,1.9231688135031741,1.8393385476174613,1.5878547674458425,1.386776437881675,0.900805537793559,0.752850754173439,0.72415244156233,0.7065543662534634,0.6822602047500971,0.6808127661761063,0.5712851417977388,4.591446358535007,1.4865968636822993,1.475905302629714,1.0963606469273037,0.9290600285768055,0.5409978173895477,0.49309199444112567,0.4341876264133927,0.29487208346663263,0.26806566985606917,0.08512572301820785,1.6780055379872532,0.6299527659427896,0.49095808158226556,0.4642908659072285,0.26432729626945317,1.1976360151308145,1.0477307883593059,0.8839040850842164,0.774819251769982,0.7590878550958652,0.44116213676869465,2.726310402350893,2.685590288803141,1.8328546104070351,1.6850524961488669,1.040931152562421,0.8683736021027543,0.600015543302642,0.5443544427790069,0.5077604309911755,0.07436932894793928,7.708204563429374,4.545033243991165,1.1952318186819522,0.5959729486512128,0.5863952021900541,0.4926219794570996,0.4766637505208419,0.05855387331483996,0.029919607411008763,2.258298056151365,0.798847383118188,0.7556832006349389,0.39996446121032553,0.15618865381960823,0.10939517258592178,0.02502828582020127
2026-09-22 15:30:00+01:00,6.466935932785234,2.4740838502834013,2.030765630271733,1.7460324826914633,1.4276383680360587,1.318261765845301,0.7878301115948103,0.7802668707123731,0.544671579575333,0.5432304629399686,0.5255983975425544,0.23878155275284807,0.23562771902490104,0.1885207176643195,0.13842325384618015,0.13138293445846672,0.10450702644469576,0.09983904343073717,0.020743233053441303,0.0014623655435265334,0.0009517648361710363,4.328314996973033,2.5975237311165795,1.6033221606936519,1.3250871860062234,0.7613159336345869,0.7369659365019229,0.21447855173044023,2.877295985116096,2.493829080767722,1.8820233120909817,0.9689439131198293,0.8941346507209985,0.7627452060556914,0.2565485321929205,0.18891731204628104,0.16429516912334088,0.10535749243559388,0.10072474740712234,0.06046623891101123,2.695143642592467,1.6346913017572544,1.1262578367891363,0.824159431882253,0.44279657851088927,0.435535329206254,0.16426858858426993,0.10155588947200396,2.325616593306479,1.832700013503977,1.6808015494933868,1.5252787020328686,1.2704646615195012,1.0749259082771856,1.0579984694398175,1.0451052806247918,1.0360981835127876,0.812927071434497,0.5936780656935714,0.5529164794916167,0.5485945370711676,0.3929859677928875,0.30908454954739795,0.164180508254379,1.1522140449648417,0.810491279635452,0.7390697143082617,0.5433414536496275,0.25003451656077663,0.14800766649485517,4.468891833315065,2.8423557440234264,1.777395785902595,1.6885802743041884,1.2440081411447854,1.0239835674577418,0.9234664106429942,0.6506128669752271,0.558261946080703,0.43570305303827106,0.414058201124807,0.07857404882145526,0.07788125966206523,0.028790600137840766,1.7368131736803851,1.625609641096311,1.2993232954580272,1.202209074230318,1.091777448347776,0.4573066990808021,0.24125866377675015,0.04135843612670044,0.014540558402517074,4.376588342738321,1.8376893512974803,1.6429078343484964,1.0189903792531154,0.3289504635203357,0.3226794480005357,0.17446026558113997,0.03192999546030211,0.02350379647704284,1.8887774943737494,1.3699525861430226,0.6905106328571865,0.5550224517083686,0.5220065229642237,0.5103967701351649,0.21075169835434163,0.11808933496627003,0.09549292037958164,0.03500443908520449,0.007048284674486738,1.3024073532605804,0.9981358481473425,0.9615591025183161,0.7064787372663645,0.46933978037599045,0.35261846396077606,0.25975492750187784,0.16078056828419612,0.1435965198942302,0.06574007303897725,0.035443311563202934,2.6614669954059345,2.209194121048372,2.0569365721673107,1.4298059371903042,1.3513421671836097,1.0818874340272808,0.7540702017601948,0.7108026252434679,0.45363631792067916,0.41187871200822507,0.1674679284510981,0.1634248533821925,0.16029461055128327,1.9496526801860412,1.3315833108369854,1.2577058811785133,0.9626854460223121,0.9534902009723599,0.840448863188054,0.8150232558362595,0.3281334829736665,0.26403969580849834,0.26394972685678086,0.09620135483583629,0.05431839819561143,0.04022144414615202,3.2021437785486317,2.226359037053118,2.081983086232769,1.8711925842550439,1.154058748471865,0.43389730620989786,0.3121124091255792,0.2804564748537918,0.21449794594301508,0.1300910010104426,0.04942726945254501,0.025108001345352092,4.154080771553137,1.8976052446427005,1.7048671427966402,1.2074750914933425,1.2069976796793247,1.1038939180555194,0.7695740647374266,0.5110074208369905,0.44178683437649463,0.34099945535174775,0.2439386279705719,0.20969880803909444,0.19266819143107475,0.10681428484494776,0.08247256457249724,0.033562203389780255,3.826037696658962,2.991872081088523,1.56020280765332,1.5490389230400368,1.3718355651287952,1.0494001768984893,0.8928131152781446,0.764085847745622,0.579582649356471,0.4345153132970492,0.2936198700581769,0.1553463593268147,0.11627604901003132,3.9227219608234414,2.362217693646003,1.3041906269227395,0.9421747846019821,0.7394127128151524,0.6572866006899306,0.4360872242364376,0.18474632049496234,0.055285662397464214,0.04678509373080757,0.021359090807193462,2.6536142266316363,2.4429577671612455,2.1922465952428403,1.890262211832005,1.8546792471454314,1.6806403363199363,1.6073818031829952,1.387612336291138,1.2118917500105222,0.7872060483543866,0.6579096623285993,0.6328304589742707,0.6174516555130173,0.5962212011332718,0.5949562972752672,0.4992410682329056,3.6507885359460843,1.1820351069584127,1.1735339451296158,0.8717472814692179,0.7387218398465979,0.4301626275184883,0.39207135614818195,0.34523483128863597,0.234461112649044,0.21314657691078925,0.06768586398298992,1.3081819233138376,0.4911144822182169,0.38275349686935245,0.36196359558390157,0.20607094731814085,0.8787355154556571,0.7687462991559365,0.6485425471569516,0.5685042750778442,0.5569617556557328,0.32369169994492397,2.107637257072287,2.076157632319562,1.4169306108209565,1.3026687709306957,0.8047158816897569,0.6713162797866441,0.4638558811192749,0.42082578112328767,0.3925359346834731,0.05749292829568549,5.993848176671194,3.5341873711621323,0.9294042468845611,0.46342456822774963,0.45597697680870536,0.38305954766247624,0.3706505358588333,0.04553109922254663,0.02326528607946122,1.5507379892010034,0.5485560159788537,0.5189158463089328,0.27464934605938957,0.10725230812668096,0.07511995571270977,0.01718653280520092
2026-09-22 16:30:00+01:00,3.5644278673970513,1.3636586961561317,1.1193117853535248,0.9623733563114913,0.7868817685041338,0.7265958753173078,0.4342340226855514,0.4300653364871116,0.3002105753012046,0.2994162646185797,0.28969787156265187,0.13161095605380824,0.1298726346994803,0.10390832793282102,0.07629574633695173,0.07241528256218019,0.05760189389070372,0.055029007919290676,0.011433197842699777,0.0008060225970759309,0.0005245911109243852,2.5326808318301337,1.5199213940352314,0.9381718535913168,0.7753647594615218,0.4454782688948537,0.43123005197068204,0.1255005047428987,1.436948388396481,1.2454414481799883,0.9398999544096696,0.4838996062992595,0.44653916455214737,0.3809220532988177,0.12812272417820975,0.09434706352400007,0.08205053623761487,0.05261651208077313,0.05030287610555545,0.03019740235451251,1.5219633822360847,0.923119741455124,0.6360043893247448,0.4654076527226319,0.2500498183557865,0.24594934839333513,0.09276343298584905,0.05734920491218391,1.3813148893869913,1.0885439258212102,0.9983228590225215,0.9059490664311799,0.754600632988183,0.6384591365423911,0.628404975692085,0.620746983513524,0.6153971604228327,0.4828432472446896,0.3526188942774404,0.32840828875551326,0.3258412433389892,0.23341653572426796,0.1835827503115118,0.09751606573999487,0.6556261715372446,0.46118106011103865,0.42054117410609787,0.3091690113052357,0.14227319443056244,0.08421846632250016,2.878531612890116,1.830836630069405,1.1448677097523259,1.087659285967011,0.8012985980736027,0.6595749416070726,0.5948291781558128,0.41907698266037363,0.35959130809276996,0.28064787844127254,0.26670585594147694,0.05061162630950265,0.05016538245962804,0.018544788225356528,0.9756134560226813,0.9131475187587551,0.7298639312404598,0.6753123292393386,0.6132799921900014,0.25688115216625407,0.13552131128984857,0.023232116969587695,0.008167812549186637,3.5890119455062948,1.5069932370677883,1.3472630691040481,0.835620889399715,0.2697551267331762,0.2646125938174724,0.14306576907691346,0.026184124745734134,0.019274238222751483,1.1589236532252485,0.8405809898770861,0.42368627729073116,0.3405528969250917,0.32029485124805157,0.3131712926490245,0.12931387043089587,0.07245772670085018,0.05859292821579621,0.02147816380943091,0.004324714715343459,0.9406123914785464,0.7208642862741085,0.6944481729955024,0.5102264302525814,0.338962162744446,0.2546647911924653,0.18759776113379592,0.11611743012542675,0.10370692828750062,0.047478177363142395,0.025597535185839286,1.596909988557497,1.3255412013954215,1.2341849677614354,0.8578995669453189,0.8108204266516937,0.649144570597801,0.45245056179280435,0.42648953156417346,0.27218686856174473,0.24713183759763738,0.10048263163443867,0.09805674133665636,0.0961785605995223,1.526064073857651,1.042278695415043,0.9844521438366447,0.7535289174993425,0.7463314647101049,0.6578498976050473,0.6379483498422518,0.2568420133929242,0.20667347468637448,0.20660305271513105,0.07530029987566442,0.042516986167970665,0.031482787438969706,1.9283296902161662,1.3407125129704414,1.253769373694461,1.126831418533856,0.6949737122486956,0.26129278256474586,0.18795396672492323,0.1688907758910979,0.12917057641920512,0.07834074826961049,0.029765081702501563,0.015120028269990617,1.9874366316516665,0.9078711712693004,0.8156594919618099,0.5776922406214026,0.5774638325138713,0.5281359055954886,0.3681872768343855,0.24448125182639646,0.21136405051002313,0.16314435038920652,0.11670754416320596,0.10032618902467005,0.09217823207155124,0.05110315233595095,0.039457344464767306,0.01605716309431654,2.416145991640114,1.8893697107413387,0.985269372319317,0.978219369889108,0.8663153017989554,0.6626970856177941,0.5638122258039251,0.4825208491572479,0.36600692572622534,0.2743967821973327,0.185421192458834,0.09810135528228814,0.07342842178075343,2.3284801076125534,1.4021837296749187,0.7741517144607607,0.5592635077759467,0.43890640486395893,0.3901573422719737,0.2588560792632285,0.1096631717780049,0.03281689765788447,0.02777106335165961,0.012678496859563336,1.795783759822636,1.6532259437610113,1.4835618507595718,1.2791995715681472,1.2551194662275902,1.1373418908358717,1.0877655497251524,0.939040676460422,0.8201250586805939,0.5327269589835514,0.44522804979824926,0.4282561683389913,0.4178488509436973,0.4034815383154421,0.4026255383049112,0.337852048565162,2.176288127942569,0.7046283137892785,0.699560647618103,0.5196612294981978,0.44036282958619033,0.256426196734089,0.23371943603151277,0.20579950256993193,0.13976567826328226,0.12705977360103082,0.04034852765788676,0.7677716864837437,0.28823498287922145,0.22463794412822904,0.21243635558209847,0.12094299419530753,0.4978117254195853,0.4355018260463706,0.36740529855653326,0.322062883663194,0.3155239405931273,0.18337431550154823,1.271569042028759,1.252576914158591,0.8548554042575616,0.7859195293568081,0.48549711263263995,0.4050151400210023,0.2798511823678645,0.25389048023722144,0.23682279327358097,0.034686342496110835,3.85776183461966,2.2746744253432207,0.5981833584840522,0.2982694188839111,0.2934759985153314,0.24654486730420846,0.23855817649549585,0.029304735737662787,0.014974008360468534,0.8649092832858347,0.30595187189994477,0.2894203507247329,0.15318304620727227,0.059818949170384536,0.04189743690319946,0.009585624311927572
2026-09-22 17:30:00+01:00,1.335942779051933,0.5110974484529317,0.41951655434754204,0.3606962418502197,0.2949222303573728,0.2723271585315961,0.16275032869414363,0.1611879107039022,0.11251852055616172,0.11222081397876604,0.10857837330944867,0.04932760962633916,0.04867608911663053,0.038944701800511836,0.028595543291401026,0.027141150678579168,0.02158911249316335,0.020624798285468825,0.004285147201079685,0.0003020961872073501,0.00019661604405142453,0.9532669669426893,0.5720779496073691,0.3531152548336488,0.29183685651856583,0.16767202281916221,0.1623091857964522,0.04723670033842762,0.42681230140215326,0.36992959180149854,0.27917555415962664,0.14373119193422007,0.1326341363598857,0.11314409030705046,0.0380558934544882,0.028023614235825143,0.024371215059391854,0.015628518598367756,0.01494130651534268,0.008969440307928494,0.6602634208197784,0.4004710004415103,0.2759136248961417,0.20190475832005383,0.10847747742813035,0.10669859736046462,0.04024295348041574,0.024879430516245717,0.3411899991028416,0.2688744644164118,0.24658951987797795,0.22377284393137117,0.18638920876795884,0.1577018201264536,0.1552184043913071,0.15332685137569288,0.1520054248497518,0.11926410723577931,0.08709819979972622,0.08111808871877534,0.08048401879736192,0.05765476664751963,0.04534563327691282,0.02408683685231753,0.214467997609874,0.15086124195698714,0.1375671494497632,0.10113516155431826,0.04654031283031177,0.027549488745409474,0.8857900270800518,0.5633903136120384,0.3523019844852064,0.33469764377653416,0.2465779092744392,0.20296629808447939,0.18304254553509255,0.1289595744431136,0.1106544715739431,0.08636177234644242,0.08207149308310467,0.015574355215869291,0.015437035774910339,0.00570665557076842,0.2667801329783624,0.24969890993145433,0.19958026965539666,0.18466321050025575,0.1677005548246702,0.07024379123872497,0.03705811274344223,0.0063527898434104675,0.0022334769006749845,1.0704445298993368,0.4494698517886778,0.40182936266443,0.2492289866149666,0.0804560988395084,0.07892230727987459,0.04267023131978458,0.007809573645851719,0.005748658178570236,0.5238818120824642,0.37997765508828557,0.19152386275302055,0.15394410861711358,0.14478662732056571,0.14156648182008502,0.05845526112112905,0.03275391356262152,0.026486446560550984,0.009709025564690691,0.0019549513684604036,0.35949458391927597,0.2755086037608161,0.2654125751119382,0.19500448846941731,0.12954864592911522,0.09733086016942265,0.07169837405285753,0.044379159372012145,0.039635964156986725,0.018145782227660303,0.009783174604501482,0.6188253503511548,0.5136660827698731,0.47826424190820954,0.33244829319440766,0.314204456224767,0.2515527607736988,0.17533103269704292,0.16527076396441298,0.1054762857679006,0.09576710464590868,0.038938449988378095,0.037998382968824504,0.03727056119990336,0.4058660103696948,0.2772003502658257,0.2618210276118078,0.20040559284680504,0.1984913865572829,0.17495917631305044,0.16966623879552575,0.06830869362358734,0.054966066010689194,0.054947336859665616,0.020026572156254235,0.011307650736654053,0.008373038558513153,0.5284227790346744,0.36739725348054136,0.34357210806722666,0.3087871294552827,0.1904445812589922,0.07160241270209759,0.05150527834078049,0.046281366512430706,0.03539678681880149,0.02146782063374382,0.008156565379474524,0.004143361686567004,0.5165402592695206,0.23595822011242867,0.21199215046341296,0.1501438058432998,0.15008444194650708,0.13726397775969462,0.0956928882193942,0.06354135130335938,0.05493409938810003,0.04240166640098852,0.030332612451986492,0.026075053093521133,0.02395737662019217,0.013281850166545801,0.010255072597197592,0.004173300952482868,0.6496770027413495,0.5080322360452618,0.26492888050475427,0.2630332067896621,0.23294334475196984,0.17819248414593522,0.15160335436542735,0.12974493268426018,0.09841552758448059,0.07378249478162631,0.049857866609959944,0.02637845340686452,0.019744153351497134,0.6223355859886902,0.3747632759318588,0.20690842893095165,0.14947500805179642,0.11730702520163053,0.10427780655578647,0.06918476531035993,0.029309803440759757,0.00877101039750377,0.0074224043950303345,0.0033885965985950423,0.5193522942480278,0.4781236505265222,0.4290556959524641,0.36995280119953183,0.3629886787733508,0.32892664114990083,0.31458884220532307,0.2715766455979689,0.2371854787450205,0.15406808689661416,0.1287628356485047,0.1238544576072411,0.12084459401055328,0.11668947414445094,0.11644191339727641,0.09770900064050196,0.6333552816302915,0.20506478824869231,0.20358996830465878,0.15123465506946893,0.12815680073380148,0.07462655517192134,0.06801830940012281,0.059892897560755734,0.040675372613633035,0.03697763070050881,0.011742449342995662,0.3288165730222227,0.12344351968685337,0.09620656799326471,0.09098094610358487,0.0517967275720705,0.13542266905786007,0.11847213846371785,0.09994743718539215,0.08761267178546232,0.08583384441328769,0.04988440001276994,0.3964614591245342,0.3905399192958567,0.26653465892163575,0.24504119954519948,0.15137274289722086,0.1262793352723213,0.0872545685150302,0.07916030268563345,0.07383878269432442,0.010814826016651648,1.2906878152918924,0.761035722371398,0.20013365396930138,0.09979172409579616,0.09818799386865328,0.08248628862897939,0.07981418885889978,0.00980445837986244,0.00500984015226049,0.2407151683412929,0.08515026693775234,0.08054933597362754,0.04263277486712981,0.016648368444890045,0.01166058541874773,0.002667800212683675
2026-09-22 18:30:00+01:00,0.0,0.0,0.0,0.0,0.0,0.0,0.0,0.0,0.0,0.0,0.0,0.0,0.0,0.0,0.0,0.0,0.0,0.0,0.0,0.0,0.0,0.0,0.0,0.0,0.0,0.0,0.0,0.0,0.0,0.0,0.0,0.0,0.0,0.0,0.0,0.0,0.0,0.0,0.0,0.0,0.0,0.0,0.0,0.0,0.0,0.0,0.0,0.0,0.0,0.0,0.0,0.0,0.0,0.0,0.0,0.0,0.0,0.0,0.0,0.0,0.0,0.0,0.0,0.0,0.0,0.0,0.0,0.0,0.0,0.0,0.0,0.0,0.0,0.0,0.0,0.0,0.0,0.0,0.0,0.0,0.0,0.0,0.0,0.0,0.0,0.0,0.0,0.0,0.0,0.0,0.0,0.0,0.0,0.0,0.0,0.0,0.0,0.0,0.0,0.0,0.0,0.0,0.0,0.0,0.0,0.0,0.0,0.0,0.0,0.0,0.0,0.0,0.0,0.0,0.0,0.0,0.0,0.0,0.0,0.0,0.0,0.0,0.0,0.0,0.0,0.0,0.0,0.0,0.0,0.0,0.0,0.0,0.0,0.0,0.0,0.0,0.0,0.0,0.0,0.0,0.0,0.0,0.0,0.0,0.0,0.0,0.0,0.0,0.0,0.0,0.0,0.0,0.0,0.0,0.0,0.0,0.0,0.0,0.0,0.0,0.0,0.0,0.0,0.0,0.0,0.0,0.0,0.0,0.0,0.0,0.0,0.0,0.0,0.0,0.0,0.0,0.0,0.0,0.0,0.0,0.0,0.0,0.0,0.0,0.0,0.0,0.0,0.0,0.0,0.0,0.0,0.0,0.0,0.0,0.0,0.0,0.0,0.0,0.0,0.0,0.0,0.0,0.0,0.0,0.0,0.0,0.0,0.0,0.0,0.0,0.0,0.0,0.0,0.0,0.0,0.0,0.0,0.0,0.0,0.0,0.0,0.0,0.0,0.0,0.0,0.0,0.0,0.0,0.0,0.0,0.0,0.0,0.0,0.0,0.0,0.0,0.0,0.0,0.0,0.0,0.0,0.0,0.0,0.0,0.0,0.0,0.0,0.0,0.0,0.0,0.0,0.0,0.0,0.0,0.0,0.0,0.0,0.0,0.0,0.0,0.0,0.0,0.0,0.0,0.0,0.0
2026-09-22 19:30:00+01:00,0.0,0.0,0.0,0.0,0.0,0.0,0.0,0.0,0.0,0.0,0.0,0.0,0.0,0.0,0.0,0.0,0.0,0.0,0.0,0.0,0.0,0.0,0.0,0.0,0.0,0.0,0.0,0.0,0.0,0.0,0.0,0.0,0.0,0.0,0.0,0.0,0.0,0.0,0.0,0.0,0.0,0.0,0.0,0.0,0.0,0.0,0.0,0.0,0.0,0.0,0.0,0.0,0.0,0.0,0.0,0.0,0.0,0.0,0.0,0.0,0.0,0.0,0.0,0.0,0.0,0.0,0.0,0.0,0.0,0.0,0.0,0.0,0.0,0.0,0.0,0.0,0.0,0.0,0.0,0.0,0.0,0.0,0.0,0.0,0.0,0.0,0.0,0.0,0.0,0.0,0.0,0.0,0.0,0.0,0.0,0.0,0.0,0.0,0.0,0.0,0.0,0.0,0.0,0.0,0.0,0.0,0.0,0.0,0.0,0.0,0.0,0.0,0.0,0.0,0.0,0.0,0.0,0.0,0.0,0.0,0.0,0.0,0.0,0.0,0.0,0.0,0.0,0.0,0.0,0.0,0.0,0.0,0.0,0.0,0.0,0.0,0.0,0.0,0.0,0.0,0.0,0.0,0.0,0.0,0.0,0.0,0.0,0.0,0.0,0.0,0.0,0.0,0.0,0.0,0.0,0.0,0.0,0.0,0.0,0.0,0.0,0.0,0.0,0.0,0.0,0.0,0.0,0.0,0.0,0.0,0.0,0.0,0.0,0.0,0.0,0.0,0.0,0.0,0.0,0.0,0.0,0.0,0.0,0.0,0.0,0.0,0.0,0.0,0.0,0.0,0.0,0.0,0.0,0.0,0.0,0.0,0.0,0.0,0.0,0.0,0.0,0.0,0.0,0.0,0.0,0.0,0.0,0.0,0.0,0.0,0.0,0.0,0.0,0.0,0.0,0.0,0.0,0.0,0.0,0.0,0.0,0.0,0.0,0.0,0.0,0.0,0.0,0.0,0.0,0.0,0.0,0.0,0.0,0.0,0.0,0.0,0.0,0.0,0.0,0.0,0.0,0.0,0.0,0.0,0.0,0.0,0.0,0.0,0.0,0.0,0.0,0.0,0.0,0.0,0.0,0.0,0.0,0.0,0.0,0.0,0.0,0.0,0.0,0.0,0.0,0.0
2026-09-22 20:30:00+01:00,0.0,0.0,0.0,0.0,0.0,0.0,0.0,0.0,0.0,0.0,0.0,0.0,0.0,0.0,0.0,0.0,0.0,0.0,0.0,0.0,0.0,0.0,0.0,0.0,0.0,0.0,0.0,0.0,0.0,0.0,0.0,0.0,0.0,0.0,0.0,0.0,0.0,0.0,0.0,0.0,0.0,0.0,0.0,0.0,0.0,0.0,0.0,0.0,0.0,0.0,0.0,0.0,0.0,0.0,0.0,0.0,0.0,0.0,0.0,0.0,0.0,0.0,0.0,0.0,0.0,0.0,0.0,0.0,0.0,0.0,0.0,0.0,0.0,0.0,0.0,0.0,0.0,0.0,0.0,0.0,0.0,0.0,0.0,0.0,0.0,0.0,0.0,0.0,0.0,0.0,0.0,0.0,0.0,0.0,0.0,0.0,0.0,0.0,0.0,0.0,0.0,0.0,0.0,0.0,0.0,0.0,0.0,0.0,0.0,0.0,0.0,0.0,0.0,0.0,0.0,0.0,0.0,0.0,0.0,0.0,0.0,0.0,0.0,0.0,0.0,0.0,0.0,0.0,0.0,0.0,0.0,0.0,0.0,0.0,0.0,0.0,0.0,0.0,0.0,0.0,0.0,0.0,0.0,0.0,0.0,0.0,0.0,0.0,0.0,0.0,0.0,0.0,0.0,0.0,0.0,0.0,0.0,0.0,0.0,0.0,0.0,0.0,0.0,0.0,0.0,0.0,0.0,0.0,0.0,0.0,0.0,0.0,0.0,0.0,0.0,0.0,0.0,0.0,0.0,0.0,0.0,0.0,0.0,0.0,0.0,0.0,0.0,0.0,0.0,0.0,0.0,0.0,0.0,0.0,0.0,0.0,0.0,0.0,0.0,0.0,0.0,0.0,0.0,0.0,0.0,0.0,0.0,0.0,0.0,0.0,0.0,0.0,0.0,0.0,0.0,0.0,0.0,0.0,0.0,0.0,0.0,0.0,0.0,0.0,0.0,0.0,0.0,0.0,0.0,0.0,0.0,0.0,0.0,0.0,0.0,0.0,0.0,0.0,0.0,0.0,0.0,0.0,0.0,0.0,0.0,0.0,0.0,0.0,0.0,0.0,0.0,0.0,0.0,0.0,0.0,0.0,0.0,0.0,0.0,0.0,0.0,0.0,0.0,0.0,0.0,0.0
2026-09-22 21:30:00+01:00,0.0,0.0,0.0,0.0,0.0,0.0,0.0,0.0,0.0,0.0,0.0,0.0,0.0,0.0,0.0,0.0,0.0,0.0,0.0,0.0,0.0,0.0,0.0,0.0,0.0,0.0,0.0,0.0,0.0,0.0,0.0,0.0,0.0,0.0,0.0,0.0,0.0,0.0,0.0,0.0,0.0,0.0,0.0,0.0,0.0,0.0,0.0,0.0,0.0,0.0,0.0,0.0,0.0,0.0,0.0,0.0,0.0,0.0,0.0,0.0,0.0,0.0,0.0,0.0,0.0,0.0,0.0,0.0,0.0,0.0,0.0,0.0,0.0,0.0,0.0,0.0,0.0,0.0,0.0,0.0,0.0,0.0,0.0,0.0,0.0,0.0,0.0,0.0,0.0,0.0,0.0,0.0,0.0,0.0,0.0,0.0,0.0,0.0,0.0,0.0,0.0,0.0,0.0,0.0,0.0,0.0,0.0,0.0,0.0,0.0,0.0,0.0,0.0,0.0,0.0,0.0,0.0,0.0,0.0,0.0,0.0,0.0,0.0,0.0,0.0,0.0,0.0,0.0,0.0,0.0,0.0,0.0,0.0,0.0,0.0,0.0,0.0,0.0,0.0,0.0,0.0,0.0,0.0,0.0,0.0,0.0,0.0,0.0,0.0,0.0,0.0,0.0,0.0,0.0,0.0,0.0,0.0,0.0,0.0,0.0,0.0,0.0,0.0,0.0,0.0,0.0,0.0,0.0,0.0,0.0,0.0,0.0,0.0,0.0,0.0,0.0,0.0,0.0,0.0,0.0,0.0,0.0,0.0,0.0,0.0,0.0,0.0,0.0,0.0,0.0,0.0,0.0,0.0,0.0,0.0,0.0,0.0,0.0,0.0,0.0,0.0,0.0,0.0,0.0,0.0,0.0,0.0,0.0,0.0,0.0,0.0,0.0,0.0,0.0,0.0,0.0,0.0,0.0,0.0,0.0,0.0,0.0,0.0,0.0,0.0,0.0,0.0,0.0,0.0,0.0,0.0,0.0,0.0,0.0,0.0,0.0,0.0,0.0,0.0,0.0,0.0,0.0,0.0,0.0,0.0,0.0,0.0,0.0,0.0,0.0,0.0,0.0,0.0,0.0,0.0,0.0,0.0,0.0,0.0,0.0,0.0,0.0,0.0,0.0,0.0,0.0
2026-09-22 22:30:00+01:00,0.0,0.0,0.0,0.0,0.0,0.0,0.0,0.0,0.0,0.0,0.0,0.0,0.0,0.0,0.0,0.0,0.0,0.0,0.0,0.0,0.0,0.0,0.0,0.0,0.0,0.0,0.0,0.0,0.0,0.0,0.0,0.0,0.0,0.0,0.0,0.0,0.0,0.0,0.0,0.0,0.0,0.0,0.0,0.0,0.0,0.0,0.0,0.0,0.0,0.0,0.0,0.0,0.0,0.0,0.0,0.0,0.0,0.0,0.0,0.0,0.0,0.0,0.0,0.0,0.0,0.0,0.0,0.0,0.0,0.0,0.0,0.0,0.0,0.0,0.0,0.0,0.0,0.0,0.0,0.0,0.0,0.0,0.0,0.0,0.0,0.0,0.0,0.0,0.0,0.0,0.0,0.0,0.0,0.0,0.0,0.0,0.0,0.0,0.0,0.0,0.0,0.0,0.0,0.0,0.0,0.0,0.0,0.0,0.0,0.0,0.0,0.0,0.0,0.0,0.0,0.0,0.0,0.0,0.0,0.0,0.0,0.0,0.0,0.0,0.0,0.0,0.0,0.0,0.0,0.0,0.0,0.0,0.0,0.0,0.0,0.0,0.0,0.0,0.0,0.0,0.0,0.0,0.0,0.0,0.0,0.0,0.0,0.0,0.0,0.0,0.0,0.0,0.0,0.0,0.0,0.0,0.0,0.0,0.0,0.0,0.0,0.0,0.0,0.0,0.0,0.0,0.0,0.0,0.0,0.0,0.0,0.0,0.0,0.0,0.0,0.0,0.0,0.0,0.0,0.0,0.0,0.0,0.0,0.0,0.0,0.0,0.0,0.0,0.0,0.0,0.0,0.0,0.0,0.0,0.0,0.0,0.0,0.0,0.0,0.0,0.0,0.0,0.0,0.0,0.0,0.0,0.0,0.0,0.0,0.0,0.0,0.0,0.0,0.0,0.0,0.0,0.0,0.0,0.0,0.0,0.0,0.0,0.0,0.0,0.0,0.0,0.0,0.0,0.0,0.0,0.0,0.0,0.0,0.0,0.0,0.0,0.0,0.0,0.0,0.0,0.0,0.0,0.0,0.0,0.0,0.0,0.0,0.0,0.0,0.0,0.0,0.0,0.0,0.0,0.0,0.0,0.0,0.0,0.0,0.0,0.0,0.0,0.0,0.0,0.0,0.0
2026-09-22 23:30:00+01:00,0.0,0.0,0.0,0.0,0.0,0.0,0.0,0.0,0.0,0.0,0.0,0.0,0.0,0.0,0.0,0.0,0.0,0.0,0.0,0.0,0.0,0.0,0.0,0.0,0.0,0.0,0.0,0.0,0.0,0.0,0.0,0.0,0.0,0.0,0.0,0.0,0.0,0.0,0.0,0.0,0.0,0.0,0.0,0.0,0.0,0.0,0.0,0.0,0.0,0.0,0.0,0.0,0.0,0.0,0.0,0.0,0.0,0.0,0.0,0.0,0.0,0.0,0.0,0.0,0.0,0.0,0.0,0.0,0.0,0.0,0.0,0.0,0.0,0.0,0.0,0.0,0.0,0.0,0.0,0.0,0.0,0.0,0.0,0.0,0.0,0.0,0.0,0.0,0.0,0.0,0.0,0.0,0.0,0.0,0.0,0.0,0.0,0.0,0.0,0.0,0.0,0.0,0.0,0.0,0.0,0.0,0.0,0.0,0.0,0.0,0.0,0.0,0.0,0.0,0.0,0.0,0.0,0.0,0.0,0.0,0.0,0.0,0.0,0.0,0.0,0.0,0.0,0.0,0.0,0.0,0.0,0.0,0.0,0.0,0.0,0.0,0.0,0.0,0.0,0.0,0.0,0.0,0.0,0.0,0.0,0.0,0.0,0.0,0.0,0.0,0.0,0.0,0.0,0.0,0.0,0.0,0.0,0.0,0.0,0.0,0.0,0.0,0.0,0.0,0.0,0.0,0.0,0.0,0.0,0.0,0.0,0.0,0.0,0.0,0.0,0.0,0.0,0.0,0.0,0.0,0.0,0.0,0.0,0.0,0.0,0.0,0.0,0.0,0.0,0.0,0.0,0.0,0.0,0.0,0.0,0.0,0.0,0.0,0.0,0.0,0.0,0.0,0.0,0.0,0.0,0.0,0.0,0.0,0.0,0.0,0.0,0.0,0.0,0.0,0.0,0.0,0.0,0.0,0.0,0.0,0.0,0.0,0.0,0.0,0.0,0.0,0.0,0.0,0.0,0.0,0.0,0.0,0.0,0.0,0.0,0.0,0.0,0.0,0.0,0.0,0.0,0.0,0.0,0.0,0.0,0.0,0.0,0.0,0.0,0.0,0.0,0.0,0.0,0.0,0.0,0.0,0.0,0.0,0.0,0.0,0.0,0.0,0.0,0.0,0.0,0.0
2026-09-23 00:30:00+01:00,0.0,0.0,0.0,0.0,0.0,0.0,0.0,0.0,0.0,0.0,0.0,0.0,0.0,0.0,0.0,0.0,0.0,0.0,0.0,0.0,0.0,0.0,0.0,0.0,0.0,0.0,0.0,0.0,0.0,0.0,0.0,0.0,0.0,0.0,0.0,0.0,0.0,0.0,0.0,0.0,0.0,0.0,0.0,0.0,0.0,0.0,0.0,0.0,0.0,0.0,0.0,0.0,0.0,0.0,0.0,0.0,0.0,0.0,0.0,0.0,0.0,0.0,0.0,0.0,0.0,0.0,0.0,0.0,0.0,0.0,0.0,0.0,0.0,0.0,0.0,0.0,0.0,0.0,0.0,0.0,0.0,0.0,0.0,0.0,0.0,0.0,0.0,0.0,0.0,0.0,0.0,0.0,0.0,0.0,0.0,0.0,0.0,0.0,0.0,0.0,0.0,0.0,0.0,0.0,0.0,0.0,0.0,0.0,0.0,0.0,0.0,0.0,0.0,0.0,0.0,0.0,0.0,0.0,0.0,0.0,0.0,0.0,0.0,0.0,0.0,0.0,0.0,0.0,0.0,0.0,0.0,0.0,0.0,0.0,0.0,0.0,0.0,0.0,0.0,0.0,0.0,0.0,0.0,0.0,0.0,0.0,0.0,0.0,0.0,0.0,0.0,0.0,0.0,0.0,0.0,0.0,0.0,0.0,0.0,0.0,0.0,0.0,0.0,0.0,0.0,0.0,0.0,0.0,0.0,0.0,0.0,0.0,0.0,0.0,0.0,0.0,0.0,0.0,0.0,0.0,0.0,0.0,0.0,0.0,0.0,0.0,0.0,0.0,0.0,0.0,0.0,0.0,0.0,0.0,0.0,0.0,0.0,0.0,0.0,0.0,0.0,0.0,0.0,0.0,0.0,0.0,0.0,0.0,0.0,0.0,0.0,0.0,0.0,0.0,0.0,0.0,0.0,0.0,0.0,0.0,0.0,0.0,0.0,0.0,0.0,0.0,0.0,0.0,0.0,0.0,0.0,0.0,0.0,0.0,0.0,0.0,0.0,0.0,0.0,0.0,0.0,0.0,0.0,0.0,0.0,0.0,0.0,0.0,0.0,0.0,0.0,0.0,0.0,0.0,0.0,0.0,0.0,0.0,0.0,0.0,0.0,0.0,0.0,0.0,0.0,0.0
2026-09-23 01:30:00+01:00,0.0,0.0,0.0,0.0,0.0,0.0,0.0,0.0,0.0,0.0,0.0,0.0,0.0,0.0,0.0,0.0,0.0,0.0,0.0,0.0,0.0,0.0,0.0,0.0,0.0,0.0,0.0,0.0,0.0,0.0,0.0,0.0,0.0,0.0,0.0,0.0,0.0,0.0,0.0,0.0,0.0,0.0,0.0,0.0,0.0,0.0,0.0,0.0,0.0,0.0,0.0,0.0,0.0,0.0,0.0,0.0,0.0,0.0,0.0,0.0,0.0,0.0,0.0,0.0,0.0,0.0,0.0,0.0,0.0,0.0,0.0,0.0,0.0,0.0,0.0,0.0,0.0,0.0,0.0,0.0,0.0,0.0,0.0,0.0,0.0,0.0,0.0,0.0,0.0,0.0,0.0,0.0,0.0,0.0,0.0,0.0,0.0,0.0,0.0,0.0,0.0,0.0,0.0,0.0,0.0,0.0,0.0,0.0,0.0,0.0,0.0,0.0,0.0,0.0,0.0,0.0,0.0,0.0,0.0,0.0,0.0,0.0,0.0,0.0,0.0,0.0,0.0,0.0,0.0,0.0,0.0,0.0,0.0,0.0,0.0,0.0,0.0,0.0,0.0,0.0,0.0,0.0,0.0,0.0,0.0,0.0,0.0,0.0,0.0,0.0,0.0,0.0,0.0,0.0,0.0,0.0,0.0,0.0,0.0,0.0,0.0,0.0,0.0,0.0,0.0,0.0,0.0,0.0,0.0,0.0,0.0,0.0,0.0,0.0,0.0,0.0,0.0,0.0,0.0,0.0,0.0,0.0,0.0,0.0,0.0,0.0,0.0,0.0,0.0,0.0,0.0,0.0,0.0,0.0,0.0,0.0,0.0,0.0,0.0,0.0,0.0,0.0,0.0,0.0,0.0,0.0,0.0,0.0,0.0,0.0,0.0,0.0,0.0,0.0,0.0,0.0,0.0,0.0,0.0,0.0,0.0,0.0,0.0,0.0,0.0,0.0,0.0,0.0,0.0,0.0,0.0,0.0,0.0,0.0,0.0,0.0,0.0,0.0,0.0,0.0,0.0,0.0,0.0,0.0,0.0,0.0,0.0,0.0,0.0,0.0,0.0,0.0,0.0,0.0,0.0,0.0,0.0,0.0,0.0,0.0,0.0,0.0,0.0,0.0,0.0,0.0
2026-09-23 02:30:00+01:00,0.0,0.0,0.0,0.0,0.0,0.0,0.0,0.0,0.0,0.0,0.0,0.0,0.0,0.0,0.0,0.0,0.0,0.0,0.0,0.0,0.0,0.0,0.0,0.0,0.0,0.0,0.0,0.0,0.0,0.0,0.0,0.0,0.0,0.0,0.0,0.0,0.0,0.0,0.0,0.0,0.0,0.0,0.0,0.0,0.0,0.0,0.0,0.0,0.0,0.0,0.0,0.0,0.0,0.0,0.0,0.0,0.0,0.0,0.0,0.0,0.0,0.0,0.0,0.0,0.0,0.0,0.0,0.0,0.0,0.0,0.0,0.0,0.0,0.0,0.0,0.0,0.0,0.0,0.0,0.0,0.0,0.0,0.0,0.0,0.0,0.0,0.0,0.0,0.0,0.0,0.0,0.0,0.0,0.0,0.0,0.0,0.0,0.0,0.0,0.0,0.0,0.0,0.0,0.0,0.0,0.0,0.0,0.0,0.0,0.0,0.0,0.0,0.0,0.0,0.0,0.0,0.0,0.0,0.0,0.0,0.0,0.0,0.0,0.0,0.0,0.0,0.0,0.0,0.0,0.0,0.0,0.0,0.0,0.0,0.0,0.0,0.0,0.0,0.0,0.0,0.0,0.0,0.0,0.0,0.0,0.0,0.0,0.0,0.0,0.0,0.0,0.0,0.0,0.0,0.0,0.0,0.0,0.0,0.0,0.0,0.0,0.0,0.0,0.0,0.0,0.0,0.0,0.0,0.0,0.0,0.0,0.0,0.0,0.0,0.0,0.0,0.0,0.0,0.0,0.0,0.0,0.0,0.0,0.0,0.0,0.0,0.0,0.0,0.0,0.0,0.0,0.0,0.0,0.0,0.0,0.0,0.0,0.0,0.0,0.0,0.0,0.0,0.0,0.0,0.0,0.0,0.0,0.0,0.0,0.0,0.0,0.0,0.0,0.0,0.0,0.0,0.0,0.0,0.0,0.0,0.0,0.0,0.0,0.0,0.0,0.0,0.0,0.0,0.0,0.0,0.0,0.0,0.0,0.0,0.0,0.0,0.0,0.0,0.0,0.0,0.0,0.0,0.0,0.0,0.0,0.0,0.0,0.0,0.0,0.0,0.0,0.0,0.0,0.0,0.0,0.0,0.0,0.0,0.0,0.0,0.0,0.0,0.0,0.0,0.0,0.0
2026-09-23 03:30:00+01:00,0.0,0.0,0.0,0.0,0.0,0.0,0.0,0.0,0.0,0.0,0.0,0.0,0.0,0.0,0.0,0.0,0.0,0.0,0.0,0.0,0.0,0.0,0.0,0.0,0.0,0.0,0.0,0.0,0.0,0.0,0.0,0.0,0.0,0.0,0.0,0.0,0.0,0.0,0.0,0.0,0.0,0.0,0.0,0.0,0.0,0.0,0.0,0.0,0.0,0.0,0.0,0.0,0.0,0.0,0.0,0.0,0.0,0.0,0.0,0.0,0.0,0.0,0.0,0.0,0.0,0.0,0.0,0.0,0.0,0.0,0.0,0.0,0.0,0.0,0.0,0.0,0.0,0.0,0.0,0.0,0.0,0.0,0.0,0.0,0.0,0.0,0.0,0.0,0.0,0.0,0.0,0.0,0.0,0.0,0.0,0.0,0.0,0.0,0.0,0.0,0.0,0.0,0.0,0.0,0.0,0.0,0.0,0.0,0.0,0.0,0.0,0.0,0.0,0.0,0.0,0.0,0.0,0.0,0.0,0.0,0.0,0.0,0.0,0.0,0.0,0.0,0.0,0.0,0.0,0.0,0.0,0.0,0.0,0.0,0.0,0.0,0.0,0.0,0.0,0.0,0.0,0.0,0.0,0.0,0.0,0.0,0.0,0.0,0.0,0.0,0.0,0.0,0.0,0.0,0.0,0.0,0.0,0.0,0.0,0.0,0.0,0.0,0.0,0.0,0.0,0.0,0.0,0.0,0.0,0.0,0.0,0.0,0.0,0.0,0.0,0.0,0.0,0.0,0.0,0.0,0.0,0.0,0.0,0.0,0.0,0.0,0.0,0.0,0.0,0.0,0.0,0.0,0.0,0.0,0.0,0.0,0.0,0.0,0.0,0.0,0.0,0.0,0.0,0.0,0.0,0.0,0.0,0.0,0.0,0.0,0.0,0.0,0.0,0.0,0.0,0.0,0.0,0.0,0.0,0.0,0.0,0.0,0.0,0.0,0.0,0.0,0.0,0.0,0.0,0.0,0.0,0.0,0.0,0.0,0.0,0.0,0.0,0.0,0.0,0.0,0.0,0.0,0.0,0.0,0.0,0.0,0.0,0.0,0.0,0.0,0.0,0.0,0.0,0.0,0.0,0.0,0.0,0.0,0.0,0.0,0.0,0.0,0.0,0.0,0.0,0.0
2026-09-23 04:30:00+01:00,0.0,0.0,0.0,0.0,0.0,0.0,0.0,0.0,0.0,0.0,0.0,0.0,0.0,0.0,0.0,0.0,0.0,0.0,0.0,0.0,0.0,0.0,0.0,0.0,0.0,0.0,0.0,0.0,0.0,0.0,0.0,0.0,0.0,0.0,0.0,0.0,0.0,0.0,0.0,0.0,0.0,0.0,0.0,0.0,0.0,0.0,0.0,0.0,0.0,0.0,0.0,0.0,0.0,0.0,0.0,0.0,0.0,0.0,0.0,0.0,0.0,0.0,0.0,0.0,0.0,0.0,0.0,0.0,0.0,0.0,0.0,0.0,0.0,0.0,0.0,0.0,0.0,0.0,0.0,0.0,0.0,0.0,0.0,0.0,0.0,0.0,0.0,0.0,0.0,0.0,0.0,0.0,0.0,0.0,0.0,0.0,0.0,0.0,0.0,0.0,0.0,0.0,0.0,0.0,0.0,0.0,0.0,0.0,0.0,0.0,0.0,0.0,0.0,0.0,0.0,0.0,0.0,0.0,0.0,0.0,0.0,0.0,0.0,0.0,0.0,0.0,0.0,0.0,0.0,0.0,0.0,0.0,0.0,0.0,0.0,0.0,0.0,0.0,0.0,0.0,0.0,0.0,0.0,0.0,0.0,0.0,0.0,0.0,0.0,0.0,0.0,0.0,0.0,0.0,0.0,0.0,0.0,0.0,0.0,0.0,0.0,0.0,0.0,0.0,0.0,0.0,0.0,0.0,0.0,0.0,0.0,0.0,0.0,0.0,0.0,0.0,0.0,0.0,0.0,0.0,0.0,0.0,0.0,0.0,0.0,0.0,0.0,0.0,0.0,0.0,0.0,0.0,0.0,0.0,0.0,0.0,0.0,0.0,0.0,0.0,0.0,0.0,0.0,0.0,0.0,0.0,0.0,0.0,0.0,0.0,0.0,0.0,0.0,0.0,0.0,0.0,0.0,0.0,0.0,0.0,0.0,0.0,0.0,0.0,0.0,0.0,0.0,0.0,0.0,0.0,0.0,0.0,0.0,0.0,0.0,0.0,0.0,0.0,0.0,0.0,0.0,0.0,0.0,0.0,0.0,0.0,0.0,0.0,0.0,0.0,0.0,0.0,0.0,0.0,0.0,0.0,0.0,0.0,0.0,0.0,0.0,0.0,0.0,0.0,0.0,0.0
2026-09-23 05:30:00+01:00,0.0,0.0,0.0,0.0,0.0,0.0,0.0,0.0,0.0,0.0,0.0,0.0,0.0,0.0,0.0,0.0,0.0,0.0,0.0,0.0,0.0,0.0,0.0,0.0,0.0,0.0,0.0,0.0,0.0,0.0,0.0,0.0,0.0,0.0,0.0,0.0,0.0,0.0,0.0,0.0,0.0,0.0,0.0,0.0,0.0,0.0,0.0,0.0,0.0,0.0,0.0,0.0,0.0,0.0,0.0,0.0,0.0,0.0,0.0,0.0,0.0,0.0,0.0,0.0,0.0,0.0,0.0,0.0,0.0,0.0,0.0,0.0,0.0,0.0,0.0,0.0,0.0,0.0,0.0,0.0,0.0,0.0,0.0,0.0,0.0,0.0,0.0,0.0,0.0,0.0,0.0,0.0,0.0,0.0,0.0,0.0,0.0,0.0,0.0,0.0,0.0,0.0,0.0,0.0,0.0,0.0,0.0,0.0,0.0,0.0,0.0,0.0,0.0,0.0,0.0,0.0,0.0,0.0,0.0,0.0,0.0,0.0,0.0,0.0,0.0,0.0,0.0,0.0,0.0,0.0,0.0,0.0,0.0,0.0,0.0,0.0,0.0,0.0,0.0,0.0,0.0,0.0,0.0,0.0,0.0,0.0,0.0,0.0,0.0,0.0,0.0,0.0,0.0,0.0,0.0,0.0,0.0,0.0,0.0,0.0,0.0,0.0,0.0,0.0,0.0,0.0,0.0,0.0,0.0,0.0,0.0,0.0,0.0,0.0,0.0,0.0,0.0,0.0,0.0,0.0,0.0,0.0,0.0,0.0,0.0,0.0,0.0,0.0,0.0,0.0,0.0,0.0,0.0,0.0,0.0,0.0,0.0,0.0,0.0,0.0,0.0,0.0,0.0,0.0,0.0,0.0,0.0,0.0,0.0,0.0,0.0,0.0,0.0,0.0,0.0,0.0,0.0,0.0,0.0,0.0,0.0,0.0,0.0,0.0,0.0,0.0,0.0,0.0,0.0,0.0,0.0,0.0,0.0,0.0,0.0,0.0,0.0,0.0,0.0,0.0,0.0,0.0,0.0,0.0,0.0,0.0,0.0,0.0,0.0,0.0,0.0,0.0,0.0,0.0,0.0,0.0,0.0,0.0,0.0,0.0,0.0,0.0,0.0,0.0,0.0,0.0
2026-09-23 06:30:00+01:00,0.4670143485285546,0.17866771366752807,0.14665317511922057,0.126090969647608,0.10309791365067336,0.09519920502771909,0.05689370826334544,0.05634752347812603,0.039333843034971734,0.03922977177872094,0.037956459715578275,0.01724377857745068,0.017016022245992756,0.013614156852520282,0.009996333099334483,0.00948791145940185,0.007547048769154223,0.007209947076967314,0.0014979872340650552,0.00010560576117019192,6.873237025024419e-05,0.2714761061278064,0.16291920264381202,0.10056191782666725,0.08311075090153913,0.04775047226015488,0.046223216870835505,0.013452302365338679,0.26840108942862745,0.23263037434775477,0.17555966084417673,0.09038541853945073,0.08340703062556774,0.07115070723373987,0.023931464085755787,0.017622661216448985,0.015325848507999786,0.009828000280631811,0.00939584668255954,0.00564043618776754,0.1787067776738633,0.10839140831378127,0.07467873164968687,0.05464750525115887,0.02936049435739044,0.02887902300105496,0.010892150486899803,0.0067338621491385645,0.17566788652631127,0.13843491611454906,0.12696110645214229,0.1152135251876399,0.09596587960278827,0.08119565496002804,0.07991702312818506,0.07894312259950848,0.07826276208008451,0.06140529825506896,0.04484409484245303,0.0417651257122161,0.04143866326226889,0.02968460691042888,0.02334702535800705,0.012401546745440488,0.06858423986273003,0.04824357815466917,0.04399229013298816,0.03234178644785357,0.014883022241140367,0.00880998920709723,0.1648615181280289,0.10485711010642589,0.06556976058221012,0.062293274907109515,0.04589260120010997,0.037775692893423495,0.034067522794775214,0.024001705336331232,0.020594795169991714,0.016073485207544577,0.015274986770077813,0.0028986687208675845,0.002873111093424417,0.0010621116427918771,0.07969637285906783,0.07459362586798772,0.059621469590690465,0.05516523255715804,0.05009790570523278,0.020984228904518898,0.011070528894647056,0.0018977961454753585,0.0006672161298560628,0.18808803051960926,0.07897644094535483,0.07060552071353929,0.043792076965646576,0.01413695782577097,0.01386745499248894,0.007497595201415211,0.0013722218061913275,0.0010100979216918413,0.06643436322432124,0.04818562693542686,0.024287473950816162,0.019521920006079205,0.018360643884931815,0.017952291636618944,0.00741281327224687,0.004153580713152718,0.0033587923282365033,0.001231218408508808,0.00024791078121593304,0.06394162973152268,0.04900343403637662,0.047207700374446535,0.03468454145194115,0.023042215156375428,0.017311787439338193,0.012752656343410934,0.007893514682264674,0.0070498646086613725,0.0032275058938034994,0.0017400877680547656,0.1385118542612344,0.11497402547453195,0.10705002136056409,0.07441199606675743,0.07032847284640027,0.05630512602550286,0.03924439494054934,0.03699260212738782,0.02360878705762364,0.02143557828425626,0.008715604341173265,0.008505188872682338,0.008342280319036704,0.08076832992632473,0.055163548496138685,0.05210302562793482,0.03988120371890117,0.03950027197988134,0.034817304516874176,0.03376399698982737,0.013593597301731807,0.010938381734059538,0.010934654587142913,0.003985336899082365,0.0022502501861582785,0.0016662551765885074,0.14597566253075417,0.10149270549383764,0.09491106003004139,0.08530178408574407,0.0526099082546349,0.019780013367484528,0.014228222983424754,0.012785128513616583,0.009778286652921441,0.005930439535227747,0.002253233741019473,0.0011445948041946034,0.3525632640857802,0.1610526939146128,0.14469471292255365,0.10248027974670387,0.10243976106718856,0.0936891852511049,0.06531494189462897,0.04336999065980745,0.03749513235864834,0.02894115151866339,0.02070344888401299,0.017797462375657824,0.01635204758694345,0.009065493664400539,0.006999574192760245,0.002848476143757717,0.1915747966942917,0.14980701475324515,0.07812142989052476,0.07756243933824246,0.0686896314997216,0.05254486272203649,0.04470434026166723,0.038258794749115296,0.029020474187947336,0.021756759709432246,0.014701937453705521,0.007778398846206048,0.005822096439082159,0.23569635847427028,0.14193361494297146,0.07836216397489427,0.056610478130943484,0.04442753923439665,0.03949299996373647,0.026202257451890587,0.011100464273803002,0.0033218335209729915,0.0028110776989440254,0.0012833588446630538,0.17656364298596103,0.16254718515673497,0.1458656052168419,0.1257724574168441,0.12340487217772021,0.11182483774458257,0.10695043160044426,0.09232762120770537,0.08063569306307937,0.05237836241723141,0.04377536326516169,0.042106667241834005,0.041083407139957506,0.03967079549131809,0.03958663252936421,0.03321802425188794,0.13586517362826195,0.0439897856203791,0.04367341237209615,0.03244233255106556,0.027491751451919587,0.016008629231942975,0.01459105131761254,0.012848016211763123,0.008725539555492975,0.007932312812730314,0.0025189494191957384,0.03506178152708067,0.013162808913229022,0.010258526927175616,0.009701317747130114,0.005523096142197532,0.03097538801612135,0.027098273011037812,0.02286109607477676,0.020039750527471006,0.019632877228856094,0.011410118092464765,0.08689411993649233,0.08559627122953847,0.058417518491485236,0.0537067069007941,0.03317699860529257,0.027677171266241196,0.019123949546809134,0.017349895374354194,0.016183555530399782,0.0023703307531036427,0.3835353491300755,0.22614616642535126,0.05947087276905502,0.02965368797002059,0.029177130257698344,0.024511277733419316,0.023717247832396267,0.0029134515125963443,0.0014887029761325797,0.152275553952539,0.05386575410473845,0.0509552216439583,0.026969340794600987,0.010531698292303741,0.0073764446016679,0.0016876408662586987
2026-09-23 07:30:00+01:00,3.6170642782821325,1.383796037156752,1.1358408209334778,0.9765848598941569,0.7985017629677079,0.7373256194623439,0.4406464179671115,0.4364161721894756,0.3046438273633764,0.30383778698246156,0.29397588104057704,0.1335544736722151,0.13179048228037746,0.10544275692028368,0.07742241642325323,0.07348464929061554,0.058452509211698846,0.05584162906893772,0.011602033493684135,0.0008179252468645295,0.0005323378221185834,2.1227789470482454,1.2739296226657777,0.7863333723253952,0.6498758023444611,0.3733798111048038,0.36143759772383377,0.10518886784468778,2.2937631531442624,1.9880656301245356,1.500337729925493,0.7724362932678972,0.7127987966419063,0.6080559170617895,0.20451895570751363,0.15060375144037594,0.130975126342283,0.08399036293330443,0.08029716630035827,0.0482033240725838,1.2633529554394836,0.7662642000482504,0.5279351883915844,0.38632607092519666,0.20756161463146605,0.2041578922382619,0.0770011674309823,0.04760448796834023,1.6007936562504914,1.261503965817607,1.1569475663310378,1.049896391888372,0.8745000257154724,0.7399046686637788,0.7282529902291571,0.7193782105585371,0.7131783477094212,0.5595627854961467,0.4086469300883982,0.38058947263879117,0.3776145463206493,0.2705043669059384,0.21275243201505278,0.11301050949242002,0.5280391492522573,0.37143369988007424,0.3387024701589639,0.24900369874191963,0.11458636004778137,0.06782927411819556,1.0978147494380393,0.698244704800591,0.43662979148578496,0.4148116356099272,0.30559936035790375,0.2515487743867342,0.2268560269588001,0.15982763248260012,0.13714097841628625,0.10703352326291933,0.10171631296419163,0.01930226842283401,0.01913207988710815,0.007072613671440838,0.9146712989702007,0.8561073260915218,0.6842726347592405,0.6331286244391215,0.5749711667320648,0.24083494921313073,0.12705590833174085,0.021780911769124264,0.007657606266078359,1.5404548518793904,0.6468228802350837,0.5782644257168882,0.35866034244307166,0.11578272797775292,0.11357547988239226,0.06140585806306039,0.011238597870169896,0.008272776529398888,0.5668803225222766,0.4111649816806378,0.20724351673246172,0.16657933894742064,0.15667024145414551,0.15318579691383039,0.06325307829593714,0.035442247957489584,0.02866036770589534,0.010505910716027161,0.002115407400503063,0.343623587857776,0.2633454275662642,0.25369511920940363,0.186395414489132,0.12382932179661223,0.09303388945690093,0.06853302841731836,0.04241990464297834,0.03788611239518509,0.017344680761462134,0.009351266218221384,0.918496490129263,0.7624130036929659,0.7098675374202913,0.49343904588791343,0.4663604845238764,0.37336920299379805,0.26023649168798546,0.2453044571237351,0.15655402322272857,0.142143093260796,0.05779470673769947,0.056399404723235645,0.05531912942453562,1.164066057184679,0.795039521762933,0.7509300200391336,0.574784146350279,0.5692940030242771,0.5018011691925087,0.4866204722394981,0.19591645919158457,0.15764841131124527,0.15759469415230756,0.057438298091581276,0.03243152191297949,0.024014748050928354,1.3321465237702999,0.9262033990301227,0.8661405366784101,0.77844808628485,0.48010815763566733,0.18050869296156258,0.12984409495524452,0.11667468542424078,0.08923481042858414,0.05412007915784713,0.020562588607595148,0.010445357555490798,3.013810707329587,1.376724074253065,1.2368914164405742,0.8760304769461218,0.8756841117895399,0.8008817095647984,0.5583306353288948,0.37073897238343523,0.32051901853206194,0.2473971658833232,0.1769789489755457,0.15213775266728471,0.13978193738387495,0.07749440924835375,0.059834344067554564,0.024349581411695766,1.0500924404596952,0.8211477523906678,0.42821250175643005,0.42514846742953094,0.37651332023033834,0.2880178608121005,0.2450410522393811,0.20971062916619107,0.15907197130919487,0.1192568609963381,0.08058676635258798,0.04263628602626499,0.03191306770933744,1.4577089935842575,0.8778154585569485,0.4846457192735861,0.3501182777568865,0.2747705731391995,0.24425197573447427,0.16205284878850013,0.06865293426520971,0.02054451171862545,0.017385645115353676,0.007937177061076474,1.339013619888174,1.23271637987589,1.1062075337566113,0.953826227415065,0.9358710650281791,0.8480510384218056,0.8110847858825625,0.7001891227336289,0.6115205227679332,0.3972241367362834,0.33198118613957583,0.31932622125041876,0.31156607771277245,0.3008531913837831,0.30021492095369606,0.2519170206665382,1.5215545315326304,0.49264175553163053,0.4890986904714281,0.3633217901860774,0.3078802159844716,0.17928069203469332,0.16340523225534204,0.14388497630526273,0.09771734651480891,0.08883399758327422,0.028209722926976048,0.5644655931042438,0.2119103028003575,0.1651537724017693,0.1561831668991771,0.08891726557788719,0.5267466687368955,0.46081505192632705,0.38876046346200505,0.34078255378657146,0.333863539421623,0.1940328137930774,0.6268257413030159,0.617463485509067,0.4214048586978073,0.38742260570264553,0.23932800930800383,0.19965405494424399,0.1379539128778937,0.12515646671498287,0.11674287281665816,0.0170987902579994,2.0741648934664245,1.2230018439119061,0.3216193677093047,0.16036758720866812,0.15779035598643143,0.13255735588382797,0.12826323032590953,0.01575598927178554,0.008050927918109454,0.8210566957086849,0.2904395152676813,0.2747461744590454,0.14541636699714866,0.056786011776879364,0.03977315513566469,0.009099614463561147
2026-09-23 08:30:00+01:00,7.044264034845472,2.694954777174867,2.2120598442920345,1.901907479729456,1.5550891048321558,1.4359480350776395,0.8581627185357676,0.8499242782158433,0.5932964944578509,0.5917267238292214,0.5725205765239157,0.26009849513338373,0.2566631066074158,0.2053506830852542,0.15078082708559817,0.14311199146202713,0.11383676835900752,0.10875205664974277,0.022595060795946663,0.0015929165080849294,0.0010367325229063591,4.3802931258795805,2.6287170299934437,1.6225762320829893,1.340999972532808,0.7704584701100379,0.7458160572704022,0.21705419463474152,3.8877644148002504,3.3696289874090133,2.5429650958473067,1.3092242455593535,1.208142956127848,1.0306112700960626,0.34664499560987244,0.25526258226909915,0.22199346725030827,0.14235765525775804,0.1360979512308858,0.08170118512348827,2.5032998208976918,1.5183318537247703,1.0460893425357154,0.765494694092619,0.41127774348019386,0.4045333593232506,0.15257573729412507,0.09432700948059068,2.707891155670723,2.1339511301427243,1.9570842689248833,1.7759972641472372,1.4792980194682854,1.2516174714279376,1.231907575115796,1.2168950609889673,1.2064074171193533,0.9465524253991586,0.6912642384967135,0.6438024431667914,0.6387700789803057,0.45758326181190084,0.3598904997852195,0.19116777353375553,1.1069651852416258,0.7786622923223929,0.710045539525327,0.5220037678911187,0.24021535421393514,0.1421952237734244,2.3167743887053,1.4735413693058637,0.921442091006535,0.8753981252392302,0.6449218974734434,0.530856192547708,0.47874582979562225,0.3372923944888119,0.28941559274866596,0.2258782964569926,0.21465711670352483,0.040734560315233606,0.04037540277884347,0.014925696911604397,1.6294688506641624,1.5251382898557195,1.2190181816762173,1.1279061375916293,1.0242997755311152,0.42904270456054533,0.22634759082580327,0.038802264055744384,0.013641874294376334,3.27882362632325,1.3767480034704034,1.2308228696151546,0.7634005003085961,0.2464409414858576,0.24174286338548615,0.13070099261018672,0.023921103678242905,0.017608419426763753,1.353566529312246,0.9817577628236053,0.49484499024042083,0.39774924038808546,0.37408882712323444,0.3657688567244912,0.1510323189141618,0.08462710496880584,0.06843369385600268,0.025085451973151526,0.005051056703538781,0.9171179840695007,0.7028586982319047,0.6771024007638851,0.4974821077964695,0.33049564112521546,0.24830383059783578,0.18291198592072,0.11321707474485404,0.10111655966552528,0.04629227799363145,0.02495816563705187,1.9559625840242565,1.6235786688603677,1.5116817078006732,1.0507915072354368,0.9931269941682096,0.7950995991068506,0.5541804962888904,0.5223823335034015,0.3333859357034964,0.30269747895983773,0.1230753575527389,0.12010402498583836,0.1178035501474364,2.1740802965242807,1.4848639804885713,1.4024824025743878,1.0735016965935091,1.0632479722825177,0.9371942665803543,0.9088418771868626,0.36590544932077873,0.29443372452510064,0.2943333991044676,0.1072752455722395,0.06057107527714635,0.04485139845911261,2.5535120980120736,1.7753839704881653,1.660253057394421,1.4921606373875582,0.9202906489649444,0.3460063311723017,0.2488903896136394,0.2236467351349133,0.17104887782786685,0.10373954697100776,0.039415197832241705,0.02002208196326506,4.937837459964559,2.255629289971325,2.026526999574089,1.4352912392988344,1.4347237534773667,1.312167249546189,0.9147707649547918,0.6074199621268699,0.5251394231527664,0.4053363372214424,0.28996289705630734,0.2492629986244148,0.22901918987874792,0.1269670971682889,0.09803278779607467,0.039894434954630145,2.2412274798123746,1.7525875215695068,0.9139401343710101,0.907400521601749,0.8035978236794283,0.6147206850153794,0.522994661042053,0.4475884282056688,0.3395096085160105,0.25453164285627133,0.17199750069581776,0.09099924177853669,0.06811252186899758,2.777673542158151,1.6726828090260557,0.9234954285604022,0.6671525531032333,0.5235770339152196,0.4654236569874661,0.30879270999376884,0.13081859269531446,0.03914769469664076,0.03312845476210453,0.015124340193420347,2.625478566705217,2.4170556491134763,2.1690027099562825,1.8702201973484698,1.8350145106337836,1.662820894259836,1.5903391044619841,1.3728998025657106,1.1990423411538285,0.7788594840926198,0.6509339978421003,0.6261207034996098,0.6109049579462913,0.5898996051802307,0.5886481128062433,0.4939477302728762,2.877438092099344,0.9316433448478126,0.9249429932299554,0.6870841216043034,0.5822376016882791,0.33904081762941074,0.3090184610513108,0.27210336739264984,0.1847949641590301,0.16799550934405177,0.053347894955750604,1.037989760498907,0.3896795963086669,0.30369951110402704,0.2872035602951241,0.16350901158357056,0.9384586567794202,0.8209940381616858,0.6926206542973502,0.6071425918027938,0.594815586597925,0.3456913628709359,1.3005845669601481,1.2811590638335033,0.8743620747372027,0.8038531742823994,0.4965755150709648,0.41425705021576437,0.2862370164757146,0.2596839254341979,0.24222677641207213,0.03547783898761777,3.881906310536453,2.2889108723390885,0.6019271934619231,0.30013619011284787,0.2953127692860726,0.24808791139718894,0.24005123448976093,0.029488144542197173,0.015067725805903532,1.425306231448637,0.5041859510233198,0.47694323250740844,0.2524342778262853,0.09857718336349683,0.06904386281181947,0.0157963966026721
2026-09-23 09:30:00+01:00,9.875276496094246,3.77802754658609,3.1010624360803396,2.6662632376371667,2.180062361421424,2.0130398023511904,1.203048903655485,1.191499524521855,0.8317358489052222,0.8295352046766015,0.8026103174028709,0.3646292278305455,0.35981319433185416,0.2878788705388432,0.21137798787985407,0.20062713132319426,0.15958651711607694,0.15245831553482844,0.0316757679300883,0.0022330921831888286,0.0014533839540298043,6.149721733491444,3.6905927950435022,2.27801930873832,1.8826997277814488,1.0816867872140035,1.0470900199542448,0.30473369241075937,5.151626438532088,4.465051872355356,3.369650221129554,1.7348361468906872,1.6008946351329556,1.3656496897456167,0.45933480880950206,0.33824515255588805,0.2941606777186508,0.18863629127357576,0.18034163827468064,0.10826118571878329,3.5579063450888806,2.1579846294163505,1.4867927038811497,1.0879873063975707,0.5845435216774308,0.5749578192436328,0.21685384199432964,0.13406570908629828,3.428412206097467,2.7017570800347293,2.4778291335278837,2.2485581392912137,1.872912571016789,1.5846503310970514,1.559695986475056,1.5406889128085806,1.5274106958534823,1.1984129724541437,0.8751971983577708,0.815106674375059,0.8087352887429796,0.5793379238366169,0.45565087789377884,0.24203407394093204,1.6015559714441596,1.126567719232397,1.0272930792993793,0.7552344578929897,0.34754330136401385,0.2057278880866133,3.5392712339670465,2.25108780806194,1.4076612303575977,1.337321155669076,0.9852290887757866,0.8109741115997672,0.7313665724370467,0.5152721279508099,0.44213208116881136,0.34506793623287324,0.3279256547460618,0.06222904494061239,0.061680370048829564,0.02280156841498641,2.1209367698315345,1.985138824049644,1.5866891125635496,1.4680965513159077,1.3332412315636724,0.5584472802653017,0.2946168182040152,0.05050550586161674,0.01775643197387249,4.8192347549972645,2.023552524732097,1.8090708822744213,1.1220506627845017,0.36222038316671695,0.35531511961998863,0.1921051077718306,0.03515938255982173,0.0258809611473938,2.100516461376171,1.523529355400535,0.7679194375156972,0.617242528418276,0.5805253915287911,0.5676141423199307,0.23437774590969437,0.1313275876848897,0.10619803116020389,0.03892856661980213,0.00783842354503149,1.443974171216714,1.106629489216255,1.0660769878630851,0.7832703390168316,0.5203552626532667,0.3909467748156972,0.28798931856455606,0.17825681592990372,0.15920492562083202,0.07288577359804786,0.03929586723502781,3.0556750498500764,2.5364129510587308,2.3616034966975556,1.6415842600871866,1.5514986851991677,1.2421331711458095,0.8657606896239561,0.8160844568328461,0.5208274912928816,0.47288488116530564,0.19227274713585094,0.1876308246043858,0.1840369401283085,2.982635985715063,2.037095294583964,1.9240754308559969,1.4727444961921692,1.458677339994462,1.2857433782815122,1.2468465366969448,0.5019882486668795,0.4039356888430698,0.40379805169584004,0.14717166073935234,0.08309788240291659,0.061531947678134136,3.6303468599024677,2.5240763994815474,2.3603939367460205,2.1214157115712142,1.3083839588104795,0.4919197362940395,0.3538492905896956,0.31796020205134445,0.24318144292156046,0.14748727405172524,0.05603687556213672,0.02846554063348145,6.454376073472809,2.9483918492367462,2.6489262727557508,1.876106596968063,1.8753648214564524,1.7151680201167119,1.1957207149704367,0.7939744679505041,0.6864234304016269,0.5298256935111756,0.37901806208269206,0.3258181637949371,0.29935695362684667,0.16596200274425055,0.12814121264561898,0.05214705597817111,3.402750550374306,2.6608714230556494,1.387592434615548,1.3776636473102537,1.2200648802653822,0.9333015805417769,0.794038261057129,0.6795525149216497,0.515461512783135,0.38644345369590066,0.2611357371919671,0.13815988017043346,0.10341204690945346,4.04133095050706,2.433642652349247,1.343624656190947,0.9706627581119793,0.7617698912494403,0.6771605811603814,0.4492729319152352,0.19033238411112385,0.056957301791344776,0.04819970653158319,0.022004912817140374,3.6115352029810177,3.324834441627935,2.9836197262119413,2.5726228222561107,2.5241948600066344,2.287330116508256,2.1876261849090297,1.8885227363916455,1.6493692539932405,1.0713774169202555,0.8954066804567693,0.8612742037508964,0.840343847890337,0.8114494695748197,0.8097279515162703,0.679460742485413,4.050807131848406,1.3115512427567906,1.3021186046770934,0.9672650360807198,0.8196639350209046,0.47729574645302747,0.4350307967829081,0.3830623721360181,0.2601511256837929,0.23650114636276784,0.07510223554390659,1.500690689546616,0.56338565594869,0.4390785401530485,0.41522924920990756,0.23639583036204,1.2673985621169161,1.1087613247061257,0.9353916818897946,0.819952634345685,0.8033048805432171,0.4668599229958844,1.9791096840430151,1.9495497443574255,1.330523591800674,1.2232296477955686,0.7556428360768858,0.6303781857733166,0.43556910148698164,0.3951630556545527,0.3685983757689349,0.05398690442208257,5.475205788630273,3.2283772598720635,0.8489837183940835,0.42332484970669143,0.4165216917942815,0.3499137433802133,0.33857847240639627,0.04159133342687304,0.02125216142647605,1.9380800923051942,0.6855739019011443,0.6485302341959249,0.34325104154867536,0.13404170445402053,0.09388335857862302,0.021479371317054012
2026-09-23 10:30:00+01:00,11.793125203287138,4.511747280795557,3.703310746425205,3.184070461096763,2.603445927755551,2.403986403592584,1.436689529867626,1.422897179425894,0.9932648474279223,0.9906368224884404,0.9584829312197674,0.4354428089465917,0.4296914675987565,0.34378698814035374,0.25242909170917455,0.23959034259005726,0.19057935014283167,0.18206680127848537,0.03782742663028659,0.0026667745168698254,0.001735641421797252,7.2934947473271485,4.376997908471406,2.7017030335061865,2.2328588463745573,1.2828672975288353,1.2418359547756583,0.36141043143908824,6.256749146202233,5.422891163294127,4.092504842035855,2.106991784123221,1.9443172483566067,1.6586077488883146,0.5578709378738889,0.41080522718648876,0.357263786713322,0.22910239483610595,0.2190283796317604,0.13148528710203752,4.322351388939215,2.6216451349660885,1.8062421787903582,1.3217502061140673,0.7101374397629756,0.6984921713916267,0.26344664930115824,0.16287081437041204,3.693157508454382,2.9103893716175797,2.6691694927699614,2.422193970885506,2.0175406889601457,1.7070185604161918,1.68013721719691,1.659662398941321,1.6453588252463633,1.290955579838561,0.942780771444188,0.8780499991528585,0.8711866089675934,0.6240749579482591,0.49083667883762044,0.26072417893245137,2.135905652645693,1.5024403782946651,1.3700433416765219,1.0072139696946494,0.46349906912911465,0.2743677816485096,4.800292433052815,3.0531369473667724,1.9092025181730694,1.8138006950442958,1.3362603279130212,1.0999193432684897,0.9919481134318786,0.6988605091994836,0.5996611006457548,0.46801358067468063,0.4447636066922772,0.08440088193232452,0.08365671745406862,0.030925631037752345,2.3562264039434315,2.2053634880829156,1.7627110977800453,1.63096227428958,1.4811465562388764,0.6203995544270833,0.32730062299464086,0.05610841782195773,0.019726271170256028,6.521922253076744,2.73849540689731,2.4482350921511444,1.518483236182983,0.49019674234448807,0.48085177488008557,0.25997790956492206,0.04758157076360764,0.03502498322232034,2.724574242116255,1.9761658216726075,0.9960662332086244,0.8006236204239743,0.7529979211005775,0.7362507745416984,0.3040107426782321,0.1703446601180602,0.13774918006259496,0.050494138867795864,0.01016719805928042,1.9324990821477919,1.4810240479482466,1.4267518364323275,1.0482661264973852,0.6964016999146803,0.5232117710688517,0.385421778926575,0.23856460872902036,0.21306708857293732,0.09754446678306962,0.05259043331772701,4.117182092781805,3.4175341983799057,3.181997911502772,2.21185211423415,2.090471826835756,1.6736362229821267,1.1665161870301186,1.0995829913375814,0.7017570866001389,0.6371597545284057,0.2590661305679508,0.25281165651202453,0.2479692971095881,3.5802829102199256,2.4452791103638023,2.309612844497431,1.767846286335594,1.7509604178718392,1.5433747417508346,1.4966839293775736,0.6025743524992644,0.48487447027366315,0.48470925402588827,0.1766612433891976,0.09974865510492416,0.07386143725204022,4.660665332881195,3.2404273824466685,3.03029066297833,2.7234887037254283,1.6797127090742197,0.6315300851355246,0.4542742568020911,0.40819958756679636,0.3121980803385254,0.1893452200962669,0.07194054270132319,0.03654426519887752,7.944055490019781,3.6288849905915574,3.2603023220524165,2.3091147373269427,2.3082017589447887,2.1110313020826683,1.471694800885744,0.977224933790389,0.8448509598273609,0.6521102367414946,0.46649598390764613,0.40101747146113803,0.36844897537174265,0.20426627516387708,0.15771639151908026,0.06418267259547288,4.724029261675457,3.6940805028121106,1.92639077339427,1.912606665194507,1.6938127289060976,1.295700025957624,1.1023611412570788,0.9434208937184341,0.7156138052456326,0.536498387471143,0.3625340281344884,0.19180698292530082,0.14356666125769205,5.435058563229348,3.2729292650064665,1.8069984326525987,1.3054137362401381,1.0244803064510433,0.91069191323104,0.6042129995630975,0.2559720217898086,0.076600079189418,0.06482226547092214,0.029593713384178107,4.184438502230099,3.8522579648690667,3.456915842345756,2.9807218770230306,2.924611713773344,2.650172757260512,2.534652639980982,2.1881019584057704,1.9110111968746957,1.2413316392653504,1.0374463983528952,0.9978994351704136,0.9736488652587565,0.9401709279478714,0.9381763228722978,0.7872446291712796,5.171912753393227,1.6745375374234015,1.6624943125561962,1.2349663198441432,1.0465149835698817,0.609392616797914,0.5554303754209298,0.48907911517656427,0.33215082351246455,0.3019554511615518,0.09588760885799898,1.9494236245145293,0.7318478851566667,0.5703707533830978,0.5393901045949553,0.3070823452524491,1.5598851847022992,1.364638098445651,1.1512587043151907,1.0091789628805548,0.988689287973818,0.574600523450299,2.9155494997036993,2.8720029150669486,1.960077010231087,1.8020156317802085,1.1131844336075538,0.928649290624952,0.6416639189660789,0.5821392611557629,0.5430051799197587,0.07953146480330861,7.1586453312075085,4.220993455031623,1.110017333882425,0.5534828417280453,0.5445879441648755,0.4575003172621859,0.4426798360296462,0.054379253739330995,0.02778647817943862,2.4686354039765765,0.8732518397949768,0.826067355545165,0.4372170567063741,0.17073602816433667,0.11958421313525386,0.027359414452975343
2026-09-23 11:30:00+01:00,12.979314554205361,4.9655529079097525,4.0758013029849005,3.5043342086972302,2.8653086470909033,2.645786861277786,1.581196248106289,1.5660166199976029,1.0931705267411558,1.090278166848604,1.0548901368121297,0.4792410061167867,0.4729111769005791,0.3783661567056693,0.27781919783336984,0.2636890872454569,0.20974841616625786,0.20037964856107734,0.04163222729745661,0.0029350070234092592,0.0019102176546498134,8.043216116964206,4.826923353065756,2.979419624633526,2.4623814621444025,1.414737280395194,1.3694881962776002,0.3985609516007612,6.735785285565575,5.8380845466869715,4.405839718350117,2.2683096164913787,2.0931802132264146,1.785595907463899,0.6005832688460081,0.4422577507675477,0.38461701138677074,0.2466431854570309,0.23579787237281005,0.14155220889235295,4.808219893521441,2.916340009735131,2.009278930630562,1.4703260016218678,0.7899628368346756,0.7770085427456295,0.29306025958298343,0.1811788582792767,3.7699964381923525,2.97094221939727,2.724703578885752,2.472589544839377,2.059517145931618,1.7425343701061298,1.7150937402498279,1.6941929279450445,1.6795917576023314,1.3178148851530451,0.9623960370507794,0.8963184921799993,0.8893123039811096,0.6370593085304475,0.5010489064481907,0.26614874228240853,2.310085892208939,1.6249623748522861,1.4817685375762828,1.0893509172304887,0.5012967961954996,0.2967421060372195,5.539423121634513,3.523247309540326,2.2031742275178128,2.093082796161093,1.5420125878157858,1.2692807213329798,1.1446844940469123,0.8064683803013414,0.6919946258251946,0.5400765237086883,0.5132466075625964,0.09739660726563887,0.09653785918421663,0.035687441548788335,2.496543918353218,2.3366968448859744,1.8676837096857133,1.7280890071202761,1.5693514939733078,0.6573454622025218,0.3467919629637201,0.059449774880458744,0.020901006049107763,7.246483815142687,3.042732169118121,2.7202250015427887,1.6871811358030913,0.5446557965267428,0.5342726375659193,0.28886049861573976,0.05286770817835015,0.03891612996865357,3.0868703801422814,2.2389434822053262,1.1285166336900285,0.9070853351419117,0.8531266805006031,0.8341526074636535,0.3444361112691049,0.1929959835946388,0.15606616889023886,0.05720852059466081,0.011519165839964532,2.218500404786196,1.700209061015222,1.63790480207457,1.2034048799513237,0.7994660734521158,0.6006448006252556,0.44246249866866944,0.27387111638095785,0.24460007593914487,0.11198061672680462,0.060373585002477165,4.624539523234742,3.838674514815008,3.574113258287414,2.484417082197836,2.3480791880348404,1.8798772282303178,1.3102651497662983,1.2350838238202788,0.788234114877269,0.7156764993700547,0.29099066617515124,0.2839654577153683,0.27852637779671835,3.8347416093238382,2.619070555613286,2.4737621853684866,1.8934910684707036,1.8754050836389764,1.6530658300988308,1.6030565974569673,0.6454006569269575,0.5193355813166887,0.5191586227813533,0.18921695233794478,0.10683801470355006,0.07911093448686768,5.104638307416497,3.549109100827232,3.3189548478657143,2.982927065964319,1.839721419107775,0.6916893693536044,0.4975482270707431,0.44708450466597777,0.3419379351601588,0.20738216430401868,0.07879356784935404,0.040025456179934846,8.434665212926538,3.852998009682538,3.4616523781822996,2.451721261521433,2.4507518993348545,2.2414045709329953,1.5625838662218259,1.037576482767709,0.8970273445239608,0.692383321811751,0.49530588656877106,0.42578354601858387,0.3912036816976874,0.21688137091481266,0.16745665519652303,0.06814647210027738,5.391009943460037,4.215643811558189,2.1983758438183116,2.1826455719993993,1.9329603518699117,1.4786385385770415,1.2580023417748976,1.0766214892369652,0.8166505595243109,0.6122460258600124,0.41371982311186567,0.21888800743978215,0.1638366859131341,6.0631611909597405,3.6511653866251463,2.015824234739159,1.4562738950533305,1.1428743890637616,1.0159360384044336,0.6740388842926545,0.2855534324850618,0.08545236853708649,0.07231345159229699,0.033013711333539295,4.426244544674566,4.074868298958987,3.656680551148553,3.1529687771331543,3.0936161772915356,2.8033182237038052,2.681122548313624,2.314545751221725,2.021442752825885,1.3130644394706554,1.0973972872715119,1.0555650247226382,1.0299130877376603,0.9945005617057235,0.9923906944368337,0.8327371147494799,5.6614921062291765,1.8330512330253586,1.8198679823074317,1.3518696862527915,1.145579324524419,0.6670784396608747,0.6080080689571556,0.5353759202679931,0.3635926116811592,0.3305389098186936,0.10496444285116448,2.103837887118713,0.7898177128040774,0.615549942855872,0.5821153102452999,0.3314064035559535,1.6744342662863927,1.4648493463019772,1.2358005850499365,1.0832873168066275,1.0612929969006686,0.6167959124984569,3.345327802668391,3.295362058539753,2.249010047115844,2.0676489953094683,1.2772778632719062,1.0655405751717306,0.7362509702903459,0.6679518408338201,0.6230490429207705,0.0912551203196824,7.953906555672877,4.689907930913687,1.2333302937063784,0.6149698161580205,0.6050867753358541,0.5083244949754083,0.4918575913393485,0.06042030060132978,0.030873306432296514,2.698420410184812,0.9545356855607023,0.902959184981217,0.4779140036624884,0.1866284435564655,0.13071532594090654,0.029906077767373095
2026-09-23 12:30:00+01:00,13.421386662885464,5.134678360228115,4.214622044946798,3.6236909287065058,2.962900321161889,2.735901679899253,1.6350513848100168,1.619354742480051,1.1304036331494463,1.1274127602243746,1.0908194230050807,0.4955638312748671,0.48901840970688254,0.3912532104903291,0.28728164811185697,0.2726702695989397,0.21689239316440267,0.2072045277491137,0.04305021022972731,0.0030349726062149436,0.0019752791756648346,8.356955484414598,5.015205733832365,3.0956369703828552,2.5584308522292165,1.4699215217490378,1.4229074199044152,0.4141075015165237,6.781973448848643,5.8781170582458815,4.436051139243575,2.283863713081656,2.107533424525559,1.7978399728304506,0.6047015471031822,0.4452903701785952,0.3872543806867463,0.248334450133617,0.23741476931492225,0.14252285095711853,5.016450828525311,3.042638769039916,2.0962953399616993,1.534001824454087,0.82417398020481,0.8106586708481152,0.30575190289731374,0.18902522219313608,3.619131797639749,2.8520534784182914,2.615668614853243,2.373643474456568,1.9771010696761515,1.6728030518657686,1.6464605187391794,1.6263960980828538,1.6123792254580602,1.265079644623531,0.9238836579068529,0.860450350297026,0.8537245300193262,0.6115659890624272,0.48099834024478444,0.255498219133051,2.269629413626469,1.5965044479253054,1.4558183608721127,1.070273140858465,0.4925175974794937,0.2915452686824265,5.876849369553462,3.737861014621936,2.33737751850666,2.2205800208692037,1.6359421379377739,1.3465971894833435,1.2144113564649035,0.855593278987553,0.7341465151185645,0.5729745332996868,0.5445103101619883,0.10332938600957109,0.10241832848424842,0.037861292369572225,2.501997879542892,2.341801603432521,1.8717638600056532,1.731864198218598,1.57277990637902,0.6587815020865811,0.34754956626202005,0.059579649128834386,0.020946666481908068,7.330523984320904,3.078019866266128,2.7517724630654046,1.706748003225177,0.5509723724622818,0.5404687961434773,0.29221052130147906,0.05348083466185775,0.039367454808363116,3.251686121291037,2.3584862825067883,1.188770963310357,0.9555168931231998,0.8986772507626444,0.8786901044426981,0.3628264179442418,0.20330052254758876,0.1643989325395846,0.06026302679695827,0.012134202955725018,2.357094603617824,1.8064245533132228,1.7402280215413153,1.2785840121467036,0.8494103329636853,0.6381682938576416,0.4701040241710885,0.29098039789204255,0.2598807364636167,0.11897627191192,0.06414524473531275,4.732821600209566,3.9285558202306334,3.657799948606781,2.542588893765346,2.403058692503196,1.9238939372902655,1.3409445787324894,1.2640029066844947,0.8066903582875581,0.7324338299982196,0.2978041172345322,0.290614415821584,0.2850479816296136,3.8136260594103604,2.6046489541918216,2.4601407072557975,1.883064784449427,1.8650783879483763,1.6439634191408545,1.5942295564079874,0.641846834747023,0.5164759215256679,0.516299937391522,0.18817505162894954,0.10624972384540082,0.07867531950780422,5.141172927114137,3.57451057757354,3.3427090780105293,3.004276297658652,1.8528885659943723,0.6966398881830224,0.5011092502348827,0.4502843518181153,0.34438523341498756,0.20886642784016632,0.07935750457956543,0.0403119240414548,8.285978619582108,3.7850772168875157,3.400630240793164,2.408502227570085,2.4075499533363294,2.201893007457078,1.5350385794773769,1.0192860457838446,0.8812145129975048,0.6801779627595724,0.4865746159044076,0.41827781776957274,0.3843075285882214,0.21305817800944726,0.16450472302547903,0.06694518354533831,5.6465729058307685,4.415488076747985,2.302590721724821,2.2861147501377577,2.0245931032189093,1.5487339843576045,1.3176384412266022,1.1276591575082273,0.8553642028680659,0.6412697912971931,0.4333323752486372,0.2292644801592583,0.17160342892345964,6.192992304264628,3.729348178089211,2.058989292764234,1.487457242339813,1.1673468795067057,1.037690384488663,0.6884721503732232,0.29166801840483664,0.08728216916291372,0.07386190719680005,0.03372063743392904,4.384243555042428,4.03620154671575,3.6219820159983387,3.1230500034227955,3.064260605163337,2.7767173121497812,2.655681161327968,2.292582840876625,2.0022611203502114,1.3006046656484225,1.0869839963609398,1.0455486835078798,1.0201401598111817,0.98506366608015,0.9829738195110636,0.8248352054514563,5.738750370221907,1.858065549642961,1.8447023966934075,1.3703176683650289,1.1612122121480444,0.676181573822004,0.6163051127434604,0.5426818059616084,0.3685542955362267,0.33504953385127767,0.1063968162402791,2.067160389615055,0.7760483357208509,0.6048186827950539,0.5719669366614383,0.3256287922611181,1.6623589292215497,1.4542854502076612,1.2268884952116745,1.075475090461355,1.0536393846208891,0.6123478319176917,3.4813111930875436,3.4293144039635517,2.340429492184757,2.1516963404918044,1.329197610633137,1.1088534666394816,0.7661786512367731,0.6951032476050328,0.6483752071269192,0.094964526807226,8.14872488378231,4.804779788621913,1.2635387634872086,0.6300325266114418,0.6199074163764485,0.5207750974001439,0.5039048630720446,0.061900200052578055,0.03162949911575976,2.7250149414714335,0.9639432000673475,0.9118583825283778,0.4826241292139944,0.18846777739873954,0.13200360289443666,0.030200819875697896
2026-09-23 13:30:00+01:00,13.54831609485569,5.183238305931478,4.254480786489028,3.6579610859390885,2.9909212152912157,2.761775790740296,1.6505144773152025,1.6346693878877179,1.1410941448422143,1.1380749864790571,1.1011355768587658,0.5002505031656823,0.4936431798983802,0.39495339058434237,0.28999854296975897,0.2752489809724127,0.21894359912057632,0.20916411312352085,0.04345734690404493,0.0030636751060853433,0.0019939598880269246,8.513799879460993,5.1093317478841485,3.1537362756631637,2.6064478052971474,1.497509194349947,1.4496127259094724,0.42187952335876794,6.513263835633259,5.645219278113145,4.26028967470523,2.193374397603282,2.024030518533071,1.7266074787244108,0.5807425740906256,0.42764745192748654,0.3719109153023507,0.2384951526862364,0.22800812222091704,0.13687593115657834,5.036739004959821,3.054944200565676,2.1047734475261435,1.5402058321737309,0.8275072107486132,0.8139372410373832,0.3069884641162326,0.1897897023384651,3.230932850290446,2.546133655650868,2.3351041425776433,2.119039345707372,1.765031270352457,1.4933731719480239,1.469856218049283,1.4519439674197683,1.4394305866549901,1.1293834020395606,0.8247851217036228,0.7681558612017456,0.7621514726092822,0.5459675841235692,0.4294050135022877,0.22809271271249018,1.9355304616836801,1.3614923091058753,1.2415158030773226,0.9127244536117726,0.4200169451071939,0.24862858451986025,5.862537012822977,3.7287579056453137,2.3316851179098372,2.2151720664690244,1.6319579984786448,1.3433177146940114,1.2114538043041618,0.853509584910159,0.7323585899641009,0.5715791230377609,0.5431842210771054,0.10307773977188246,0.1021689010171092,0.03776908576555786,2.4048182878958015,2.2508441628204405,1.7990630599520723,1.6645972125240107,1.5116918813641522,0.6331939035195004,0.3340504641234375,0.05726552807375385,0.020133081261983134,6.823407637947182,2.8650863581041985,2.561408336229958,1.5886773423246139,0.5128568029513503,0.503079850712631,0.2719957682700019,0.04978109839024238,0.036644064244312026,3.2407453091138927,2.350550782437971,1.1847711554119065,0.9523019054307227,0.8956535090355177,0.8757336126301347,0.36160563108365207,0.20261648578950664,0.16384578633298688,0.06006026231329711,0.012093375510976067,2.4125696656009143,1.848939399305834,1.7811849085544798,1.3086759427868906,0.8694015080306143,0.6531878122100478,0.48116809000848143,0.2978287253135,0.26599712226391603,0.12177642089563083,0.06565492594291052,4.571137901548561,3.7943476270921095,3.5328413774604295,2.455728409419143,2.3209648697640946,1.8581694469357595,1.2951349333447801,1.2208217597209245,0.7791320237844516,0.7074122634440707,0.287630467091281,0.2806863818487505,0.27531010941324074,3.5523498215411906,2.426201233015318,2.291593424798855,1.754053687168186,1.7372995609362725,1.5313334521078332,1.4850069178196312,0.5978731142882149,0.48109151738534606,0.4809275901418806,0.17528294611453252,0.09897042385937735,0.07328517606586114,4.80693605320505,3.342125233189923,3.1253935649046687,2.808962906663216,1.7324289567223923,0.6513500794627836,0.4685312390183937,0.42101055841425356,0.3219961316537891,0.19528764671462231,0.07419833086027397,0.037691173550488614,7.745074900722391,3.5379896444012497,3.178639136523985,2.251276645464941,2.2503865351225087,2.058154751428992,1.4348321808909508,0.9527476635288704,0.8236893576625584,0.6357763529516975,0.45481131656117246,0.390972892481279,0.35922016342076946,0.19914986782549005,0.1537659532869014,0.06257504208083546,5.653690521849325,4.4210538861670665,2.305493182541045,2.28899644266829,2.027145142578509,1.5506861939543606,1.3192993503536685,1.1290805940179134,0.8564424062409023,0.6420781244604893,0.43387859921614214,0.22955347253811917,0.17181973841506004,5.889639103393027,3.5466723969149,1.9581332022294096,1.4145966777767496,1.110166376927689,0.9868608849216199,0.6547485123860013,0.2773811563149135,0.08300680047299082,0.07024390722686613,0.032068889329225435,4.06171473897356,3.7392765949118427,3.3555293071612335,2.893301448744683,2.8388369185679334,2.572446875071627,2.4603148022135466,2.1239279702873057,1.854963895526891,1.20492510822448,1.0070195379473819,0.9686324322092229,0.9450930977952527,0.9125970218382073,0.9106609157562154,0.7641558387770825,5.562656646793244,1.801050753754827,1.788097649545474,1.3282694305196263,1.1255803813597542,0.6554329223967694,0.5973937722826065,0.5260295988287381,0.35724519616794514,0.3247685290779984,0.10313202681331164,1.8489405068648648,0.6941247570376212,0.5409709703931926,0.5115872203693282,0.29125377364897265,1.559863510940787,1.36461913753687,1.1512427081977579,1.009164940884334,0.9886755506705555,0.5745925396866014,3.3703457905278054,3.3200063782704414,2.2658292377522784,2.0831118798198958,1.286829968166065,1.0735092056754727,0.7417570130229934,0.6729471094682793,0.6277085065999884,0.09193757047910957,7.846268908234512,4.626440922236544,1.2166400333418859,0.6066476283382952,0.5968983315142747,0.5014455038291741,0.4852014414794147,0.059602652195640676,0.030455507951794372,2.6167015621203378,0.9256285677646613,0.8756140077184761,0.4634408764560037,0.1809765957695391,0.12675674861176028,0.02900040338985498
2026-09-23 14:30:00+01:00,11.973347855387601,4.5806958458735725,3.7599047766562133,3.232729456323377,2.6432318133127968,2.4407241467947123,1.458645032998004,1.444641907724965,1.0084439303220585,1.0057757438803272,0.9731304765378909,0.44209725011580414,0.43625801671450765,0.3490407441797635,0.2562867155019295,0.24325176449603375,0.1934917855936781,0.18484914787620577,0.03840550572568581,0.0027075281905313453,0.001762165510598118,7.570091902052057,4.542990372943083,2.8041619229505534,2.31753737500939,1.3315185212122616,1.2889311133554207,0.37511649423711624,5.465174002598805,4.736811898963084,3.5747399401141267,1.8404248681232496,1.6983311669084313,1.4487683200844688,0.48729167099889414,0.35883203805830294,0.31206441453718814,0.20011741288228124,0.1913179157776238,0.11485037293375752,4.566869426427475,2.7699531890111517,1.90842239345697,1.3965224162762846,0.7503103450853249,0.7380062968249849,0.2783499859051233,0.17208451504173614,2.7130446128626984,2.1380123073344035,1.9608088462513658,1.7793772101449492,1.482113309514763,1.2539994567770256,1.2342520500550989,1.219210965227142,1.2087033620531764,0.9483538336256451,0.6925798012193791,0.6450276801280339,0.6399857387200432,0.45845410026734396,0.36057541663668075,0.1915315898324012,1.6807182215757452,1.182252089413745,1.0780704690078475,0.7925644420644494,0.3647217891875313,0.215896675706986,5.332297069522925,3.391508626682221,2.120794750478494,2.0148197772885412,1.4843547825520467,1.2218207062631299,1.1018832898494384,0.7763135053086264,0.6661200696155732,0.5198823779036783,0.49405566633102316,0.09375482466318585,0.0929281862610493,0.03435304287303192,2.060150174099388,1.9282442325247495,1.5412141927027094,1.4260205248968425,1.2950301934463373,0.542442036947322,0.28617302408492823,0.04905800501636453,0.017247528046422128,5.992709620193303,2.516283870453488,2.249576339599515,1.395267950838135,0.4504203852245254,0.4418337026099175,0.23888235082110543,0.04372062802871695,0.0321829279403767,2.954250749410018,2.142752900394505,1.0800327516981032,0.8681146925898175,0.8164742359847383,0.7983153363272201,0.3296382790759501,0.18470439602368574,0.14936117802921395,0.05475070023239044,0.011024273819273536,2.2056532361277945,1.6903632784702736,1.628419818797911,1.1964360529798597,0.7948364256683467,0.5971665118492984,0.4399002316827583,0.2722851493848644,0.24318361533239063,0.111332145414175,0.06002396612146826,3.947871986348965,3.27699558098914,3.051145208628607,2.1208945348909296,2.0045057462689195,1.6048115947151986,1.1185457608184723,1.0543650463694687,0.6728988616431778,0.6109579535337262,0.24841260270565318,0.24241533021240413,0.23777210224679438,3.032609255706321,2.071226282623311,1.9563128012391822,1.4974199372077133,1.4831170895618895,1.3072856654697795,1.267737117684515,0.5103989278121774,0.4107035235149298,0.4105635802940282,0.14963748264065496,0.08449016524698855,0.06256289904100056,4.168862632002579,2.898491022535773,2.7105283487898753,2.4361007441448708,1.5024660740938538,0.5648897710660847,0.4063383312468482,0.36512555299783434,0.27925431627197134,0.1693651348528938,0.06434923316155151,0.032688041453388834,6.2430621007978875,2.851862550731004,2.562201370511588,1.814683535520446,1.813966045474759,1.6590140303259016,1.1565732448487973,0.7679800267969064,0.6639501718923393,0.512479389105202,0.36660914579047016,0.31515099321525447,0.289556113638805,0.160528465913772,0.12394591500580261,0.050439779947674825,4.945117432600048,3.866966286615503,2.0165473302198076,2.0021181152476473,1.773084455938081,1.3563397749807526,1.1539524830796384,0.9875737107842358,0.7491050768966532,0.5616069210173384,0.37950089703778367,0.20078369595490614,0.15028569045607512,5.0954910769758515,3.0684456609616553,1.694102148592088,1.2238550822203242,0.9604735991946833,0.8537943913129854,0.5664634358672429,0.2399795950331877,0.07181431726347573,0.06077234889998839,0.02774477969820859,3.5093276267717566,3.230740586666929,2.8991823544553124,2.49981679147275,2.452759355706911,2.2225979585589752,2.1257156794190353,1.8350769520771666,1.6026915880561676,1.041057100812476,0.8700663912480342,0.8368998743121911,0.8165618540711045,0.7884851957022915,0.7868123971434218,0.6602317908857007,4.733030086659392,1.5324381759273833,1.521416925501322,1.1301684747095622,0.9577089056899473,0.5576802485696011,0.5082971819636776,0.447576414619273,0.30396488029728785,0.27633185309260655,0.08775069482078536,1.5760440462597145,0.5916746302159791,0.46112574954248975,0.43607892726240427,0.24826584425287157,1.3052251058241089,1.1418532106869559,0.9633092094899915,0.8444247894261668,0.8272801698344686,0.4807937381430657,2.9669600702496837,2.9226456184367002,1.9946395094856146,1.833790997546428,1.1328134767297815,0.9450243821378914,0.6529785298743042,0.5924042597628101,0.5525801180615865,0.08093386184109223,6.894440475513749,4.065208817705161,1.0690498105665984,0.533055393857393,0.524488781188691,0.4406153062426895,0.4263418060273942,0.052372273057622765,0.02676095978622636,2.1914415411112715,0.7751976474516749,0.7333113329661968,0.3881235839870673,0.151564716312892,0.10615654782539367,0.024287327839562643
2026-09-23 15:30:00+01:00,9.240247609696214,3.5350817792813936,2.9016488575123143,2.4948093876806214,2.0398736209644603,1.883591434554341,1.125686937550245,1.114880240342809,0.7782511398829987,0.776192007910203,0.7509985234167988,0.34118177371733815,0.3366754348779041,0.2693668421770947,0.19778534282272683,0.18772581926010531,0.14932431855500936,0.14265449542158978,0.0296388601389594,0.002089493364170909,0.001359924211996116,5.901428651988417,3.5415862712745034,2.1860449953625323,1.8066863181974075,1.0380140232650577,1.0048140896061084,0.2924301653886504,3.8677586168640605,3.35228942938811,2.529879414607818,1.3024871923546608,1.2019260506573641,1.0253079135598975,0.3448612173255294,0.25394904289358944,0.2208511252832753,0.14162510611591328,0.13539761349913199,0.08128076422696856,3.697203222977631,2.242472665990034,1.5450026626689335,1.1305834908567172,0.6074291964710228,0.5974682007349594,0.22534396517862498,0.13931456414214893,2.01428184632117,1.5873529530097972,1.455789427267323,1.3210867212281876,1.1003851242963916,0.931023518414366,0.9163621882308101,0.905195035293372,0.8973937355206666,0.7040989675969983,0.5142012461243373,0.4788964915271411,0.47515313581519253,0.34037618370219935,0.2677068089914653,0.14220134920279048,1.3394334692185321,0.9421853094028257,0.8591586916999184,0.6316271975788733,0.29066179275014714,0.17205693948140738,4.344309624070036,2.7631175410732207,1.7278461655560469,1.641506621840253,1.2093281156880822,0.9954373103938604,0.8977223358493694,0.6324753081901248,0.5426989140865787,0.42355667515602863,0.4025152308815811,0.07638358886927463,0.07571011304465239,0.027987985819918973,1.5294705089758103,1.431542576277753,1.1442086530338709,1.0586880342242007,0.9614398571576442,0.4027129229559121,0.21245693945280628,0.03642102058628717,0.012804690566437892,4.740561932278924,1.9905185271924628,1.7795382448243562,1.1037334615353394,0.35630722445198637,0.3495146876352169,0.18896903911044216,0.03458541428235881,0.025458460818681274,2.431191360983365,1.763371758880497,0.8888095555300788,0.7144122554216444,0.6719149041048756,0.6569710947545222,0.27127478481605555,0.1520019016795082,0.12291631161080074,0.04505691652591112,0.009072391460300198,1.7983713783989903,1.3782315775232277,1.3277262020049274,0.9755098029557049,0.6480670012029452,0.4868975528236284,0.3586710608228723,0.2220067104820562,0.19827888008231875,0.09077426157889774,0.04894032340294169,3.0150185657427166,2.5026653728142834,2.3301817998662515,1.6197425906385972,1.5308556257742185,1.2256062935465726,0.8542415375072413,0.8052262588215373,0.5138977575100097,0.46659303522551854,0.1897145124542572,0.1851343518073345,0.18158828481993047,2.284741218184074,1.560443717300955,1.4738689081825946,1.1281430487727766,1.1173674087880567,0.9848975558654184,0.9551020267927911,0.38453007616961776,0.30942043287058485,0.30931500087521724,0.11273556714604853,0.06365414954391084,0.04713433947980577,3.2043273270013333,2.2278771958763044,2.0834027947970593,1.8724685543409056,1.154845703514744,0.43419318167868626,0.3123252392216482,0.28064771870293426,0.21464421253513663,0.13017971033257536,0.049460974009616236,0.025125122543299336,4.169257520599943,1.9045380608712779,1.7110957989560376,1.2118865479506544,1.2114073919338413,1.1079269453099123,0.7723856693006868,0.5128743636851428,0.4434008828955868,0.342245281671354,0.24482984688111495,0.210464933292801,0.19337209608566772,0.10720452607636698,0.08277387441325301,0.0336848214047675,3.7727036824334914,2.950166128145899,1.538453968427124,1.5274457055896784,1.352712518429732,1.0347717993443974,0.8803675224308728,0.7534346810023534,0.5715034113258036,0.42845827786302654,0.28952688207213634,0.15318086970149125,0.11465518979649093,3.8620672967807006,2.3256921580523873,1.284024720413504,0.92760650889947,0.7279796237171628,0.6471233777180242,0.4293442726983071,0.1818897004962301,0.05443081382226857,0.04606168427920968,0.02102882817575864,2.6865948794588146,2.4733202596372053,2.2194931042280754,1.913755484190549,1.8777302738327277,1.7015283067352431,1.6273592741655776,1.4048583851940404,1.226953841805965,0.796989900552521,0.6660865442382384,0.6406956420353319,0.6251257019074286,0.6036313831580116,0.6023507583430638,0.5054459250591968,3.4923792255116757,1.1307460869675519,1.1226137942665972,0.8339217858616442,0.7066683763000954,0.4114976830745893,0.375059208619779,0.3302549410474172,0.22428774248182495,0.2038980537664207,0.06474894475742211,1.20019427399627,0.450574021036629,0.35115800570838457,0.3320842667772284,0.18906022671656,0.9391714507394313,0.8216176134117827,0.6931467252280148,0.6076037389925781,0.5952673709726384,0.34595392821007187,2.3106486439874105,2.276136845524919,1.5534118992874708,1.4281441547949076,0.8822275534284678,0.7359786634871015,0.5085353084916915,0.46136047236999334,0.4303456973675947,0.0630307498880652,5.365480705214447,3.163679424244987,0.8319697808516969,0.41484126822332235,0.408174448030123,0.34290134673925654,0.33179323865230775,0.040757828220709676,0.020826260505979313,1.5636381285222143,0.5531192942894997,0.5232325566494194,0.27693407426835737,0.1081445089542808,0.07574485682511266,0.017329502584221994
2026-09-23 16:30:00+01:00,5.5085075344761965,2.1074137229533916,1.7297972163904296,1.4872627758048207,1.2160560717735347,1.1228895639365375,0.6710702179073773,0.6646278826470648,0.46394885168029903,0.4627213148798,0.44770239926048266,0.20339307457256525,0.2007066528987697,0.16058111669145728,0.1179083177386593,0.11191140470358066,0.08901862467166456,0.08504245730732773,0.017668994521036614,0.0012456365268497254,0.0008107090940113337,3.581779085248619,2.149509954810779,1.3267855472867116,1.0965397787100124,0.6300062472962105,0.6098560709535381,0.17748587876800756,1.9561377079194309,1.695436662488152,1.2794988026982717,0.6587392242985493,0.6078799384145189,0.5185544576638722,0.17441523580818014,0.12843596198797086,0.11169652938510592,0.07162758535486079,0.06847800071419552,0.0411081413249606,2.4246418303619546,1.4706232526281728,1.013219414244344,0.7414415327811218,0.39835468864506685,0.3918222246507655,0.14778154492456674,0.09136309243116268,1.1734975404988723,0.9247736555153413,0.8481262517966779,0.7696499975802341,0.6410717742016867,0.5424036417749959,0.5338621186796716,0.5273562632402293,0.522811315316142,0.4101999967144265,0.29956775847949185,0.27899961268430795,0.2768187765072819,0.19829926737831285,0.15596292172321716,0.08284487786546264,0.9091731068955429,0.6395312381740608,0.5831748981939785,0.42873235201263843,0.19729377475139426,0.11678784040129706,2.8686409160721618,1.8245458358498343,1.140933919564607,1.0839220651595134,0.7985453187770658,0.6573086278563596,0.5927853322472717,0.41763702509301,0.3583557445885199,0.2796835662670256,0.26578944885778283,0.05043772366794428,0.04999301312157977,0.018481067932319344,0.8639066721035381,0.8085930233952608,0.6462952268994662,0.5979897298280833,0.5430600345350615,0.2274685121695491,0.12000425405448575,0.02057206236057699,0.007232606022573452,3.0280782467564307,1.271462315662561,1.1366966881568208,0.7050200657299819,0.22759457020880017,0.2232557738236923,0.12070574012429701,0.022091756660823636,0.01626182982148916,1.6539605762858143,1.199637106864527,0.6046648520823392,0.4860208557194344,0.45710953890475414,0.4469431357488057,0.1845505897342005,0.10340821250561331,0.08362103323059551,0.030652611233660802,0.006172026623975523,1.1719758064717578,0.8981760296978349,0.8652623173716777,0.6357273596390993,0.42233704089459045,0.317304956581107,0.2337413789026096,0.14467895601796235,0.12921583004599876,0.05915643437092343,0.031893787722652424,1.7479612762631407,1.4509237882740527,1.350926192992115,0.9390480569903097,0.8875157134376516,0.7105469815029379,0.4952477391363314,0.46683106201820856,0.2979329514890343,0.270507971862979,0.10998725682257733,0.10733190221187926,0.10527606486233695,1.3263033675173164,0.9058451524424478,0.8555880555064922,0.6548925159313326,0.6486372046141728,0.5717378119707196,0.5544413627135933,0.2232215757637568,0.17962006323897778,0.17955885945388947,0.06544354395795396,0.03695154279382287,0.027361712862806246,1.9482884905328266,1.3545892963152155,1.266746269035375,1.1384944673305248,0.7021669020950569,0.2639972425426502,0.18989934759502042,0.1706388469229547,0.13050753127429,0.07915159890335023,0.030073159374656638,0.015276525173271287,1.9987541663740875,0.9130410787474504,0.820304296467742,0.5809819314160583,0.5807522226297297,0.5311433959247611,0.3702839335144346,0.24587345976523614,0.212567671265836,0.1640733821987703,0.11737213978472164,0.10089750038613533,0.09270314457719132,0.051394161212297694,0.03968203583802806,0.01614860123023964,2.200254991944898,1.7205479934042494,0.8972321467149551,0.8908120863816963,0.7889070337539932,0.6034828093264787,0.5134336536934841,0.43940594266617555,0.33330294121377907,0.24987848080879788,0.16885316770241468,0.08933565994076946,0.06686733836975975,2.26832731534122,1.3659604154444784,0.7541526656760144,0.5448157736088393,0.42756791598787847,0.38007821233391076,0.2521689205826856,0.1068301881634094,0.031969122312348726,0.02705363956973208,0.01235096690325719,1.6838484733110244,1.550176610192255,1.3910880660323555,1.1994641525535807,1.1768850149524754,1.0664487837365262,1.0199626487355749,0.8805081351170052,0.7690047982836341,0.499520875867969,0.41747597272071996,0.4015619872377408,0.3918033816085976,0.37833161625692796,0.3775289726741454,0.3167929618862561,2.0007402607384557,0.6477902526570519,0.6431313641548947,0.4777433329955325,0.40484145052922377,0.2357418620846654,0.21486671704054514,0.18919891403390313,0.1284916348990651,0.11681063793893201,0.037093858441883426,0.7404707415745497,0.27798572841071256,0.21665011617738775,0.20488239996930624,0.11664242140810177,0.5060319214352621,0.4426931198477952,0.37347213751816555,0.3273809987213602,0.3207340803043367,0.18640231331817814,1.388958628731458,1.3682131725184365,0.9337745343083026,0.8584745898241333,0.5303175694962086,0.4424056066995123,0.30568667658846244,0.27732931647630243,0.2586859630310086,0.03788854015527232,3.4488993026280945,2.0335944455849626,0.5347852605635981,0.26665751668555987,0.26237212404725885,0.22041496011530046,0.21327473385423817,0.02619889121778568,0.013386997229459293,0.8236073825265353,0.29134179186666415,0.2755996982767187,0.1458681160813933,0.05696242265378302,0.03989671403609031,0.009127883238154956
2026-09-23 17:30:00+01:00,1.233812982239078,0.4720252072008704,0.3874454648316056,0.3331218318762643,0.27237609444924077,0.25150836464044485,0.15030843502819338,0.1488654603512302,0.10391673474446783,0.10364178715999912,0.10027780282226524,0.045556625698436964,0.04495491245466765,0.03596746763734946,0.02640947883422681,0.025066271239478122,0.019938673786603352,0.019048079213941013,0.003957557412189161,0.0002790016185617379,0.00018158519322159368,0.7632373601560025,0.4580367087114616,0.28272327089484817,0.23366045367105173,0.13424733732141186,0.12995355843878942,0.037820270416387095,0.38013919786004874,0.32947676960139144,0.24864693653799091,0.12801378926954113,0.11813022736006104,0.1007714716530663,0.033894376436929094,0.024959154648892385,0.02170615540629125,0.013919496940943604,0.01330743339651745,0.007988607246577182,0.6389439714506825,0.3875400687126202,0.2670045647078405,0.19538539326566462,0.10497481468051839,0.1032533734203656,0.03894353633547778,0.02407609090587554,0.29270141751950723,0.23066308237762934,0.21154518656328844,0.19197112691846863,0.15990030704351482,0.1352898573164388,0.133159374864201,0.13153664192818462,0.13040301134608118,0.10231476109763964,0.07472014599435192,0.06958990479466531,0.06904594639819353,0.049461097830709705,0.03890129011217427,0.02066371027513429,0.241326118649052,0.16975380188087824,0.15479487196367137,0.11380045633309342,0.05236861993966193,0.03099954894803997,0.7356686049964205,0.4679083681374606,0.29259474767182,0.2779739454781866,0.2047885175867609,0.16856809041450455,0.15202096435053422,0.10710383649749938,0.09190103551714739,0.07172540065342595,0.0681622269167459,0.012934853436029741,0.012820806541753712,0.00473950621998011,0.2383097315013998,0.22305139261169565,0.17828134330532075,0.16495621177335448,0.14980378691146512,0.06274747239554991,0.033103322947044926,0.005674829024808823,0.001995123379586904,0.9823832322286677,0.41249371962414955,0.36877242778361446,0.2287258896627839,0.07383728929690372,0.07242967678842577,0.03915991776595549,0.007167110472563298,0.005275738484994331,0.4320839153299452,0.31339555823822723,0.15796383571417785,0.12696904465694714,0.11941619536553043,0.11676030420135926,0.04821235918928212,0.027014564903979462,0.02184532325634312,0.008007748471652865,0.0016123923795068513,0.28998162171218395,0.22223542519950926,0.21409159524653373,0.1572978296112918,0.1044987271507209,0.07851067008260877,0.05783455916165635,0.03579787062330068,0.03197183400946564,0.014637058784714886,0.007891470314734491,0.5635102799893235,0.46775090574168815,0.4355135365958166,0.30273166843221216,0.2861185971140963,0.2290671618013649,0.1596586811931072,0.1504976717950998,0.09604805506363923,0.08720675053496073,0.03545785065665137,0.034601813603391075,0.033939049790379296,0.3709193392402009,0.2533323021163972,0.23927720006044015,0.18314987749545247,0.18140049194963592,0.15989449821859758,0.1550573035866755,0.06242704453162606,0.050233270006392314,0.05021615350945809,0.018302204968279546,0.010334017218584674,0.007652086772990638,0.436289627138396,0.3033397065613214,0.2836685942979891,0.2549485505172378,0.15723961692151325,0.05911817427151038,0.04252507570549658,0.03821197900675447,0.029225180169719412,0.017724798837930975,0.006734427449630018,0.0034209458733670795,0.42963245024222,0.1962582905058716,0.1763245079183468,0.12488213655286595,0.12483276062141183,0.11416933731029899,0.07959257637457715,0.05285052996792582,0.04569144669446621,0.035267593383664156,0.025229155668183557,0.021687929933299002,0.019926552159293013,0.011047181179784222,0.008529658411479075,0.0034711437910938526,0.5764089879769219,0.4507383604512252,0.23505124431563165,0.23336935721936677,0.20667291136653973,0.158096637280147,0.13450612488198646,0.11511280994725658,0.08731661181913464,0.06546159548211898,0.04423509269078561,0.023403595276560087,0.01751748546397065,0.5117356914309706,0.30816130147410636,0.17013719016832923,0.12291069050071328,0.09645951959487921,0.08574582048679466,0.056889425110313196,0.02410093985809067,0.007212248779224387,0.0061033135991039895,0.002786383845634986,0.4206256856539094,0.387234427492533,0.3474940773199556,0.2996263853795971,0.29398611228764615,0.2663991196261859,0.2547868737987885,0.21995110838516954,0.19209755252689703,0.1247804147704899,0.10428558154309069,0.10031026478427207,0.09787256314493561,0.09450731346372636,0.09430681293609887,0.07913494528502409,0.5824096298944501,0.1885698452231753,0.1872136564257052,0.13906968496339067,0.11784816050116967,0.06862376558398585,0.06254707200325504,0.05507524972694196,0.037403538577504544,0.03400323457510578,0.010797913547518993,0.32472378701306237,0.1219070158979713,0.09500908304944604,0.08984850457276289,0.051152012739181185,0.11330738293370576,0.09912496964705451,0.08362545663288584,0.0733050280348486,0.07181669321148286,0.041737995964694186,0.31644861604043684,0.3117221463156087,0.21274331212121098,0.1955876080368497,0.12082308101737527,0.10079396108180116,0.06964507347261109,0.06318437178112228,0.058936827416533,0.008632205342846503,1.0907534030517403,0.6431472383837543,0.16913188576342653,0.08433345489457009,0.08297815101542294,0.06970872348928148,0.06745054619576689,0.00828569559285378,0.004233789247934883,0.20352703523966392,0.07199538566317182,0.06810525341715144,0.03604642919902994,0.014076358770885115,0.00985913931303127,0.0022556512397648976
2026-09-23 18:30:00+01:00,0.0,0.0,0.0,0.0,0.0,0.0,0.0,0.0,0.0,0.0,0.0,0.0,0.0,0.0,0.0,0.0,0.0,0.0,0.0,0.0,0.0,0.0,0.0,0.0,0.0,0.0,0.0,0.0,0.0,0.0,0.0,0.0,0.0,0.0,0.0,0.0,0.0,0.0,0.0,0.0,0.0,0.0,0.0,0.0,0.0,0.0,0.0,0.0,0.0,0.0,0.0,0.0,0.0,0.0,0.0,0.0,0.0,0.0,0.0,0.0,0.0,0.0,0.0,0.0,0.0,0.0,0.0,0.0,0.0,0.0,0.0,0.0,0.0,0.0,0.0,0.0,0.0,0.0,0.0,0.0,0.0,0.0,0.0,0.0,0.0,0.0,0.0,0.0,0.0,0.0,0.0,0.0,0.0,0.0,0.0,0.0,0.0,0.0,0.0,0.0,0.0,0.0,0.0,0.0,0.0,0.0,0.0,0.0,0.0,0.0,0.0,0.0,0.0,0.0,0.0,0.0,0.0,0.0,0.0,0.0,0.0,0.0,0.0,0.0,0.0,0.0,0.0,0.0,0.0,0.0,0.0,0.0,0.0,0.0,0.0,0.0,0.0,0.0,0.0,0.0,0.0,0.0,0.0,0.0,0.0,0.0,0.0,0.0,0.0,0.0,0.0,0.0,0.0,0.0,0.0,0.0,0.0,0.0,0.0,0.0,0.0,0.0,0.0,0.0,0.0,0.0,0.0,0.0,0.0,0.0,0.0,0.0,0.0,0.0,0.0,0.0,0.0,0.0,0.0,0.0,0.0,0.0,0.0,0.0,0.0,0.0,0.0,0.0,0.0,0.0,0.0,0.0,0.0,0.0,0.0,0.0,0.0,0.0,0.0,0.0,0.0,0.0,0.0,0.0,0.0,0.0,0.0,0.0,0.0,0.0,0.0,0.0,0.0,0.0,0.0,0.0,0.0,0.0,0.0,0.0,0.0,0.0,0.0,0.0,0.0,0.0,0.0,0.0,0.0,0.0,0.0,0.0,0.0,0.0,0.0,0.0,0.0,0.0,0.0,0.0,0.0,0.0,0.0,0.0,0.0,0.0,0.0,0.0,0.0,0.0,0.0,0.0,0.0,0.0,0.0,0.0,0.0,0.0,0.0,0.0,0.0,0.0,0.0,0.0,0.0,0.0
2026-09-23 19:30:00+01:00,0.0,0.0,0.0,0.0,0.0,0.0,0.0,0.0,0.0,0.0,0.0,0.0,0.0,0.0,0.0,0.0,0.0,0.0,0.0,0.0,0.0,0.0,0.0,0.0,0.0,0.0,0.0,0.0,0.0,0.0,0.0,0.0,0.0,0.0,0.0,0.0,0.0,0.0,0.0,0.0,0.0,0.0,0.0,0.0,0.0,0.0,0.0,0.0,0.0,0.0,0.0,0.0,0.0,0.0,0.0,0.0,0.0,0.0,0.0,0.0,0.0,0.0,0.0,0.0,0.0,0.0,0.0,0.0,0.0,0.0,0.0,0.0,0.0,0.0,0.0,0.0,0.0,0.0,0.0,0.0,0.0,0.0,0.0,0.0,0.0,0.0,0.0,0.0,0.0,0.0,0.0,0.0,0.0,0.0,0.0,0.0,0.0,0.0,0.0,0.0,0.0,0.0,0.0,0.0,0.0,0.0,0.0,0.0,0.0,0.0,0.0,0.0,0.0,0.0,0.0,0.0,0.0,0.0,0.0,0.0,0.0,0.0,0.0,0.0,0.0,0.0,0.0,0.0,0.0,0.0,0.0,0.0,0.0,0.0,0.0,0.0,0.0,0.0,0.0,0.0,0.0,0.0,0.0,0.0,0.0,0.0,0.0,0.0,0.0,0.0,0.0,0.0,0.0,0.0,0.0,0.0,0.0,0.0,0.0,0.0,0.0,0.0,0.0,0.0,0.0,0.0,0.0,0.0,0.0,0.0,0.0,0.0,0.0,0.0,0.0,0.0,0.0,0.0,0.0,0.0,0.0,0.0,0.0,0.0,0.0,0.0,0.0,0.0,0.0,0.0,0.0,0.0,0.0,0.0,0.0,0.0,0.0,0.0,0.0,0.0,0.0,0.0,0.0,0.0,0.0,0.0,0.0,0.0,0.0,0.0,0.0,0.0,0.0,0.0,0.0,0.0,0.0,0.0,0.0,0.0,0.0,0.0,0.0,0.0,0.0,0.0,0.0,0.0,0.0,0.0,0.0,0.0,0.0,0.0,0.0,0.0,0.0,0.0,0.0,0.0,0.0,0.0,0.0,0.0,0.0,0.0,0.0,0.0,0.0,0.0,0.0,0.0,0.0,0.0,0.0,0.0,0.0,0.0,0.0,0.0,0.0,0.0,0.0,0.0,0.0,0.0
2026-09-23 20:30:00+01:00,0.0,0.0,0.0,0.0,0.0,0.0,0.0,0.0,0.0,0.0,0.0,0.0,0.0,0.0,0.0,0.0,0.0,0.0,0.0,0.0,0.0,0.0,0.0,0.0,0.0,0.0,0.0,0.0,0.0,0.0,0.0,0.0,0.0,0.0,0.0,0.0,0.0,0.0,0.0,0.0,0.0,0.0,0.0,0.0,0.0,0.0,0.0,0.0,0.0,0.0,0.0,0.0,0.0,0.0,0.0,0.0,0.0,0.0,0.0,0.0,0.0,0.0,0.0,0.0,0.0,0.0,0.0,0.0,0.0,0.0,0.0,0.0,0.0,0.0,0.0,0.0,0.0,0.0,0.0,0.0,0.0,0.0,0.0,0.0,0.0,0.0,0.0,0.0,0.0,0.0,0.0,0.0,0.0,0.0,0.0,0.0,0.0,0.0,0.0,0.0,0.0,0.0,0.0,0.0,0.0,0.0,0.0,0.0,0.0,0.0,0.0,0.0,0.0,0.0,0.0,0.0,0.0,0.0,0.0,0.0,0.0,0.0,0.0,0.0,0.0,0.0,0.0,0.0,0.0,0.0,0.0,0.0,0.0,0.0,0.0,0.0,0.0,0.0,0.0,0.0,0.0,0.0,0.0,0.0,0.0,0.0,0.0,0.0,0.0,0.0,0.0,0.0,0.0,0.0,0.0,0.0,0.0,0.0,0.0,0.0,0.0,0.0,0.0,0.0,0.0,0.0,0.0,0.0,0.0,0.0,0.0,0.0,0.0,0.0,0.0,0.0,0.0,0.0,0.0,0.0,0.0,0.0,0.0,0.0,0.0,0.0,0.0,0.0,0.0,0.0,0.0,0.0,0.0,0.0,0.0,0.0,0.0,0.0,0.0,0.0,0.0,0.0,0.0,0.0,0.0,0.0,0.0,0.0,0.0,0.0,0.0,0.0,0.0,0.0,0.0,0.0,0.0,0.0,0.0,0.0,0.0,0.0,0.0,0.0,0.0,0.0,0.0,0.0,0.0,0.0,0.0,0.0,0.0,0.0,0.0,0.0,0.0,0.0,0.0,0.0,0.0,0.0,0.0,0.0,0.0,0.0,0.0,0.0,0.0,0.0,0.0,0.0,0.0,0.0,0.0,0.0,0.0,0.0,0.0,0.0,0.0,0.0,0.0,0.0,0.0,0.0
2026-09-23 21:30:00+01:00,0.0,0.0,0.0,0.0,0.0,0.0,0.0,0.0,0.0,0.0,0.0,0.0,0.0,0.0,0.0,0.0,0.0,0.0,0.0,0.0,0.0,0.0,0.0,0.0,0.0,0.0,0.0,0.0,0.0,0.0,0.0,0.0,0.0,0.0,0.0,0.0,0.0,0.0,0.0,0.0,0.0,0.0,0.0,0.0,0.0,0.0,0.0,0.0,0.0,0.0,0.0,0.0,0.0,0.0,0.0,0.0,0.0,0.0,0.0,0.0,0.0,0.0,0.0,0.0,0.0,0.0,0.0,0.0,0.0,0.0,0.0,0.0,0.0,0.0,0.0,0.0,0.0,0.0,0.0,0.0,0.0,0.0,0.0,0.0,0.0,0.0,0.0,0.0,0.0,0.0,0.0,0.0,0.0,0.0,0.0,0.0,0.0,0.0,0.0,0.0,0.0,0.0,0.0,0.0,0.0,0.0,0.0,0.0,0.0,0.0,0.0,0.0,0.0,0.0,0.0,0.0,0.0,0.0,0.0,0.0,0.0,0.0,0.0,0.0,0.0,0.0,0.0,0.0,0.0,0.0,0.0,0.0,0.0,0.0,0.0,0.0,0.0,0.0,0.0,0.0,0.0,0.0,0.0,0.0,0.0,0.0,0.0,0.0,0.0,0.0,0.0,0.0,0.0,0.0,0.0,0.0,0.0,0.0,0.0,0.0,0.0,0.0,0.0,0.0,0.0,0.0,0.0,0.0,0.0,0.0,0.0,0.0,0.0,0.0,0.0,0.0,0.0,0.0,0.0,0.0,0.0,0.0,0.0,0.0,0.0,0.0,0.0,0.0,0.0,0.0,0.0,0.0,0.0,0.0,0.0,0.0,0.0,0.0,0.0,0.0,0.0,0.0,0.0,0.0,0.0,0.0,0.0,0.0,0.0,0.0,0.0,0.0,0.0,0.0,0.0,0.0,0.0,0.0,0.0,0.0,0.0,0.0,0.0,0.0,0.0,0.0,0.0,0.0,0.0,0.0,0.0,0.0,0.0,0.0,0.0,0.0,0.0,0.0,0.0,0.0,0.0,0.0,0.0,0.0,0.0,0.0,0.0,0.0,0.0,0.0,0.0,0.0,0.0,0.0,0.0,0.0,0.0,0.0,0.0,0.0,0.0,0.0,0.0,0.0,0.0,0.0
2026-09-23 22:30:00+01:00,0.0,0.0,0.0,0.0,0.0,0.0,0.0,0.0,0.0,0.0,0.0,0.0,0.0,0.0,0.0,0.0,0.0,0.0,0.0,0.0,0.0,0.0,0.0,0.0,0.0,0.0,0.0,0.0,0.0,0.0,0.0,0.0,0.0,0.0,0.0,0.0,0.0,0.0,0.0,0.0,0.0,0.0,0.0,0.0,0.0,0.0,0.0,0.0,0.0,0.0,0.0,0.0,0.0,0.0,0.0,0.0,0.0,0.0,0.0,0.0,0.0,0.0,0.0,0.0,0.0,0.0,0.0,0.0,0.0,0.0,0.0,0.0,0.0,0.0,0.0,0.0,0.0,0.0,0.0,0.0,0.0,0.0,0.0,0.0,0.0,0.0,0.0,0.0,0.0,0.0,0.0,0.0,0.0,0.0,0.0,0.0,0.0,0.0,0.0,0.0,0.0,0.0,0.0,0.0,0.0,0.0,0.0,0.0,0.0,0.0,0.0,0.0,0.0,0.0,0.0,0.0,0.0,0.0,0.0,0.0,0.0,0.0,0.0,0.0,0.0,0.0,0.0,0.0,0.0,0.0,0.0,0.0,0.0,0.0,0.0,0.0,0.0,0.0,0.0,0.0,0.0,0.0,0.0,0.0,0.0,0.0,0.0,0.0,0.0,0.0,0.0,0.0,0.0,0.0,0.0,0.0,0.0,0.0,0.0,0.0,0.0,0.0,0.0,0.0,0.0,0.0,0.0,0.0,0.0,0.0,0.0,0.0,0.0,0.0,0.0,0.0,0.0,0.0,0.0,0.0,0.0,0.0,0.0,0.0,0.0,0.0,0.0,0.0,0.0,0.0,0.0,0.0,0.0,0.0,0.0,0.0,0.0,0.0,0.0,0.0,0.0,0.0,0.0,0.0,0.0,0.0,0.0,0.0,0.0,0.0,0.0,0.0,0.0,0.0,0.0,0.0,0.0,0.0,0.0,0.0,0.0,0.0,0.0,0.0,0.0,0.0,0.0,0.0,0.0,0.0,0.0,0.0,0.0,0.0,0.0,0.0,0.0,0.0,0.0,0.0,0.0,0.0,0.0,0.0,0.0,0.0,0.0,0.0,0.0,0.0,0.0,0.0,0.0,0.0,0.0,0.0,0.0,0.0,0.0,0.0,0.0,0.0,0.0,0.0,0.0,0.0
2026-09-23 23:30:00+01:00,0.0,0.0,0.0,0.0,0.0,0.0,0.0,0.0,0.0,0.0,0.0,0.0,0.0,0.0,0.0,0.0,0.0,0.0,0.0,0.0,0.0,0.0,0.0,0.0,0.0,0.0,0.0,0.0,0.0,0.0,0.0,0.0,0.0,0.0,0.0,0.0,0.0,0.0,0.0,0.0,0.0,0.0,0.0,0.0,0.0,0.0,0.0,0.0,0.0,0.0,0.0,0.0,0.0,0.0,0.0,0.0,0.0,0.0,0.0,0.0,0.0,0.0,0.0,0.0,0.0,0.0,0.0,0.0,0.0,0.0,0.0,0.0,0.0,0.0,0.0,0.0,0.0,0.0,0.0,0.0,0.0,0.0,0.0,0.0,0.0,0.0,0.0,0.0,0.0,0.0,0.0,0.0,0.0,0.0,0.0,0.0,0.0,0.0,0.0,0.0,0.0,0.0,0.0,0.0,0.0,0.0,0.0,0.0,0.0,0.0,0.0,0.0,0.0,0.0,0.0,0.0,0.0,0.0,0.0,0.0,0.0,0.0,0.0,0.0,0.0,0.0,0.0,0.0,0.0,0.0,0.0,0.0,0.0,0.0,0.0,0.0,0.0,0.0,0.0,0.0,0.0,0.0,0.0,0.0,0.0,0.0,0.0,0.0,0.0,0.0,0.0,0.0,0.0,0.0,0.0,0.0,0.0,0.0,0.0,0.0,0.0,0.0,0.0,0.0,0.0,0.0,0.0,0.0,0.0,0.0,0.0,0.0,0.0,0.0,0.0,0.0,0.0,0.0,0.0,0.0,0.0,0.0,0.0,0.0,0.0,0.0,0.0,0.0,0.0,0.0,0.0,0.0,0.0,0.0,0.0,0.0,0.0,0.0,0.0,0.0,0.0,0.0,0.0,0.0,0.0,0.0,0.0,0.0,0.0,0.0,0.0,0.0,0.0,0.0,0.0,0.0,0.0,0.0,0.0,0.0,0.0,0.0,0.0,0.0,0.0,0.0,0.0,0.0,0.0,0.0,0.0,0.0,0.0,0.0,0.0,0.0,0.0,0.0,0.0,0.0,0.0,0.0,0.0,0.0,0.0,0.0,0.0,0.0,0.0,0.0,0.0,0.0,0.0,0.0,0.0,0.0,0.0,0.0,0.0,0.0,0.0,0.0,0.0,0.0,0.0,0.0
2026-09-24 00:30:00+01:00,0.0,0.0,0.0,0.0,0.0,0.0,0.0,0.0,0.0,0.0,0.0,0.0,0.0,0.0,0.0,0.0,0.0,0.0,0.0,0.0,0.0,0.0,0.0,0.0,0.0,0.0,0.0,0.0,0.0,0.0,0.0,0.0,0.0,0.0,0.0,0.0,0.0,0.0,0.0,0.0,0.0,0.0,0.0,0.0,0.0,0.0,0.0,0.0,0.0,0.0,0.0,0.0,0.0,0.0,0.0,0.0,0.0,0.0,0.0,0.0,0.0,0.0,0.0,0.0,0.0,0.0,0.0,0.0,0.0,0.0,0.0,0.0,0.0,0.0,0.0,0.0,0.0,0.0,0.0,0.0,0.0,0.0,0.0,0.0,0.0,0.0,0.0,0.0,0.0,0.0,0.0,0.0,0.0,0.0,0.0,0.0,0.0,0.0,0.0,0.0,0.0,0.0,0.0,0.0,0.0,0.0,0.0,0.0,0.0,0.0,0.0,0.0,0.0,0.0,0.0,0.0,0.0,0.0,0.0,0.0,0.0,0.0,0.0,0.0,0.0,0.0,0.0,0.0,0.0,0.0,0.0,0.0,0.0,0.0,0.0,0.0,0.0,0.0,0.0,0.0,0.0,0.0,0.0,0.0,0.0,0.0,0.0,0.0,0.0,0.0,0.0,0.0,0.0,0.0,0.0,0.0,0.0,0.0,0.0,0.0,0.0,0.0,0.0,0.0,0.0,0.0,0.0,0.0,0.0,0.0,0.0,0.0,0.0,0.0,0.0,0.0,0.0,0.0,0.0,0.0,0.0,0.0,0.0,0.0,0.0,0.0,0.0,0.0,0.0,0.0,0.0,0.0,0.0,0.0,0.0,0.0,0.0,0.0,0.0,0.0,0.0,0.0,0.0,0.0,0.0,0.0,0.0,0.0,0.0,0.0,0.0,0.0,0.0,0.0,0.0,0.0,0.0,0.0,0.0,0.0,0.0,0.0,0.0,0.0,0.0,0.0,0.0,0.0,0.0,0.0,0.0,0.0,0.0,0.0,0.0,0.0,0.0,0.0,0.0,0.0,0.0,0.0,0.0,0.0,0.0,0.0,0.0,0.0,0.0,0.0,0.0,0.0,0.0,0.0,0.0,0.0,0.0,0.0,0.0,0.0,0.0,0.0,0.0,0.0,0.0,0.0
2026-09-24 01:30:00+01:00,0.0,0.0,0.0,0.0,0.0,0.0,0.0,0.0,0.0,0.0,0.0,0.0,0.0,0.0,0.0,0.0,0.0,0.0,0.0,0.0,0.0,0.0,0.0,0.0,0.0,0.0,0.0,0.0,0.0,0.0,0.0,0.0,0.0,0.0,0.0,0.0,0.0,0.0,0.0,0.0,0.0,0.0,0.0,0.0,0.0,0.0,0.0,0.0,0.0,0.0,0.0,0.0,0.0,0.0,0.0,0.0,0.0,0.0,0.0,0.0,0.0,0.0,0.0,0.0,0.0,0.0,0.0,0.0,0.0,0.0,0.0,0.0,0.0,0.0,0.0,0.0,0.0,0.0,0.0,0.0,0.0,0.0,0.0,0.0,0.0,0.0,0.0,0.0,0.0,0.0,0.0,0.0,0.0,0.0,0.0,0.0,0.0,0.0,0.0,0.0,0.0,0.0,0.0,0.0,0.0,0.0,0.0,0.0,0.0,0.0,0.0,0.0,0.0,0.0,0.0,0.0,0.0,0.0,0.0,0.0,0.0,0.0,0.0,0.0,0.0,0.0,0.0,0.0,0.0,0.0,0.0,0.0,0.0,0.0,0.0,0.0,0.0,0.0,0.0,0.0,0.0,0.0,0.0,0.0,0.0,0.0,0.0,0.0,0.0,0.0,0.0,0.0,0.0,0.0,0.0,0.0,0.0,0.0,0.0,0.0,0.0,0.0,0.0,0.0,0.0,0.0,0.0,0.0,0.0,0.0,0.0,0.0,0.0,0.0,0.0,0.0,0.0,0.0,0.0,0.0,0.0,0.0,0.0,0.0,0.0,0.0,0.0,0.0,0.0,0.0,0.0,0.0,0.0,0.0,0.0,0.0,0.0,0.0,0.0,0.0,0.0,0.0,0.0,0.0,0.0,0.0,0.0,0.0,0.0,0.0,0.0,0.0,0.0,0.0,0.0,0.0,0.0,0.0,0.0,0.0,0.0,0.0,0.0,0.0,0.0,0.0,0.0,0.0,0.0,0.0,0.0,0.0,0.0,0.0,0.0,0.0,0.0,0.0,0.0,0.0,0.0,0.0,0.0,0.0,0.0,0.0,0.0,0.0,0.0,0.0,0.0,0.0,0.0,0.0,0.0,0.0,0.0,0.0,0.0,0.0,0.0,0.0,0.0,0.0,0.0,0.0
2026-09-24 02:30:00+01:00,0.0,0.0,0.0,0.0,0.0,0.0,0.0,0.0,0.0,0.0,0.0,0.0,0.0,0.0,0.0,0.0,0.0,0.0,0.0,0.0,0.0,0.0,0.0,0.0,0.0,0.0,0.0,0.0,0.0,0.0,0.0,0.0,0.0,0.0,0.0,0.0,0.0,0.0,0.0,0.0,0.0,0.0,0.0,0.0,0.0,0.0,0.0,0.0,0.0,0.0,0.0,0.0,0.0,0.0,0.0,0.0,0.0,0.0,0.0,0.0,0.0,0.0,0.0,0.0,0.0,0.0,0.0,0.0,0.0,0.0,0.0,0.0,0.0,0.0,0.0,0.0,0.0,0.0,0.0,0.0,0.0,0.0,0.0,0.0,0.0,0.0,0.0,0.0,0.0,0.0,0.0,0.0,0.0,0.0,0.0,0.0,0.0,0.0,0.0,0.0,0.0,0.0,0.0,0.0,0.0,0.0,0.0,0.0,0.0,0.0,0.0,0.0,0.0,0.0,0.0,0.0,0.0,0.0,0.0,0.0,0.0,0.0,0.0,0.0,0.0,0.0,0.0,0.0,0.0,0.0,0.0,0.0,0.0,0.0,0.0,0.0,0.0,0.0,0.0,0.0,0.0,0.0,0.0,0.0,0.0,0.0,0.0,0.0,0.0,0.0,0.0,0.0,0.0,0.0,0.0,0.0,0.0,0.0,0.0,0.0,0.0,0.0,0.0,0.0,0.0,0.0,0.0,0.0,0.0,0.0,0.0,0.0,0.0,0.0,0.0,0.0,0.0,0.0,0.0,0.0,0.0,0.0,0.0,0.0,0.0,0.0,0.0,0.0,0.0,0.0,0.0,0.0,0.0,0.0,0.0,0.0,0.0,0.0,0.0,0.0,0.0,0.0,0.0,0.0,0.0,0.0,0.0,0.0,0.0,0.0,0.0,0.0,0.0,0.0,0.0,0.0,0.0,0.0,0.0,0.0,0.0,0.0,0.0,0.0,0.0,0.0,0.0,0.0,0.0,0.0,0.0,0.0,0.0,0.0,0.0,0.0,0.0,0.0,0.0,0.0,0.0,0.0,0.0,0.0,0.0,0.0,0.0,0.0,0.0,0.0,0.0,0.0,0.0,0.0,0.0,0.0,0.0,0.0,0.0,0.0,0.0,0.0,0.0,0.0,0.0,0.0
2026-09-24 03:30:00+01:00,0.0,0.0,0.0,0.0,0.0,0.0,0.0,0.0,0.0,0.0,0.0,0.0,0.0,0.0,0.0,0.0,0.0,0.0,0.0,0.0,0.0,0.0,0.0,0.0,0.0,0.0,0.0,0.0,0.0,0.0,0.0,0.0,0.0,0.0,0.0,0.0,0.0,0.0,0.0,0.0,0.0,0.0,0.0,0.0,0.0,0.0,0.0,0.0,0.0,0.0,0.0,0.0,0.0,0.0,0.0,0.0,0.0,0.0,0.0,0.0,0.0,0.0,0.0,0.0,0.0,0.0,0.0,0.0,0.0,0.0,0.0,0.0,0.0,0.0,0.0,0.0,0.0,0.0,0.0,0.0,0.0,0.0,0.0,0.0,0.0,0.0,0.0,0.0,0.0,0.0,0.0,0.0,0.0,0.0,0.0,0.0,0.0,0.0,0.0,0.0,0.0,0.0,0.0,0.0,0.0,0.0,0.0,0.0,0.0,0.0,0.0,0.0,0.0,0.0,0.0,0.0,0.0,0.0,0.0,0.0,0.0,0.0,0.0,0.0,0.0,0.0,0.0,0.0,0.0,0.0,0.0,0.0,0.0,0.0,0.0,0.0,0.0,0.0,0.0,0.0,0.0,0.0,0.0,0.0,0.0,0.0,0.0,0.0,0.0,0.0,0.0,0.0,0.0,0.0,0.0,0.0,0.0,0.0,0.0,0.0,0.0,0.0,0.0,0.0,0.0,0.0,0.0,0.0,0.0,0.0,0.0,0.0,0.0,0.0,0.0,0.0,0.0,0.0,0.0,0.0,0.0,0.0,0.0,0.0,0.0,0.0,0.0,0.0,0.0,0.0,0.0,0.0,0.0,0.0,0.0,0.0,0.0,0.0,0.0,0.0,0.0,0.0,0.0,0.0,0.0,0.0,0.0,0.0,0.0,0.0,0.0,0.0,0.0,0.0,0.0,0.0,0.0,0.0,0.0,0.0,0.0,0.0,0.0,0.0,0.0,0.0,0.0,0.0,0.0,0.0,0.0,0.0,0.0,0.0,0.0,0.0,0.0,0.0,0.0,0.0,0.0,0.0,0.0,0.0,0.0,0.0,0.0,0.0,0.0,0.0,0.0,0.0,0.0,0.0,0.0,0.0,0.0,0.0,0.0,0.0,0.0,0.0,0.0,0.0,0.0,0.0
2026-09-24 04:30:00+01:00,0.0,0.0,0.0,0.0,0.0,0.0,0.0,0.0,0.0,0.0,0.0,0.0,0.0,0.0,0.0,0.0,0.0,0.0,0.0,0.0,0.0,0.0,0.0,0.0,0.0,0.0,0.0,0.0,0.0,0.0,0.0,0.0,0.0,0.0,0.0,0.0,0.0,0.0,0.0,0.0,0.0,0.0,0.0,0.0,0.0,0.0,0.0,0.0,0.0,0.0,0.0,0.0,0.0,0.0,0.0,0.0,0.0,0.0,0.0,0.0,0.0,0.0,0.0,0.0,0.0,0.0,0.0,0.0,0.0,0.0,0.0,0.0,0.0,0.0,0.0,0.0,0.0,0.0,0.0,0.0,0.0,0.0,0.0,0.0,0.0,0.0,0.0,0.0,0.0,0.0,0.0,0.0,0.0,0.0,0.0,0.0,0.0,0.0,0.0,0.0,0.0,0.0,0.0,0.0,0.0,0.0,0.0,0.0,0.0,0.0,0.0,0.0,0.0,0.0,0.0,0.0,0.0,0.0,0.0,0.0,0.0,0.0,0.0,0.0,0.0,0.0,0.0,0.0,0.0,0.0,0.0,0.0,0.0,0.0,0.0,0.0,0.0,0.0,0.0,0.0,0.0,0.0,0.0,0.0,0.0,0.0,0.0,0.0,0.0,0.0,0.0,0.0,0.0,0.0,0.0,0.0,0.0,0.0,0.0,0.0,0.0,0.0,0.0,0.0,0.0,0.0,0.0,0.0,0.0,0.0,0.0,0.0,0.0,0.0,0.0,0.0,0.0,0.0,0.0,0.0,0.0,0.0,0.0,0.0,0.0,0.0,0.0,0.0,0.0,0.0,0.0,0.0,0.0,0.0,0.0,0.0,0.0,0.0,0.0,0.0,0.0,0.0,0.0,0.0,0.0,0.0,0.0,0.0,0.0,0.0,0.0,0.0,0.0,0.0,0.0,0.0,0.0,0.0,0.0,0.0,0.0,0.0,0.0,0.0,0.0,0.0,0.0,0.0,0.0,0.0,0.0,0.0,0.0,0.0,0.0,0.0,0.0,0.0,0.0,0.0,0.0,0.0,0.0,0.0,0.0,0.0,0.0,0.0,0.0,0.0,0.0,0.0,0.0,0.0,0.0,0.0,0.0,0.0,0.0,0.0,0.0,0.0,0.0,0.0,0.0,0.0
2026-09-24 05:30:00+01:00,0.0,0.0,0.0,0.0,0.0,0.0,0.0,0.0,0.0,0.0,0.0,0.0,0.0,0.0,0.0,0.0,0.0,0.0,0.0,0.0,0.0,0.0,0.0,0.0,0.0,0.0,0.0,0.0,0.0,0.0,0.0,0.0,0.0,0.0,0.0,0.0,0.0,0.0,0.0,0.0,0.0,0.0,0.0,0.0,0.0,0.0,0.0,0.0,0.0,0.0,0.0,0.0,0.0,0.0,0.0,0.0,0.0,0.0,0.0,0.0,0.0,0.0,0.0,0.0,0.0,0.0,0.0,0.0,0.0,0.0,0.0,0.0,0.0,0.0,0.0,0.0,0.0,0.0,0.0,0.0,0.0,0.0,0.0,0.0,0.0,0.0,0.0,0.0,0.0,0.0,0.0,0.0,0.0,0.0,0.0,0.0,0.0,0.0,0.0,0.0,0.0,0.0,0.0,0.0,0.0,0.0,0.0,0.0,0.0,0.0,0.0,0.0,0.0,0.0,0.0,0.0,0.0,0.0,0.0,0.0,0.0,0.0,0.0,0.0,0.0,0.0,0.0,0.0,0.0,0.0,0.0,0.0,0.0,0.0,0.0,0.0,0.0,0.0,0.0,0.0,0.0,0.0,0.0,0.0,0.0,0.0,0.0,0.0,0.0,0.0,0.0,0.0,0.0,0.0,0.0,0.0,0.0,0.0,0.0,0.0,0.0,0.0,0.0,0.0,0.0,0.0,0.0,0.0,0.0,0.0,0.0,0.0,0.0,0.0,0.0,0.0,0.0,0.0,0.0,0.0,0.0,0.0,0.0,0.0,0.0,0.0,0.0,0.0,0.0,0.0,0.0,0.0,0.0,0.0,0.0,0.0,0.0,0.0,0.0,0.0,0.0,0.0,0.0,0.0,0.0,0.0,0.0,0.0,0.0,0.0,0.0,0.0,0.0,0.0,0.0,0.0,0.0,0.0,0.0,0.0,0.0,0.0,0.0,0.0,0.0,0.0,0.0,0.0,0.0,0.0,0.0,0.0,0.0,0.0,0.0,0.0,0.0,0.0,0.0,0.0,0.0,0.0,0.0,0.0,0.0,0.0,0.0,0.0,0.0,0.0,0.0,0.0,0.0,0.0,0.0,0.0,0.0,0.0,0.0,0.0,0.0,0.0,0.0,0.0,0.0,0.0
2026-09-24 06:30:00+01:00,0.46387641745791547,0.17746722170876095,0.14566779307204275,0.12524374777395275,0.102405185156181,0.09455954899938111,0.05651143192548574,0.05596891702795447,0.0390695537501222,0.03896618176238335,0.03770142525111643,0.017127915352382988,0.01690168934578825,0.013522681535064451,0.009929166417360595,0.009424160929556813,0.007496339151989408,0.007161502490581986,0.0014879220600505867,0.00010489618211708885,6.827054837936066e-05,0.2707952554389399,0.1625106081161691,0.10030971275417445,0.08290231262381871,0.04763071607830982,0.04610729098145606,0.013418564555175858,0.264737815516238,0.22945531725915777,0.17316353373825666,0.0891517926011178,0.08226864925740358,0.07017960637043012,0.023604835351657645,0.017382138216939097,0.015116673570803721,0.009693862758628316,0.009267607411585254,0.005563452659924442,0.17811749553218056,0.10803398974207092,0.07443247997698875,0.05446730615993699,0.02926367869532662,0.028783794981472936,0.01085623383141534,0.006711657368991487,0.17445988861651665,0.13748295447479927,0.12608804561984027,0.11442124778077366,0.09530596056884232,0.0806373048630601,0.07936746567175494,0.07840026226812637,0.0777245803163201,0.060983038538684614,0.04453571990889225,0.04147792361990249,0.041153706121864024,0.029480477722049866,0.023186477187307847,0.01231626626052688,0.06905452914945372,0.04857438940233726,0.044293949855242036,0.03256355745108075,0.014985076677087863,0.008870400222055503,0.16547961698780442,0.10525024041926095,0.06581559475086154,0.06252682487455472,0.04606466175612093,0.037917321534053396,0.03419524876281145,0.024091692538132523,0.020672009183039904,0.016133747923745494,0.0153322557556657,0.002909536410620652,0.002883882962511992,0.0010660937121238733,0.06997759173803111,0.06549711247813161,0.05235077467348084,0.04843796503568381,0.043988586514101036,0.018425252624915893,0.009720504503807473,0.0016663644668613476,0.0005858507264648284,0.15706092883001574,0.06594844518441122,0.0589583964123611,0.036568112625874484,0.01180491773353362,0.011579872231166136,0.006260787903794721,0.0011458593662010952,0.0008434716305546579,0.06643765403140874,0.048188013796607414,0.024288677023857518,0.019522887018775643,0.01836155337414937,0.017953180898225247,0.007413180463821691,0.004153786459579506,0.0033589587050490855,0.0012312793965587922,0.00024792306140522513,0.06392354866496996,0.04898957711161815,0.047194351237493735,0.03467473354580901,0.023035699404000742,0.017306892106170247,0.012749050216556845,0.007891282597081608,0.007047871086261146,0.003226593237227335,0.001739595715492548,0.15635632313855924,0.12978611813059884,0.12084126532790566,0.08399848637110748,0.07938888324658512,0.06355891000200642,0.04430024657044172,0.04175835550549547,0.026650304826107234,0.024197121775252062,0.009838434811118615,0.009600911538037096,0.009417015491076292,0.08135525667273667,0.05556441059232057,0.05248164753751148,0.040171012176784086,0.03978731228561363,0.035070314666738156,0.03400935297177202,0.013692379161448573,0.01101786869148505,0.011014114460162754,0.004014297517949532,0.002266602288790331,0.0016783635082870734,0.14582967418001327,0.10139120396659397,0.0948161407203384,0.085216474887224,0.05255729377352504,0.01976023163483753,0.014213993523723645,0.012772342273819109,0.009768507516339472,0.005924508580218488,0.002250980311427291,0.0011434501099021849,0.3479888423500078,0.15896307477758195,0.1428173345701589,0.10115062329376356,0.10111063033416057,0.0924735910894988,0.06446749656975018,0.04280727568588946,0.03700864222788607,0.02856564718780649,0.020434826721048675,0.01756654467371315,0.01613988378678105,0.008947871111263946,0.00690875643722482,0.002811517865589904,0.168365754486564,0.1316580860401951,0.06865711832687711,0.06816584876684174,0.06036797027799888,0.046179119640178685,0.03928846647291759,0.03362379057596215,0.02550468076449848,0.019120956027983534,0.012920816487971559,0.0068360557496962345,0.005116756883338054,0.23363378530589748,0.1406915572897834,0.07767641856127606,0.05611508119737404,0.044038754906310824,0.03914739767021337,0.025972962126664063,0.011003324377727238,0.0032927642356666248,0.0027864780255609256,0.00127212820225716,0.17563651532399546,0.16169365727758134,0.14509967155553521,0.125112031961113,0.12275687880443902,0.11123765060563089,0.10638883974654367,0.09184281306636027,0.08021227870485563,0.05210332601752746,0.04354550082287537,0.041885567046499976,0.04086768003689656,0.03946248594780066,0.03937876492173358,0.03304359791677762,0.136388544043555,0.044159240026934984,0.04384164806752894,0.03256730465839001,0.02759765327348493,0.01607029656512078,0.014647257955294063,0.012897508450288062,0.008759151474860253,0.00796286911895778,0.002528652741750153,0.03506793073483055,0.013165117433876121,0.010260326088842123,0.009703019184298348,0.005524064794220383,0.03096973617670058,0.02709332859879804,0.02285692478743307,0.020036094029222958,0.019629294969631207,0.011408036176486924,0.08670832166140127,0.08541324803348908,0.058292609301096386,0.053591870436482336,0.033106059062800314,0.027617991534811426,0.019083058438857034,0.017312797574918264,0.016148951615835867,0.002365262477302658,0.37991809434913204,0.2240133035652536,0.05890998236002577,0.029374013763130775,0.028901950631731,0.024280103379427313,0.023493562249549352,0.002885973741807056,0.0014746625024968784,0.12283323142106217,0.04345086567000497,0.04110308168213684,0.021754846349987488,0.00849540520468933,0.005950216586332178,0.0013613372317490108
2026-09-24 07:30:00+01:00,3.714995451520178,1.4212619926982666,1.1665934467227295,1.0030256676149887,0.8201210122991615,0.7572885389509381,0.4525768171457394,0.4482320384485265,0.31289198806446117,0.312064124327889,0.3019352095785993,0.13717042995378867,0.13535867890569564,0.10829759501554741,0.07951861032303505,0.07547422906204114,0.06003509729015235,0.05735352817537054,0.01191615584943149,0.0008400703825004668,0.0005467507447177412,2.1735333334984888,1.3043885248840694,0.805134137196943,0.6654139475963335,0.3823071010856485,0.370079356460904,0.10770387132928352,2.6424103338068408,2.290247429481175,1.7283859130446493,0.8898449871516321,0.8211427163217639,0.700479139083727,0.23560540733253665,0.1734952052789809,0.150883070400747,0.09675672165668986,0.09250216689400648,0.05553012806864309,1.2634504307378378,0.7663233219517502,0.5279759217747443,0.3863558783110608,0.20757762926160245,0.20417364425069165,0.07700710853535589,0.047608160941635405,1.6054647147370136,1.2651849891539413,1.160323497842929,1.052959951911958,0.8770517854320556,0.7420636839549029,0.7303780063404234,0.7214773303809627,0.7152593765543723,0.5611955696390174,0.40983934717683895,0.38170001907249856,0.3787164120260374,0.27129368894862865,0.2133732359826421,0.1133402701067063,0.5607144351829776,0.394418174355259,0.3596615222928017,0.2644121529554391,0.12167701248069986,0.07202657829426612,1.1508228706889798,0.7319595369194375,0.457712515088013,0.4348408668513253,0.3203552633518778,0.26369483813751105,0.2378097983393489,0.1675449295276847,0.14376284755776422,0.1122016502004928,0.10662769774342191,0.02023428084615,0.02005587473588172,0.007414115699218026,0.9202685653982365,0.8613462144227974,0.6884599928303571,0.6370030103504226,0.5784896621874939,0.24230872167920248,0.12783341799121037,0.021914198520719717,0.007704466446911073,1.5031419570832092,0.6311555375326803,0.5642577057829516,0.34997287223983037,0.1129782389380527,0.11082445480229514,0.05991848547373662,0.010966376571717281,0.008072393350406541,0.5758791131823222,0.4176919106458607,0.21053334872809212,0.1692236582859486,0.15915726146435102,0.1556175040374546,0.06425717243640053,0.03600486648069356,0.029115329077773172,0.01067268399686007,0.0021489878717269343,0.3286991063185115,0.2519076389189111,0.24267646898563214,0.17829976849495185,0.11845108673802802,0.08899318149973887,0.06555645767658243,0.0405774959547729,0.03624061829927201,0.01659135538748921,0.008945115985891126,0.9517348554299507,0.7900030513404807,0.7355560803569711,0.5112955183264059,0.48323704345795443,0.38688061223107006,0.26965387723953754,0.2541814852271502,0.1622193685660048,0.14728693878393692,0.059886169901291336,0.05844037497960365,0.05732100689678373,1.1791808248345022,0.805362679602391,0.760680439874945,0.5822474073630584,0.5766859774977536,0.5083167857521891,0.4929389756664735,0.19846032836565758,0.15969539059788135,0.1596409759507117,0.05818410330125744,0.03285262767001047,0.0243265665553152,1.3482668102619497,0.9374113734349562,0.8766216912242105,0.7878680757123433,0.48591793975044584,0.1826930261357678,0.13141533653609064,0.11808656416415496,0.09031463962414857,0.054774985480393446,0.020811416205347842,0.010571756681486088,3.0950911614003758,1.4138533994669324,1.2702495486285215,0.8996564315466752,0.8993007251540519,0.8224809522949749,0.5733884382130631,0.3807375538948015,0.3291632015596328,0.254069301571845,0.18175195256821303,0.1562408058510937,0.14355176251384238,0.07958438150717384,0.06144803620920465,0.025006273296412678,0.9541123302380827,0.7460935488310425,0.38907320169741577,0.3862892249550564,0.34209940714684517,0.26169257271228635,0.22264391242904227,0.19054274591469053,0.14453254149219516,0.10835659524630446,0.0732210084260394,0.038739262036215444,0.028996162836742508,1.2946209006914604,0.7796056994912108,0.4304236856352799,0.3109471383473108,0.24402931479918727,0.2169251299215204,0.14392241934539352,0.060972062314713346,0.018245997234355254,0.01544054378302104,0.0070491678112600455,1.3167745670379056,1.2122427683201384,1.0878350486368313,0.9379845723591388,0.9203276188921071,0.8339661541584458,0.7976138568708044,0.6885600080820867,0.6013640635483508,0.390626826269032,0.32646746541695215,0.3140226809388142,0.3063914220067433,0.29585646101153,0.2952287913174001,0.2477330483355076,1.5432550550436754,0.49966784876515286,0.49607425224843893,0.36850351248824575,0.3122712264458757,0.18183760655333137,0.1657357297898688,0.14593707450252774,0.099110998553915,0.09010095464145747,0.028612052086352473,0.5652609870757332,0.21220890767442427,0.16538649219291668,0.15640324612263617,0.08904255976386766,0.5319961528436405,0.46540747070144123,0.3926347962208023,0.3441787453642958,0.3371907770636154,0.195966517853582,0.6823752619970712,0.6721833197564747,0.4587499075309138,0.42175613515867394,0.26053734282721436,0.21734746848166914,0.15017943782571477,0.13624787742081398,0.12708866783128486,0.01861409114737511,2.3927264944575835,1.410837163388652,0.3710154311611417,0.1849977193110894,0.1820246628066554,0.1529162403903218,0.14796259951763907,0.01817588037274384,0.009287433508931173,0.878162841713882,0.310640168220446,0.2938553239672718,0.1555303680505313,0.06073559320838369,0.042539458140238795,0.009732510967375178
2026-09-24 08:30:00+01:00,7.335904706600847,2.806529019377854,2.3036416782155227,1.9806486473320755,1.619471590912927,1.4953979431850433,0.8936916468199956,0.8851121255500621,0.6178596549722611,0.6162248940254991,0.596223590026145,0.27086687341506555,0.26728925583401136,0.21385243867876416,0.15702332757699827,0.14903699329611167,0.11854974212467789,0.11325451747449597,0.023530522424909862,0.0016588650923756525,0.001079654447455953,4.55918811978341,2.7360761275563807,1.6888436614091253,1.3957675816898136,0.8019246664015959,0.7762758359163745,0.22591887736489222,4.38724224012008,3.802539724581905,2.8696707653325046,1.4774259186181824,1.363358280931219,1.1630183351893155,0.39117996997871335,0.2880572647328627,0.2505139233343454,0.1606469558632908,0.15358304072152043,0.09219768797643425,2.5400891219607966,1.5406457480549953,1.0614630087023398,0.7767446508609153,0.41732201376661177,0.4104785119661631,0.15481803950953685,0.09571326961658963,2.770194235189246,2.183049014550487,2.002112805827459,1.8168593566065765,1.5133336644924658,1.2804146491453088,1.2602512681225038,1.2448933465152239,1.2341644032460375,0.9683306755716576,0.7071688256250334,0.6586150307136881,0.6534668820410275,0.46811132394885574,0.36817084974652564,0.1955661560060017,1.1956825872970591,0.8410679547356081,0.7669519322895995,0.5638396076879583,0.25946734374695213,0.15359141852828978,2.650343305008713,1.6857016901743482,1.0541112197882836,1.0014378490007108,0.7377776798445432,0.6072888075336031,0.5476756006046596,0.3858557155681212,0.33108561729017194,0.258400228213898,0.24556342425970615,0.04659951773477839,0.04618864873663352,0.01707469707672595,1.6458550803408336,1.5404753527864254,1.2312768461464483,1.1392485630800149,1.0346003169454383,0.4333572345960006,0.22862378260972174,0.0391924665505838,0.013779059417808928,3.243282681496335,1.3618246863273047,1.2174813140189633,0.7551255888908289,0.2437696346689479,0.23912248158119906,0.12928425377437727,0.023661809881772154,0.01741755223332537,1.3720686570494771,0.9951775742192152,0.5016091093444955,0.40318614141487596,0.3792023099957918,0.37076861252730064,0.1530968049933351,0.08578388704952152,0.06936912548631764,0.025428349220314735,0.005120100444140402,0.9250922936648716,0.7089700306437177,0.6829897830475705,0.5018076977583233,0.3333692894540365,0.2504628239370762,0.18450239940052524,0.11420149334876323,0.1019957647034788,0.04669478777209874,0.025175176036127542,1.9444990494858148,1.614063174904412,1.502822021214619,1.04463301277635,0.987306460743034,0.7904396675773272,0.5509325470123415,0.5193207473711824,0.33143202246416203,0.30092342508319553,0.1223540356707865,0.11940011753388788,0.11711312535255727,2.2003136739790294,1.5027809807628445,1.4194053516941587,1.0864550246053921,1.0760775744961413,0.9485028511726228,0.9198083497909526,0.37032062008522904,0.29798648706253905,0.29788495107271407,0.10856967430752885,0.061301951631219244,0.045392594507405896,2.561393077543759,1.7808633902814734,1.6653771452626278,1.4967659366733508,0.9231309690767389,0.3470742206943154,0.24965854734733695,0.2243369826349344,0.17157679101305542,0.1040597213876245,0.03953684611720383,0.02008387670402899,5.0096643730615895,2.2884401895409217,2.0560053248262613,1.456169313951941,1.4555935733519165,1.331254334482881,0.9280772297323068,0.6162556318277923,0.5327782213141967,0.41123245229301514,0.294180763678506,0.25288883521495936,0.23235055539702304,0.1288139896041842,0.0994587951498564,0.040474748530314734,2.077762393073282,1.6247616432007503,0.8472814374359706,0.841218794710222,0.7449870003095038,0.569885713553774,0.484849774634325,0.41494333443492004,0.31474729942212454,0.23596724568904254,0.1594527739229233,0.08436216496036138,0.06314469981808013,2.4240837123760133,1.4597551122516175,0.8059371243057034,0.5822259574791823,0.45692718774356383,0.4061765679566529,0.26948428871693725,0.11416576318838266,0.03416430608237136,0.02891129802914428,0.013199055312604733,2.5805860261524645,2.3757268909502525,2.131915360110598,1.8382416707983917,1.8036379591821008,1.634388647516644,1.563146209557006,1.3494248594284324,1.1785401524834154,0.765541919280654,0.6398038057065143,0.6154147889934982,0.6004592144745028,0.5798130280954139,0.578582934742871,0.48550181538580756,2.901610630581434,0.9394698154387007,0.9327131760738471,0.6928561197631918,0.5871288140730645,0.34188900304603137,0.3116144371947937,0.27438923034048,0.18634737405959254,0.16940679180590124,0.053796055438263546,1.0331542477328248,0.38786425984356865,0.30228471596935197,0.2858656121427225,0.1627472989511629,0.9450877105631335,0.8267933491870206,0.6975131655826151,0.6114313059260733,0.5990172256221525,0.3481332462938038,1.403917622177021,1.3829487387595485,0.9438312248744636,0.8677203049208386,0.5360290549804134,0.44717028610320525,0.3089789020708435,0.2803161350478681,0.26147199390723,0.03829659725079741,4.558461178807743,2.6878318327746573,0.7068335823606448,0.3524451806760909,0.34678111389317323,0.29132571024860676,0.2818883676755274,0.034627461710198065,0.017693792081663863,1.5299741857051252,0.5412110554493608,0.5119677566002339,0.2709718937163365,0.10581623970897928,0.07411412751355574,0.016956411538792453
2026-09-24 09:30:00+01:00,10.457090784793367,4.000614773442173,3.283765415199278,2.823349477167171,2.3085034671091273,2.1316405646884475,1.2739280372602413,1.2616982119833355,0.8807386086262027,0.8784083106853987,0.8498971099404792,0.3861118156763689,0.3810120395295095,0.3048396149149939,0.22383158689691549,0.21244733015516787,0.1689887567372747,0.1614405882280786,0.03354198548810115,0.0023646576072734547,0.0015390118908025126,6.529226609727243,3.918342605948286,2.418597935429234,1.9988828264881322,1.148438654712647,1.1117068897333056,0.32353908348941646,5.737262808529536,4.9726385154430846,3.7527117158263055,1.9320521437662128,1.7828841745636905,1.5208966076915251,0.5115519431949911,0.37669682712422237,0.32760083366757997,0.21008044569536186,0.20084285738649782,0.12056830630923385,3.712225798152372,2.251584340996907,1.5512803588747768,1.135177307982365,0.6098973190536838,0.5998958495329147,0.22625958881435893,0.13988063081107174,3.6486825118174946,2.8753408914976792,2.6370259126647335,2.3930246033558475,1.9932443747220239,1.6864617212995772,1.659904097728465,1.6396758482885774,1.625544525950493,1.2754091957647011,0.931427296391116,0.8674760470075882,0.8606953094724492,0.6165595103692224,0.48492575855041603,0.25758439760586804,1.7260962480620066,1.214171935309482,1.107177495794782,0.8139630380827343,0.3745689811780791,0.22172571054623605,4.057998061430049,2.581014383287366,1.6139725288978957,1.5333231895685313,1.1296273916354673,0.9298330518322894,0.8385579790158316,0.5907920467541063,0.5069323625327369,0.3956421883849621,0.37598747970528906,0.07134953131314595,0.07072044088745556,0.026143438665441658,2.194317691176009,2.0538213599825843,1.641585944295317,1.5188902756223441,1.3793691837677142,0.5777686370030787,0.3048100751982373,0.05225291323641961,0.018370775294506578,4.806593119823786,2.018244417932463,1.8043253956444203,1.1191073417291468,0.36127022029456324,0.3543830703751995,0.19160118488554767,0.035067153791180576,0.025813071184485257,2.155598253157788,1.5634808284170205,0.7880565701400158,0.6334284641413503,0.5957484946694259,0.5824986740884102,0.24052382780708859,0.13477138780407655,0.10898285953338963,0.03994938946996153,0.008043970333901064,1.4691210778983612,1.1259015157186623,1.0846427898446092,0.7969110443108617,0.5294172843237928,0.3977551390231383,0.2930046717915129,0.1813611702908822,0.1619774900389838,0.07415508421566465,0.039980207388772386,2.9844701804456397,2.477308186975678,2.3065722300137304,1.6033312420309564,1.5153448862976182,1.213188362292952,0.8455863007133312,0.7970676483621206,0.5086909084119338,0.46186548098125785,0.18779231134785304,0.18325855721854006,0.17974841923729581,3.05986121435215,2.089838958454856,1.9738928292158686,1.5108762128975135,1.4964448354676998,1.3190333361684135,1.2791293929800915,0.5149855294152162,0.41439423158009336,0.4142530307864063,0.1509821710409544,0.08524941983442266,0.06312510847639695,3.6165202036327186,2.5144631206073753,2.351404064184514,2.1133360191944015,1.3034008054189572,0.4900461949029489,0.3525016087562276,0.31674920855929506,0.24225525422604052,0.14692554925760176,0.055823451708513765,0.02835712585630991,6.500292627762747,2.9693667649950473,2.667770784700588,1.8894532550234315,1.8887062025067065,1.727369758071792,1.2042270949054692,0.7996228174342456,0.6913066597562751,0.5335948835836747,0.38171440379355287,0.3281360404163544,0.3014865846952578,0.16714265959199645,0.12905281167242547,0.052518031127376165,3.218808389260223,2.517032950984953,1.3125834830658494,1.3031914152664787,1.1541119497013939,0.8828501862492508,0.7511150107089509,0.6428180096046353,0.48759725907754536,0.3655535168730575,0.24701954761764583,0.13069138473957773,0.09782191177843029,3.5222590811626917,2.1210635895747383,1.171048400861323,0.8459900355543454,0.6639275402260747,0.590185519475533,0.3915679472279983,0.16588593623856454,0.0496416591291334,0.04200889660346786,0.019178583726393725,3.6110456210509163,3.3243837250291173,2.9832152648894987,2.5722740759263774,2.5238526786012048,2.287020044632923,2.1873296289598967,1.8882667270896847,1.6491456644842268,1.071232180339643,0.8952852985772622,0.8611574488908937,0.8402299303622289,0.8113394689863813,0.8096181842978771,0.6793686343698783,4.075516286729381,1.3195514564763773,1.3100612810941965,0.9731651692664153,0.8246637294968119,0.4802071599415678,0.4376844020980538,0.38539897992160377,0.2617379981879024,0.23794375848050137,0.07556034493039697,1.4913472483276569,0.5598779639261908,0.4363447959118112,0.4126439928946588,0.23492400771345537,1.2697251394983589,1.1107966899784132,0.9371087906154346,0.8214578303510653,0.804779516085136,0.46771694285499654,2.0995512102028018,2.0681923584722512,1.4114944916351428,1.2976710225269725,0.8016285523525439,0.6687407441320203,0.4620762767861142,0.41921126373960016,0.3910299525913664,0.057272354043022757,6.404555326183243,3.7763550034189795,0.9930883706279728,0.49517909016767236,0.48722117900874023,0.4093073421138206,0.3960480468669013,0.04865095601982504,0.024859457143964984,2.0747404197307118,0.7339159463193201,0.6942602091863528,0.3674547882944549,0.14349342076445065,0.10050337937864139,0.022993951611613186
2026-09-24 10:30:00+01:00,13.359837006198404,5.111131039954237,4.195294046547829,3.607072904190554,2.9493126418746365,2.7233550024688937,1.6275531393657474,1.6119284808755154,1.125219671366231,1.1222425144010937,1.0858169919836125,0.49329120591598075,0.48677580125016146,0.3894589472455346,0.28596419208008383,0.2714198204535475,0.21589773794191214,0.20625430048368296,0.04285278460400767,0.0030210544078454913,0.0019662206664230533,8.308653754350255,4.986218728454091,3.0777447341971422,2.543643572741713,1.4614256343781282,1.414683265757495,0.41171403313043814,6.955336990979665,6.028375858573578,4.549447268611226,2.342244758957258,2.161407044407881,1.8437970837252948,0.6201591720745265,0.45667306231580795,0.39715353344043436,0.25468247556206103,0.2434836614556961,0.14616607758766992,4.920776309559664,2.984609096156688,2.056314473983646,1.5047451065744832,0.8084552077508441,0.7951976644454023,0.2999205557492084,0.18542010418761998,4.341073282346685,3.4209788002359964,3.1374400752184046,2.847135955507318,2.371491592449744,2.0064924520898386,1.9748951317546832,1.9508282766891274,1.9340153296466265,1.517436709239874,1.1081792229704774,1.0320922904482954,1.0240248089798314,0.7335606780726293,0.5769475002406586,0.30646479729999887,2.2052446108611328,1.5512148410068738,1.4145197341165057,1.039911653355047,0.4785458679179233,0.2832747182090379,5.058013803678296,3.217055843924966,2.011705083724532,1.9111812625175533,1.4080023828034531,1.1589725623542189,1.0452044995684295,0.7363814083569479,0.6318561143713923,0.49314061265554476,0.46864237822957067,0.08893225398454024,0.08814813629677021,0.03258598738680059,2.6240585549650035,2.4560470581376146,1.96307839022609,1.8163536838022374,1.6495084197133405,0.6909203443125275,0.3645048703202131,0.06248625919175202,0.02196855554085904,6.482912821306544,2.7221157038614496,2.433591516824925,1.509400765417845,0.4872647392275481,0.47797566661385854,0.25842290934698053,0.04729697214893599,0.034815489051699254,2.91427961783308,2.1137613673854534,1.0654198650857705,0.8563690658489898,0.8054273067008095,0.7875140976867304,0.3251782598888951,0.18220533810933096,0.1473403152772338,0.05400992105399625,0.010875114950664165,1.9672758162236192,1.5076761586536027,1.4524272790062303,1.067130441962612,0.7089339577313154,0.5326273494750166,0.3923577256685858,0.24285775330762072,0.21690138663189243,0.09929985078983096,0.0535368366207446,4.055421133906478,3.366268506378764,3.1342654484430876,2.1786725986365725,2.0591131106998852,1.6485303676639769,1.1490175297856697,1.083088384497852,0.6912301801895708,0.6276018587371475,0.25517993552594653,0.24901928348377866,0.2442495632683332,3.7907743731420345,2.5890415978823467,2.445399260993801,1.8717812435340848,1.8539026235909708,1.6341126011252518,1.584676749421882,0.638000814641364,0.5133811383613023,0.5132062087443426,0.187047485062023,0.10561306327155662,0.07820388793836225,4.620035998436171,3.212178967582507,3.0038741142630263,2.699746700063367,1.6650698191531048,0.6260247237314256,0.4503141224883992,0.40464110902799943,0.30947649461777443,0.18769460377361788,0.07131340126103408,0.03622569068928169,7.954304643451211,3.6335668560569125,3.2645086545451267,2.3120938795627155,2.311179723286534,2.1137548837269278,1.473593532061208,0.978485716560099,0.8459409581443214,0.6529515674546256,0.4670978413493801,0.4015348507265338,0.3689243358579556,0.20452981264767886,0.15791987190732296,0.06426547892278223,4.806066888732522,3.758232010311662,1.959844530574817,1.9458210471584396,1.7232275291245922,1.3182011896082573,1.1215047763150408,0.9598043678989614,0.7280411750225095,0.5458152337881499,0.36882980441954977,0.19513790846799858,0.14605984399676536,4.81535248640077,2.899749449010248,1.600964238815104,1.1565702940375864,0.9076689300669606,0.8068547040855707,0.5353205555954659,0.22678605892375445,0.06786612830241455,0.05743122241981332,0.02621943437563663,4.37557467881469,4.028220846921269,3.6148203441154734,3.1168748597308875,3.0582017045611702,2.771226965093045,2.650430136607544,2.2880497631313124,1.9983020898789312,1.2980330063128556,1.0848347248600108,1.043481341214138,1.0181230572781401,0.983115919589682,0.9810302052320057,0.8232042754598696,5.20891408286209,1.6865176535012547,1.6743882679905069,1.2438016188645147,1.0540020483266808,0.6137523842698689,0.5594040817261028,0.49257812576314364,0.3345271246297012,0.304115726028141,0.09657361598466763,1.9196536524597418,0.7206717145103839,0.5616605268445684,0.531152988691315,0.30239283973824327,1.5553376759084194,1.360659790417596,1.1479024578854875,1.0062369192908698,0.985806977611768,0.5729253995636285,2.984132659207541,2.939561717975132,2.006184364692451,1.8444048711038274,1.1393701339618298,0.9504941272255768,0.6567579308862274,0.5958330604911375,0.5557784190191579,0.08140230223437737,7.8985249494606675,4.65725295409401,1.2247428389534782,0.6106878930611784,0.60087366605662,0.5047851238737111,0.48843287629581883,0.059999605025928576,0.030658341208939337,2.586195782356428,0.9148374933677281,0.8654060082796675,0.4580380343759523,0.17886675173807298,0.12527900521422652,0.028662313662053317
2026-09-24 11:30:00+01:00,14.531753710165784,5.559476318351684,4.563302665883771,3.9234831258787226,3.2080245369846923,2.962246032108378,1.7703211020087297,1.7533258580637507,1.2239232504514375,1.22068493910424,1.1810641922126892,0.5365624077925409,0.5294754758275907,0.42362204710781853,0.31104879552844195,0.2952286005479276,0.23483615502929955,0.22434680115489553,0.046611804573012734,0.003286059446642432,0.002138696336717382,9.044773734465528,5.427981658979176,3.350423011511426,2.7690022062275053,1.5909032417889697,1.5400196497551517,0.4481905713087771,7.292229695201839,6.320369740062915,4.769806914021124,2.4556950737038594,2.2660981995682676,1.9331043000943584,0.6501975585393849,0.47879274150727213,0.416390290486953,0.26701842247899327,0.25527717616937673,0.1532458618178115,5.517647654683759,3.3466307638418953,2.30573755458586,1.6872649325794131,0.906517732232069,0.891652099631776,0.33629977201080175,0.20791085362171038,4.702029855443895,3.7054302950755105,3.398315564801593,3.083872902985483,2.5686791132917715,2.1733306030137154,2.1391059922078806,2.113037998491886,2.094827069117964,1.6436102886370507,1.2003233884070763,1.117909891776343,1.1091716060447434,0.794555628236849,0.6249201970828766,0.33194708608286405,2.4261413064086255,1.706598162555426,1.5562104715132246,1.144078350671114,0.5264812309023033,0.3116500054113445,5.721364638260419,3.638967835824435,2.2755371525993366,2.1618297847906187,1.5926597585992768,1.3109700551124157,1.1822814835405764,0.8329567125700575,0.7147230849002728,0.5578152556415924,0.5301041149478575,0.10059558413579701,0.09970863060321086,0.03685959018183391,2.7979086285526686,2.6187659734545354,2.0931369675979323,1.9366914030169127,1.758792246329192,0.7366954481015318,0.3886541784247636,0.06662612136752151,0.02342402420415035,7.340470448292072,3.082196295368309,2.755506221486941,1.7090638141492325,0.551719962520445,0.5412021343632116,0.29260700884157004,0.053553400442455414,0.03942087076767591,3.3074988050431533,2.398967880086998,1.2091752998158116,0.9719176034582169,0.9141023524855998,0.8937721422181962,0.3690540535050797,0.2067900191805182,0.16722071339073707,0.06129739516189397,0.01234247718850459,2.252964236473156,1.726621370332389,1.6633492307959619,1.2220994644302956,0.8118855727388621,0.6099756627101744,0.4493360394843532,0.2781256335487304,0.24839987504199731,0.11372020673037125,0.06131147307649997,4.6015452251986035,3.8195877224081296,3.556341926663355,2.4720639762189363,2.3364039861275248,1.8705300365715378,1.303750203314069,1.2289426966006174,0.7843148294935727,0.7121179875136214,0.2895437921523111,0.28255351468106843,0.2771414791468515,4.099184776378559,2.7996812415542,2.644352429375669,2.024065909215843,2.0047327177674883,1.767060984921884,1.7136031236084988,0.6899073828356831,0.5551488798069107,0.5549597182393273,0.2022653230586805,0.11420554708209464,0.0845664118555383,5.049161447014688,3.51053762557671,3.2828846733133976,2.9505088183899804,1.8197274524054181,0.6841721365402051,0.49214090692892853,0.4422256208118307,0.33822177704031664,0.20512834910966812,0.07793724473674718,0.039590462256508994,8.42323176191424,3.8477751510530482,3.456960000727069,2.448397877103465,2.4474298289174774,2.2383662773299218,1.560465735195158,1.0361700155769238,0.8958113960611115,0.6914447746860708,0.49463448403562627,0.4252063831801839,0.39067339294080033,0.21658738147157616,0.16722966249254012,0.06805409743800563,5.530672503951314,4.324856670561662,2.255328214986223,2.239190425825942,1.9830367188033042,1.5169449869985052,1.2905928637733677,1.1045130560201386,0.8378071719895064,0.6281072185713984,0.42443788344338057,0.2245586442778684,0.1680811319996771,5.373115967672925,3.235628151984675,1.7864043264837808,1.2905361200825534,1.0128044489529575,0.9003128859948998,0.5973268692617467,0.2530547447752138,0.0757270788951947,0.06408349525779482,0.029256438008422148,4.773431770554441,4.39449415927065,3.9435044633089467,3.400282379436437,3.3362742608407627,3.023205820858197,2.891425320877996,2.4960948523678765,2.18000134454965,1.416059019986958,1.1834752967466773,1.138361781424706,1.110697749366722,1.0725075239667692,1.0702321622348718,0.8980556225361616,5.680325149964224,1.8391489071706897,1.82592180215911,1.356366702312793,1.1493901124078814,0.6692974867235771,0.6100306174901357,0.5371568568006088,0.36480210829955023,0.3316384527709661,0.10531360874343268,2.1168822958013336,0.7947148130481931,0.619366532084699,0.5857245949975817,0.3334612199438938,1.6577583489590177,1.450260713539362,1.2234930798797756,1.072498711902521,1.0507234364032663,0.6106531585834293,3.3864103131672025,3.33583096154512,2.2766291578047486,2.0930408900857898,1.2929635551750769,1.0786260138637132,0.7452925470806941,0.6761546658280904,0.6307004362540785,0.0923757846191909,8.631177919874895,5.0892513629893825,1.3383477822428063,0.6673342038230163,0.656609626770415,0.5516080842104056,0.5337390315533941,0.06556506049099343,0.03350215380666192,2.6917951141624528,0.9521920620627196,0.9007421946730985,0.47674060542715635,0.18617022411812784,0.13039438717030247,0.029832650877579088
2026-09-24 12:30:00+01:00,14.035256824764602,5.3695293421245625,4.407391300611372,3.7894320546332647,3.0984180694742203,2.8610369173609302,1.7098357035607474,1.6934211249541449,1.1821062685551555,1.1789785984650225,1.1407115476119039,0.518230032388601,0.5113852349738109,0.409148430834707,0.3004213956104524,0.28514171884204964,0.2268126623471967,0.2166816913378194,0.04501924965809976,0.003173786811622492,0.0020656249035526245,8.73369775244582,5.241297638513552,3.2351922540502582,2.6737681953163572,1.536187468595879,1.4870539107614016,0.43277599862902283,6.832588607064299,5.921986564246936,4.469158232917566,2.3009086225099358,2.1232623474609995,1.8112575946123068,0.6092145498022824,0.44861365693406363,0.3901445338104647,0.250187817384125,0.23918664090985578,0.14358652611081077,5.4602957845145115,3.3118450100054138,2.2817711165037338,1.6697270603899348,0.8970951502661907,0.8823840349319925,0.332804184385532,0.2057497739316059,4.730747732087394,3.728061391303422,3.4190709428374566,3.102707807130048,2.5843674462416018,2.186604325657273,2.152170686371928,2.1259434811130693,2.1076213275999134,1.6536487186279656,1.2076544220373013,1.1247375809568811,1.1159459257190403,0.799408415483975,0.6287369276617093,0.3339744690990012,2.432592530078761,1.7111360872148866,1.5603485082397002,1.147120508733731,0.5278811692198726,0.312478697411434,6.004548407446258,3.819081618610376,2.3881667835594462,2.268831373660046,1.6714897968832696,1.375857623895198,1.2407995029146122,0.8741846077223501,0.7500989069118076,0.5854247922800363,0.556342065301167,0.1055746474327813,0.10464379338688565,0.038683986691808975,2.749659926604271,2.5736065076891452,2.0570417425229635,1.903294012796016,1.7284626487089199,0.7239914595797269,0.38195200830224746,0.06547718325030279,0.023020087223962853,7.526460013841166,3.1602916100965306,2.8253240088634195,1.752367310638787,0.5656991968020592,0.5549148726071039,0.3000209546961884,0.05491031261206798,0.04041969920507572,3.3806267227247857,2.4520084209901087,1.2359098436507987,0.9934064428164202,0.9343129120429391,0.9135332062411402,0.3772137403366037,0.2113620914294812,0.17091791882732138,0.06265266424337108,0.012615366071926759,2.370045052963121,1.8163494878652249,1.7497892562951716,1.2856088627647477,0.8540771993141213,0.6416745452192515,0.4726868896796276,0.29257911476050913,0.2613085842505596,0.11962995640142786,0.06449767426504453,4.757865766068424,3.949344138882509,3.6771555373717097,2.55604323946972,2.4157747011651227,1.9340744010665074,1.348040311737897,1.270691495673288,0.8109590353762529,0.7363095717583362,0.2993799754298088,0.29215222904287436,0.286556339546453,4.101243453633541,2.801087287001675,2.645680466167736,2.025082428030486,2.0057395271389926,1.7679484316841738,1.714463722963514,0.6902538655425063,0.5554276846020918,0.555238428034493,0.2023669039931268,0.11426290296503154,0.08460888248277756,5.098701676501503,3.5449815310485766,3.3150949446230724,2.9794579588561327,1.8375818459599997,0.6908849432128312,0.4969695846658077,0.4465645509430746,0.34154026559091,0.2071409814241196,0.07870193190913127,0.03997890707180326,8.261047043203225,3.773688345872355,3.3903981274270603,2.401255315647881,2.4003059067000363,2.195267759406859,1.530419821290103,1.016219128878902,0.8785630377830917,0.6781313838811649,0.4851105676902621,0.41701926692843616,0.38315119052100344,0.21241710994952798,0.16400974684281014,0.06674375302839074,5.77164997995441,4.513295426210731,2.353595342612685,2.3367544122526067,2.0694398068504225,1.583039946326017,1.3468254124620709,1.1526379030910947,0.8743113507379467,0.6554745400106129,0.4429311082364251,0.2343429110689498,0.17540461154472126,5.589506096277849,3.3659357790930677,1.8583477321861586,1.3425095520118309,1.0535928641442802,0.9365709571694703,0.6213828618806266,0.26324595395354655,0.07877681622444563,0.06666431351366675,0.030434675072586292,4.834550706252613,4.450761184517196,3.9939970244900267,3.4438195346936626,3.378991857283145,3.061914894549619,2.928447079385771,2.5280548065709483,2.2079140430868667,1.4341902145546235,1.1986284934485614,1.1529373454768284,1.1249191036431996,1.086239891274811,1.0839353958516686,0.9095543107934767,5.6751826063230535,1.8374838786260128,1.8242687484509033,1.3551387488460591,1.1483495401417276,0.6686915545905506,0.609478341169666,0.536670554959548,0.36447184362054086,0.33133821199751745,0.1052182656398824,2.146663914048522,0.8058953558797575,0.6280801661163206,0.5939649333105835,0.33815256002090627,1.630370013035575,1.4263005099162405,1.2032793741289964,1.054779630579546,1.033364111109011,0.6005643697979609,3.5144042477788022,3.461913181501516,2.3626774203043954,2.172150186966737,1.341832852582065,1.119394135479703,0.7734618817790464,0.7017108412711031,0.6545386079261674,0.09586725170168561,8.7571902211357,5.163552725086003,1.3578872107534115,0.6770770592611075,0.6661959069823906,0.5596613771364335,0.5415314423069579,0.06652228837245665,0.03399127400990204,2.5937999476149645,0.9175273807814084,0.8679505527985256,0.4593847989681195,0.17939267183613866,0.12564736180407682,0.02874658917254064
2026-09-24 13:30:00+01:00,11.53693288936121,4.413734671263196,3.62286050673395,3.114900129647708,2.546889007947151,2.3517625164747584,1.4054790738854113,1.391986346665958,0.9716872914181791,0.9691163573497509,0.9376609730216764,0.42598330615293545,0.42035690619448435,0.33631860444467715,0.24694535504120738,0.23438551323359938,0.18643922919457084,0.17811160583159688,0.03700566854740156,0.0026088418550504508,0.0016979365739023119,7.119705954377368,4.27270316231618,2.637327075838723,2.1796544694356585,1.252299241079081,1.212245589786201,0.3527987734047452,5.444465120113657,4.718862958833596,3.56119437517885,1.8334510476559442,1.6918957742677494,1.4432785821777585,0.4854452035404182,0.35747233560335423,0.31088192605916826,0.1993591190046041,0.1905929653490998,0.11441517674872671,4.5851662263754225,2.7810507866501895,1.9160683363313602,1.402117472514496,0.753316403941192,0.7409630604878984,0.2794651730348775,0.17277395799529152,4.346543472938925,3.4252895788919115,3.141393566455922,2.8507236342461173,2.3744799112720383,2.0090208351465026,1.9773836989977926,1.953286517265166,1.9364523842120271,1.5193488326875382,1.1095756406685293,1.033392830929953,1.0253151836203798,0.7344850385841986,0.5776745123371525,0.30685097388399263,2.2347913895516203,1.5719986585402639,1.433472054113763,1.0538448194664212,0.48495762323204095,0.2870701499567497,5.748893811281007,3.6564772556049623,2.2864862285540077,2.172231741307877,1.6003230712579746,1.3172779770425538,1.187970201805756,0.8369646042023541,0.7181620783415317,0.5604992643802401,0.5326547875272165,0.10107961433066735,0.10018839309294378,0.03703694542830745,2.4116500742355633,2.2572385280337657,1.8041739718655476,1.6693261238745967,1.5159864078974101,0.6349927277725669,0.3349994594837424,0.05742821223762713,0.02019027681402764,7.026988384393287,2.9505680485386994,2.637829597967715,1.636076550516983,0.5281582148418189,0.5180895609577726,0.28011093659537667,0.05126634941244887,0.03773736342083909,3.1465090614431426,2.282200120917746,1.1503197013835473,0.9246103253595832,0.8696091834702587,0.8502685292182023,0.3510906554963683,0.196724687602423,0.15908138474386416,0.05831379561669834,0.011741717413493754,2.389807392653031,1.8314949027297687,1.7643796665599158,1.296328759849637,0.861198820784207,0.6470250723398803,0.4766283332691225,0.2950187510217867,0.2634874749005042,0.1206274766099734,0.06503548047528572,4.6284435325553,3.841915101474313,3.5771305038754297,2.4865144126231296,2.3500614228042567,1.8814642096332537,1.311371267971449,1.2361264743881113,0.7888995375243891,0.7162806693009218,0.2912363188000743,0.2842051797002421,0.2787615081420157,3.8720433599069892,2.644547087431654,2.497825256480314,1.9119096579776955,1.8936477450225184,1.6691457268882126,1.6186500385440077,0.6516786742703831,0.5243873235973495,0.5242086437300911,0.19105752577972576,0.10787726203316961,0.079880471693613,4.877608625797503,3.391261852762426,3.1713437504596524,2.8502608629358615,1.757899487191296,0.6609263636622044,0.4754196826412877,0.42720034311752253,0.326730185682575,0.19815880627158092,0.07528921013678634,0.038245317015131876,7.669023108213731,3.5032487984077916,3.14742688781503,2.2291705165358944,2.2282891465204364,2.037944958739732,1.4207430260790728,0.9433922772287262,0.8156012432255112,0.6295334267183972,0.4503453538272969,0.38713378315352753,0.3556928460373242,0.19719434065239858,0.1522560677758935,0.06196059429594593,5.691685155337406,4.450764801787017,2.3209868442725092,2.304379240958822,2.040768215228446,1.5611073079800803,1.3281654697643495,1.136668381708525,0.8621979769080652,0.6463930976475273,0.43679440408586945,0.23109614630515607,0.17297442276891156,5.785770029804386,3.484123644822819,1.9235997651022423,1.3896489952714508,1.0905875961099805,0.9694567071650197,0.6432014345054745,0.2724892905772016,0.08154290101916525,0.0690050928545733,0.03150332567291849,4.45773542038231,4.10385927987583,3.682696301425543,3.1754008291512825,3.115625960425584,2.8232626585087286,2.700197612077951,2.3310127746398743,2.035824471196179,1.3224063428929094,1.1052048092524338,1.0630749276797569,1.037240487909155,1.0015760165893983,0.9994511384987488,0.8386616904734652,5.2727976409302055,1.7072015708660717,1.694923427228144,1.259055944752779,1.0669286199665788,0.6212796126818232,0.5662647675753988,0.4986192396689778,0.3386298574933423,0.3078454851169051,0.09775802143011406,2.0455994647157723,0.7679539856313511,0.5985102946008238,0.5660011992043043,0.32223241432631566,1.4967636201374894,1.309417308682797,1.1046724226145288,0.9683420117461865,0.9486814621816361,0.5513490146882208,3.4779520624957905,3.4260054452740882,2.3381712027446606,2.149620160397402,1.3279150627341647,1.1077835296545444,0.7654393625023365,0.6944325398015784,0.6477495873898733,0.09487289516919177,8.592332506548837,5.066346717232944,1.3323244244511052,0.6643308046097492,0.6536544945065982,0.5491255210858745,0.5313368897505703,0.06526997888125673,0.0333513742694986,2.4097974043706487,0.8524385632281063,0.8063786843619912,0.4267963291381169,0.1666666680872395,0.11673401667692178,0.026707324146642748
2026-09-24 14:30:00+01:00,9.588836547034273,3.668442967519438,3.011113747901941,2.588926232817977,2.116827984945981,1.954650042968835,1.1681535499085771,1.1569391693516473,0.807610714354712,0.8054739014953693,0.7793299911737457,0.3540528781468818,0.3493765373839413,0.2795287236801499,0.20524680764356887,0.19480778790541825,0.15495758810821908,0.14803614546669544,0.030756988050262297,0.002168319636166797,0.0014112274406479733,6.001398163359315,3.601580328628378,2.2230763419920567,1.8372913731902905,1.0555978594547883,1.0218355228013856,0.2973838981994612,4.353086432546863,3.7729359762557633,2.8473296414340212,1.4659237784084307,1.3527441865757717,1.1539639387628802,0.3881345334493814,0.28581466494789765,0.24856360810406866,0.15939627805445855,0.1523873573062253,0.09147990529727854,3.886861436458211,2.357506472346011,1.6242578258699805,1.1885798822192213,0.6385889486595584,0.6281169762360227,0.2369036039858171,0.14646108808295247,3.610823108680912,2.8455058237400066,2.6096636451103947,2.3681941384193195,1.9725621032204852,1.6689626832291777,1.6426806264616642,1.6226622690712527,1.6086775759417986,1.2621753145623305,0.9217626348612965,0.858474955444094,0.8517645760930599,0.6101619750985708,0.4798940793827134,0.2549116543570189,1.910383635223832,1.343803509316219,1.225385763759839,0.9008661419525134,0.41455999496463786,0.2453983486792732,5.194271779723472,3.3037202017404277,2.065898463526848,1.9626666282745082,1.4459325985747236,1.1901941567918288,1.0733612929644727,0.7562188078173933,0.6488777039988077,0.5064253414827491,0.48126714843089374,0.09132800247464058,0.09052276141843706,0.03346382221705157,2.073623970432986,1.9408553374806448,1.5512940433854416,1.4353469858323373,1.3034999512784256,0.5459897169274017,0.2880446531977796,0.04937885423232622,0.017360330347476277,6.23792714368687,2.6192484621367256,2.3416274440026883,1.452361348182396,0.4688512751551164,0.45991323144023355,0.24865725102272462,0.04550964582037821,0.03349983104239227,2.7401881390776195,1.987490765233037,1.0017744555398809,0.8052118069086357,0.7573131758550429,0.740470055320955,0.305752957053583,0.17132086547517175,0.1385385883564718,0.05078350895331139,0.010225463890480558,2.096580406064387,1.6067723025189977,1.5478920389736224,1.13727051229065,0.7555305833151171,0.567635740466193,0.41814651154703025,0.2588202441399295,0.2311578241903881,0.10582660538709737,0.0570556918028848,4.070228660935272,3.3785597358832984,3.1457095670218482,2.1866275686202026,2.066631534073258,1.6545496335234164,1.1532129283810484,1.087043056527826,0.6937540634653914,0.6298934164273892,0.25611167200108464,0.24992852561896603,0.24514138976191938,3.3019108008413007,2.255155167356839,2.1300371474106266,1.6303937128588857,1.614820744783401,1.4233751514401127,1.380314616409417,0.5557233360380051,0.4471747877461637,0.4470224172976036,0.16292557942048602,0.09199305471648082,0.06811860502196812,4.187427958048549,2.911398963052116,2.722599229265962,2.4469495076058423,1.509157053145174,0.5674054123106218,0.4081478904169351,0.36675157801652475,0.28049792823258973,0.17011937389287224,0.0646358016095693,0.032833612128404056,6.130911249690941,2.800631470991523,2.5161737866479688,1.7820844199402295,1.7813798189412933,1.6292113737936793,1.1357964735011703,0.7541839741150981,0.6520229195811998,0.5032731696675369,0.36002335070143254,0.3094895963645371,0.28435450518713495,0.15764472011908884,0.12171934098896664,0.04953367583410917,5.018121849599707,3.924054034916613,2.0463174750548743,2.031675242608172,1.7992603756732892,1.3763633226265883,1.1709882015273283,1.0021531912480772,0.7601640618764237,0.5698978840552552,0.38510344179363676,0.2037478513801329,0.15250434741714317,5.11058124677088,3.0775327862909396,1.6991191898715616,1.2274794985358906,0.9633180178143097,0.8563228821179586,0.5681410032107589,0.2406902886212417,0.07202699357373689,0.06095232469621485,0.027826945171613778,3.857844569980855,3.5515906050513655,3.1871047941478428,2.748077597930512,2.6963468129044736,2.4433277190380003,2.3368239056989175,2.017321381184441,1.7618574547353347,1.144446147680994,0.9564740770831927,0.9200137402682391,0.8976559186864982,0.8667909224390625,0.8649519955780376,0.725800466723649,4.518785081235117,1.4630709377517102,1.4525485744685742,1.0790103484012221,0.9143573220453057,0.5324363338485486,0.4852886376457574,0.42731645226488946,0.2902056275066414,0.26382343495860916,0.08377857807028054,1.7682657522245382,0.663838036477456,0.517366803497627,0.48926515358179,0.2785455082180626,1.2529741533880134,1.0961423846122946,0.9247458816305155,0.8106206591567692,0.794162375354065,0.4615465365445153,3.0719813427994764,3.026098295517881,2.0652436209681952,1.8987015658023978,1.1729115940184665,0.9784753423304061,0.6760919640060016,0.6133735508051976,0.5721397568199399,0.08379867193683622,7.396186302479114,4.361056111951961,1.1468503635157388,0.5718487260152714,0.5626586744797004,0.4726812718550566,0.4573690116135272,0.056183687420931876,0.028708499974007363,2.030509799999531,0.7182698650902704,0.6794595338753675,0.3596211562627604,0.14043433787032042,0.09836078519542675,0.022503752105121455
2026-09-24 15:30:00+01:00,7.191654195853823,2.751342473114879,2.258343722209944,1.94170190655299,1.5876269018837352,1.4659929923709474,0.8761184255664348,0.8677076088223439,0.6057102917560878,0.6041076761425805,0.5844996703706308,0.2655406476259798,0.2620333789908246,0.2096473235992088,0.15393567907172281,0.14610638510761917,0.11621862394166421,0.11102752262607546,0.02306782695465881,0.0016262457841367812,0.0010584245226266838,4.586949031890328,2.7527361044863388,1.6991270362589728,1.4042664152845146,0.8068075884472432,0.7810025821451796,0.2272944981844425,3.074736836772486,2.664956326674745,2.0111682757994793,1.0354331142320101,0.9554904194173914,0.8150849944749173,0.2741529639056778,0.20188087060125842,0.17556914937512727,0.11258715290239012,0.10763650762011781,0.06461544906137646,2.997182045810686,1.8178873076156077,1.2524749011637026,0.9165210392077557,0.4924197486493363,0.4843447482292941,0.18267778259189554,0.11293701892602624,2.5795365103973604,2.0328013702025705,1.8643180376892299,1.6918145973629006,1.4091789631152214,1.192290523878126,1.1735148810511076,1.1592139634452008,1.14922343623621,0.9016856291321363,0.6584981592779829,0.6132860636418066,0.6084922346411573,0.4358937130536728,0.3428316097554453,0.18210637839302432,1.4523060282074884,1.021582210673439,0.9315590328429184,0.6848537144280792,0.3151555366366336,0.1865559851580881,4.2341536221314495,2.693054859646328,1.6840342271739355,1.5998839424585216,1.1786639223446715,0.9701966153738869,0.8749593396715121,0.6164380186541577,0.528938029664123,0.4128168076127302,0.3923088983707409,0.07444677692637332,0.07379037801630423,0.027278311582347545,1.5885434743249844,1.4868332566197697,1.188401592823313,1.0995778985231799,0.9985736907516118,0.41826696365419896,0.22066269520215478,0.03782771504325713,0.013299248021255773,4.967548485713167,2.085828101561259,1.8647457072871283,1.156582186628045,0.37336784933094413,0.36625007374646334,0.19801721346323242,0.03624142555258267,0.026677457291994975,2.1467649456976505,1.5570739263678066,0.7848272364875921,0.6308327724953924,0.5933072096968574,0.5801116848264697,0.23953819844902205,0.13421911555039528,0.10853626467057918,0.0397856830652472,0.008011007390525375,1.6030396800057607,1.2285337353253276,1.1835140458541216,0.8695539426148786,0.5776766304830363,0.43401274433584225,0.31971368621351653,0.1978932552002223,0.17674264409280552,0.08091473484400132,0.04362462687605356,3.1778543052684527,2.6378298362766426,2.4560307352333086,1.7072219798485921,1.6135343896008922,1.2917990889889084,0.9003775892298042,0.8487150833450596,0.5416524527333029,0.4917928873298417,0.19996065265560067,0.19513312575542754,0.19139554205669623,2.4603579531339728,1.6803872927590482,1.5871579071025355,1.2148578141935042,1.2032539041639974,1.0606017501280378,1.028515986393299,0.4140869975091021,0.33320404815052707,0.3330905121201649,0.12140099150892229,0.06854692856848639,0.05075732257197525,3.1470680623123966,2.188066465874352,2.0461737292531867,1.8390087477627022,1.134209354894794,0.4264344292858284,0.3067441884373129,0.27563272479948814,0.21080865875886268,0.12785348278763925,0.04857713827325919,0.024676152792323536,4.063395219345045,1.856179622718875,1.6676490849907635,1.1811153379229637,1.180648348235131,1.0797953905970388,0.7527738981389215,0.49985188663111385,0.43214241838245554,0.3335552756133577,0.2386133320991282,0.20512098366585918,0.18846215349062115,0.10448247837859086,0.08067214939725785,0.03282952458185603,3.905071905590943,3.053674985790951,1.592431814383707,1.5810373181405935,1.4001734821256375,1.0710775672981392,0.91125589704993,0.7798695188227344,0.5915550500054741,0.44349106753105805,0.2996851563926591,0.15855533884904457,0.11867795570302311,3.9284988245780963,2.36569645403517,1.3061112656111489,0.9435622944530689,0.7405016216246608,0.6582545650722824,0.4367294355643673,0.18501839033150239,0.05536707977612262,0.046853992601268143,0.02139054563849396,2.984026777482689,2.747140605558874,2.4652123422452483,2.125626626493573,2.0856130787889633,1.8899038588823385,1.8075236009059477,1.560389723081199,1.3627894353099415,0.8852243495346268,0.7398287323945901,0.7116268130589961,0.6943331307771239,0.6704591841681997,0.66903678186671,0.5614036513201334,3.4084488608498003,1.1035715090391567,1.0956346551058314,0.8138806176300941,0.6896854169225403,0.4016083931756932,0.3660456238637763,0.32231811178471453,0.2188975626645314,0.19899788774737817,0.06319287017501023,1.3477540524696736,0.5059705548899828,0.39433168071597957,0.37291289086071805,0.21230453455643708,0.9080212013739951,0.7943663660270148,0.6701565743661158,0.5874508606548811,0.5755236628027337,0.3344793980545701,2.399171873525805,2.3633378940103755,1.6129246419479024,1.482857766558339,0.91602656152105,0.7641747322978059,0.5280177979472513,0.4790356473048865,0.44683266566892493,0.06544552011063338,5.547358220305471,3.270920915518467,0.8601716521630732,0.4289034377039321,0.42201062756557844,0.35452491754171817,0.343040270015488,0.04213942530856897,0.021532223068808896,1.4743182623636089,0.5215234023535743,0.49334388798800716,0.26111473986022,0.10196695873381285,0.07141807535923995,0.016339587575638262
2026-09-24 16:30:00+01:00,4.317811847363866,1.6518840871714644,1.3558915673114085,1.1657823454577454,0.9531985353382693,0.8801705057316334,0.5260145182989303,0.5209647309767619,0.36366363045131866,0.36270143281301154,0.35092894246244455,0.15942848794609005,0.1573227518174687,0.12587058178168128,0.09242175454029528,0.08772110885933487,0.06977673532035929,0.06666003947391028,0.01384973940699051,0.0009763850043734861,0.0006354696456307242,2.8271059510927783,1.6966128397494151,1.047234691834097,0.8655012104929565,0.49726528871981385,0.48136071110681905,0.1400899866120963,1.6166935860807234,1.401231399381418,1.0574702892059684,0.5444297068205792,0.5023959169966451,0.42857088350411776,0.1441493571256568,0.10614876198512116,0.09231408500194173,0.059198213582222166,0.05659516919185678,0.03397473917439613,1.8988243207138595,1.1516980214272863,0.7934886059849113,0.580649561185698,0.3119659001167742,0.30685009235034827,0.11573304895657315,0.07154972736654565,1.3563726745615452,1.0688882364100751,0.9802962791266487,0.8895904675270104,0.7409749121333521,0.6269305668706515,0.6170579526334635,0.6095382397766682,0.6042850177128908,0.47412461249143817,0.3462517029294326,0.32247826501398075,0.31995757238691663,0.2292017651295415,0.18026782159272556,0.0957552314224131,0.8428357310341247,0.592868150803676,0.540623823903477,0.3974501033806626,0.1828983299328698,0.10826647213161913,2.900854509637147,1.8450346944125955,1.1537461127406299,1.0960940399324932,0.8075126364354669,0.6646899187198795,0.5994420544801975,0.422326907785772,0.36237992420722887,0.2828242914376293,0.26877414911475656,0.05100411743353516,0.050554412980573844,0.0186886023112941,0.9564082863884145,0.8951720051056674,0.715496396103593,0.662018654619447,0.6012074380338428,0.25182438908786114,0.13285354389046233,0.0227747875379263,0.008007027327765525,3.193213251982786,1.3408009915593797,1.1986859758314785,0.7434680458519337,0.24000634674765903,0.23543093588123834,0.1272883781547469,0.023296521549429874,0.017148662041045645,1.3388828201687453,0.9711074954547745,0.4894768315644666,0.3934343921472128,0.3700306508811683,0.3618009368701032,0.14939389583396728,0.08370905641477588,0.06769131405092024,0.024813320923417183,0.004996262021566423,0.919098889546291,0.7043768198573899,0.6785648907349894,0.49855663152085056,0.331209486712078,0.24884014809076804,0.18330706197524593,0.11346161506281084,0.10133496378616724,0.04639226581265096,0.025012073387046804,1.9485205436526478,1.6174012817780024,1.505930065928604,1.0467934589686338,0.9893483476618291,0.7920744066188486,0.5520719520558741,0.5203947748215022,0.33211746992961266,0.30154577653096587,0.12260708081414548,0.11964705356417736,0.11735533156530366,1.381681020722871,0.9436672525278836,0.8913117517475293,0.6822364943320245,0.6757200026022244,0.595609800123086,0.5775911655861006,0.23254183183291086,0.18711980863239208,0.1870560493821904,0.06817603334960042,0.03849439473280041,0.02850415695450962,1.8209651313938506,1.2660650042000439,1.1839626407718629,1.0640922724574144,0.6562793196936946,0.2467446560354207,0.17748916144877597,0.15948736124955204,0.12197868282318963,0.07397893196897887,0.02810783663620742,0.014278183033242485,1.9558871694384423,0.8934592163137188,0.8027113466420164,0.5685216943880814,0.5682969121334921,0.5197520388941969,0.3623425065444152,0.2406002465689214,0.20800876258858728,0.16055452365665418,0.11485487616064666,0.09873356601510011,0.09071495339221726,0.05029191793082688,0.038830980847231085,0.01580226447152387,2.400256254714649,1.8769443077389967,0.9787897675350695,0.9717861293081526,0.8606179961362518,0.6583388711770387,0.5601043257124643,0.4793475602166421,0.3635998883274877,0.2725922171183202,0.1842017736079984,0.09745619363524338,0.07294552119900662,2.288571569073825,1.3781512703761851,0.7608832895210873,0.5496781180702707,0.4313838526565588,0.3834703152798497,0.2544194651038519,0.10778362086285062,0.03225443873001155,0.02729508653381703,0.01246119619254075,1.8780712753373896,1.7289810867466366,1.5515425406080712,1.3378158465044327,1.312632327664912,1.189457875277662,1.137609816363505,0.9820699798554219,0.8577053369970005,0.5571379035990746,0.4656295652117729,0.4478799876901387,0.4369957797522346,0.4219701192275046,0.4210748950543974,0.3533333143556171,1.9876588142953115,0.6435548035771217,0.6389263763005526,0.47461970223406447,0.4021944743789522,0.23420051031413155,0.213461853297591,0.18796187416940716,0.12765151763181737,0.1160468945714528,0.03685132754864396,0.8144289264159741,0.3057509306405262,0.23828912017650813,0.22534604499525765,0.12829266128727354,0.49047574371215996,0.4290840715695477,0.3619910457139548,0.31731681742459256,0.31087423521606933,0.18067202755725129,1.4485607054216663,1.4269250338727775,0.9738440513219495,0.8953128852786378,0.5530742073063251,0.4613898243379921,0.31880410166097195,0.2892298892126985,0.2697865244792182,0.039514388203804214,3.2534549969817093,1.9183534891207266,0.504479726899241,0.2515464077139859,0.24750386229015026,0.20792435222744937,0.20118875261428257,0.024714236650207125,0.012628374797018884,0.809613432722597,0.2863915904749954,0.2709169714999943,0.14338966440921894,0.05599457158755963,0.03921882718683646,0.008972790966569066
2026-09-24 17:30:00+01:00,1.2198699658964378,0.4666909667017989,0.383067039149761,0.3293573041781428,0.2692980393542472,0.24866613061553744,0.14860983645920162,0.1471831684833289,0.10274239734352196,0.10247055687392301,0.09914458809387298,0.045041801502410016,0.04444688807166928,0.035561008152573376,0.02611103182460142,0.024783003487742494,0.019713351749585502,0.01883282156663218,0.003912834031523356,0.00027584869005212723,0.00017953314371885992,0.7344221670274614,0.4407440329195109,0.2720493625171153,0.2248388583842884,0.1291789756899553,0.12504730374052692,0.03639240740402212,0.3830432958689783,0.3319938287101977,0.25054649090489484,0.1289917588991558,0.11903269087869311,0.10154132183382117,0.03415331471974368,0.02514983172646937,0.021871980985583742,0.014025835838850097,0.013409096395356672,0.00804963672874978,0.6184993421824195,0.3751397435112763,0.25846107798240536,0.18913354316888567,0.10161587983717829,0.09994952044639661,0.03769743934051548,0.023305715450760045,0.23820937483988955,0.18772067835358236,0.17216194943186547,0.15623198041912403,0.1301317653338783,0.11010302787952483,0.108369176033655,0.10704854628919945,0.10612596301457541,0.08326688502059298,0.06080954242072853,0.05663439506643276,0.05619170506971002,0.040252955701394075,0.03165906088401034,0.01681676005612201,0.21546771941717238,0.1515644670308504,0.13820840539846177,0.10160659331857809,0.04675725599280441,0.027677908020012888,0.654800449459471,0.4164736780683303,0.2604313558900892,0.24741774108740813,0.182277199882143,0.15003829253863482,0.13531010445182226,0.09533047869799681,0.08179884115445123,0.06384100703298663,0.06066951412376886,0.011512993467548978,0.011411483144661453,0.004218517389462386,0.20500497200912302,0.19187904837485825,0.15336579653626714,0.14190290662607233,0.12886809510112324,0.05397825653635705,0.028476998196475423,0.0048817484626332095,0.0017162967286736997,0.9297771099162537,0.39040489078856166,0.3490248518835048,0.2164777346323697,0.06988334001872032,0.06855110444396861,0.03706292409163714,0.006783315352922569,0.004993225373079448,0.46557420722403364,0.3376864618135069,0.17020741798855607,0.13681025886606127,0.1286719975321517,0.12581025151624622,0.051949239746196,0.02910843054425725,0.023538527345685314,0.008628419189111319,0.0017373669261669684,0.3205559389131665,0.2456668976605088,0.2366644200499922,0.17388258318693425,0.11551658825564357,0.08678847098803946,0.06393236683149041,0.03957223206418831,0.03534279589570815,0.01618032237338975,0.008723510342513577,0.5044897394806175,0.418759942735948,0.38989902832237355,0.2710243734023681,0.2561513101790885,0.20507528768228422,0.14293646334625107,0.13473495326081342,0.0859882419138714,0.0780729516756413,0.03174409141330236,0.030977713362500478,0.030384365636226828,0.356575207527576,0.24353547697359468,0.2300239115138637,0.17606713554048367,0.17438540194491794,0.15371108446813156,0.14906095303184122,0.060012876127719626,0.04829065724642262,0.048274202675844105,0.017594425106398442,0.009934381803489968,0.007356166531212325,0.44626190301002266,0.3102731449208088,0.2901524098702506,0.2607759117944354,0.16083364423812613,0.060469438904431384,0.043497071737532665,0.039085390549347225,0.02989318037169989,0.018129934721954337,0.0068883563174916024,0.00349913846349322,0.4302086808355548,0.19652151557446526,0.17656099744738488,0.12504963066929548,0.12500018851397426,0.11432246323209996,0.07969932733690206,0.05292141402760126,0.04575272886582974,0.03531489489976123,0.025262993455184554,0.021717018166105023,0.01995327800127118,0.011061997853343948,0.008541098539254848,0.003475799350154079,0.4854176021614961,0.3795852228126567,0.19794627387964697,0.19652988791342405,0.1740477181304776,0.13313964941399797,0.11327311332428902,0.09694120901686308,0.07353289282818659,0.055127889008330794,0.03725218217140706,0.019709125530778093,0.01475219152925483,0.4436561986304026,0.26716462006919,0.1475027446779543,0.10655909023289242,0.08362688884473021,0.07433850208735686,0.04932105872102362,0.020894636703882915,0.006252756902728325,0.0052913505072432025,0.0024156932681845865,0.36790324852830664,0.3386973470129969,0.3039381669990272,0.2620703496853214,0.2571370446973256,0.23300788529637392,0.22285115186729865,0.1923818018067662,0.16801949100924,0.10914007753807285,0.09121412584379128,0.08773708675801904,0.08560493367597313,0.08266149409999718,0.08248612488703265,0.06921594290469735,0.5378878798366505,0.1741548028088085,0.17290228657369472,0.12843863520605903,0.10883936999137778,0.06337788711197474,0.05776572059070922,0.05086507465968184,0.03454426065635012,0.031403889658394926,0.009972477319420407,0.2504361150812004,0.09401811842445028,0.07327367629946144,0.06929369307384023,0.03944987050939173,0.10535514956620701,0.09216809825200334,0.07775638500321595,0.06816027334322165,0.066776394077278,0.03880870507817566,0.2964475224744547,0.29201978865305983,0.19929689878398357,0.18322551874210055,0.1131864739163666,0.09442329189794396,0.0652431656735977,0.059190811791147345,0.05521173291496758,0.008086607928317184,1.0402832775981241,0.613388246373683,0.16130600369988746,0.0804312712877554,0.07913867851876107,0.06648323914985872,0.06432954971856973,0.00790230912358235,0.004037888071839897,0.20440346658573963,0.07230541333440337,0.06839852933922702,0.03620165290396392,0.01413697461020535,0.009901594895057967,0.002265364560896985
2026-09-24 18:30:00+01:00,0.0,0.0,0.0,0.0,0.0,0.0,0.0,0.0,0.0,0.0,0.0,0.0,0.0,0.0,0.0,0.0,0.0,0.0,0.0,0.0,0.0,0.0,0.0,0.0,0.0,0.0,0.0,0.0,0.0,0.0,0.0,0.0,0.0,0.0,0.0,0.0,0.0,0.0,0.0,0.0,0.0,0.0,0.0,0.0,0.0,0.0,0.0,0.0,0.0,0.0,0.0,0.0,0.0,0.0,0.0,0.0,0.0,0.0,0.0,0.0,0.0,0.0,0.0,0.0,0.0,0.0,0.0,0.0,0.0,0.0,0.0,0.0,0.0,0.0,0.0,0.0,0.0,0.0,0.0,0.0,0.0,0.0,0.0,0.0,0.0,0.0,0.0,0.0,0.0,0.0,0.0,0.0,0.0,0.0,0.0,0.0,0.0,0.0,0.0,0.0,0.0,0.0,0.0,0.0,0.0,0.0,0.0,0.0,0.0,0.0,0.0,0.0,0.0,0.0,0.0,0.0,0.0,0.0,0.0,0.0,0.0,0.0,0.0,0.0,0.0,0.0,0.0,0.0,0.0,0.0,0.0,0.0,0.0,0.0,0.0,0.0,0.0,0.0,0.0,0.0,0.0,0.0,0.0,0.0,0.0,0.0,0.0,0.0,0.0,0.0,0.0,0.0,0.0,0.0,0.0,0.0,0.0,0.0,0.0,0.0,0.0,0.0,0.0,0.0,0.0,0.0,0.0,0.0,0.0,0.0,0.0,0.0,0.0,0.0,0.0,0.0,0.0,0.0,0.0,0.0,0.0,0.0,0.0,0.0,0.0,0.0,0.0,0.0,0.0,0.0,0.0,0.0,0.0,0.0,0.0,0.0,0.0,0.0,0.0,0.0,0.0,0.0,0.0,0.0,0.0,0.0,0.0,0.0,0.0,0.0,0.0,0.0,0.0,0.0,0.0,0.0,0.0,0.0,0.0,0.0,0.0,0.0,0.0,0.0,0.0,0.0,0.0,0.0,0.0,0.0,0.0,0.0,0.0,0.0,0.0,0.0,0.0,0.0,0.0,0.0,0.0,0.0,0.0,0.0,0.0,0.0,0.0,0.0,0.0,0.0,0.0,0.0,0.0,0.0,0.0,0.0,0.0,0.0,0.0,0.0,0.0,0.0,0.0,0.0,0.0,0.0
2026-09-24 19:30:00+01:00,0.0,0.0,0.0,0.0,0.0,0.0,0.0,0.0,0.0,0.0,0.0,0.0,0.0,0.0,0.0,0.0,0.0,0.0,0.0,0.0,0.0,0.0,0.0,0.0,0.0,0.0,0.0,0.0,0.0,0.0,0.0,0.0,0.0,0.0,0.0,0.0,0.0,0.0,0.0,0.0,0.0,0.0,0.0,0.0,0.0,0.0,0.0,0.0,0.0,0.0,0.0,0.0,0.0,0.0,0.0,0.0,0.0,0.0,0.0,0.0,0.0,0.0,0.0,0.0,0.0,0.0,0.0,0.0,0.0,0.0,0.0,0.0,0.0,0.0,0.0,0.0,0.0,0.0,0.0,0.0,0.0,0.0,0.0,0.0,0.0,0.0,0.0,0.0,0.0,0.0,0.0,0.0,0.0,0.0,0.0,0.0,0.0,0.0,0.0,0.0,0.0,0.0,0.0,0.0,0.0,0.0,0.0,0.0,0.0,0.0,0.0,0.0,0.0,0.0,0.0,0.0,0.0,0.0,0.0,0.0,0.0,0.0,0.0,0.0,0.0,0.0,0.0,0.0,0.0,0.0,0.0,0.0,0.0,0.0,0.0,0.0,0.0,0.0,0.0,0.0,0.0,0.0,0.0,0.0,0.0,0.0,0.0,0.0,0.0,0.0,0.0,0.0,0.0,0.0,0.0,0.0,0.0,0.0,0.0,0.0,0.0,0.0,0.0,0.0,0.0,0.0,0.0,0.0,0.0,0.0,0.0,0.0,0.0,0.0,0.0,0.0,0.0,0.0,0.0,0.0,0.0,0.0,0.0,0.0,0.0,0.0,0.0,0.0,0.0,0.0,0.0,0.0,0.0,0.0,0.0,0.0,0.0,0.0,0.0,0.0,0.0,0.0,0.0,0.0,0.0,0.0,0.0,0.0,0.0,0.0,0.0,0.0,0.0,0.0,0.0,0.0,0.0,0.0,0.0,0.0,0.0,0.0,0.0,0.0,0.0,0.0,0.0,0.0,0.0,0.0,0.0,0.0,0.0,0.0,0.0,0.0,0.0,0.0,0.0,0.0,0.0,0.0,0.0,0.0,0.0,0.0,0.0,0.0,0.0,0.0,0.0,0.0,0.0,0.0,0.0,0.0,0.0,0.0,0.0,0.0,0.0,0.0,0.0,0.0,0.0,0.0
2026-09-24 20:30:00+01:00,0.0,0.0,0.0,0.0,0.0,0.0,0.0,0.0,0.0,0.0,0.0,0.0,0.0,0.0,0.0,0.0,0.0,0.0,0.0,0.0,0.0,0.0,0.0,0.0,0.0,0.0,0.0,0.0,0.0,0.0,0.0,0.0,0.0,0.0,0.0,0.0,0.0,0.0,0.0,0.0,0.0,0.0,0.0,0.0,0.0,0.0,0.0,0.0,0.0,0.0,0.0,0.0,0.0,0.0,0.0,0.0,0.0,0.0,0.0,0.0,0.0,0.0,0.0,0.0,0.0,0.0,0.0,0.0,0.0,0.0,0.0,0.0,0.0,0.0,0.0,0.0,0.0,0.0,0.0,0.0,0.0,0.0,0.0,0.0,0.0,0.0,0.0,0.0,0.0,0.0,0.0,0.0,0.0,0.0,0.0,0.0,0.0,0.0,0.0,0.0,0.0,0.0,0.0,0.0,0.0,0.0,0.0,0.0,0.0,0.0,0.0,0.0,0.0,0.0,0.0,0.0,0.0,0.0,0.0,0.0,0.0,0.0,0.0,0.0,0.0,0.0,0.0,0.0,0.0,0.0,0.0,0.0,0.0,0.0,0.0,0.0,0.0,0.0,0.0,0.0,0.0,0.0,0.0,0.0,0.0,0.0,0.0,0.0,0.0,0.0,0.0,0.0,0.0,0.0,0.0,0.0,0.0,0.0,0.0,0.0,0.0,0.0,0.0,0.0,0.0,0.0,0.0,0.0,0.0,0.0,0.0,0.0,0.0,0.0,0.0,0.0,0.0,0.0,0.0,0.0,0.0,0.0,0.0,0.0,0.0,0.0,0.0,0.0,0.0,0.0,0.0,0.0,0.0,0.0,0.0,0.0,0.0,0.0,0.0,0.0,0.0,0.0,0.0,0.0,0.0,0.0,0.0,0.0,0.0,0.0,0.0,0.0,0.0,0.0,0.0,0.0,0.0,0.0,0.0,0.0,0.0,0.0,0.0,0.0,0.0,0.0,0.0,0.0,0.0,0.0,0.0,0.0,0.0,0.0,0.0,0.0,0.0,0.0,0.0,0.0,0.0,0.0,0.0,0.0,0.0,0.0,0.0,0.0,0.0,0.0,0.0,0.0,0.0,0.0,0.0,0.0,0.0,0.0,0.0,0.0,0.0,0.0,0.0,0.0,0.0,0.0
2026-09-24 21:30:00+01:00,0.0,0.0,0.0,0.0,0.0,0.0,0.0,0.0,0.0,0.0,0.0,0.0,0.0,0.0,0.0,0.0,0.0,0.0,0.0,0.0,0.0,0.0,0.0,0.0,0.0,0.0,0.0,0.0,0.0,0.0,0.0,0.0,0.0,0.0,0.0,0.0,0.0,0.0,0.0,0.0,0.0,0.0,0.0,0.0,0.0,0.0,0.0,0.0,0.0,0.0,0.0,0.0,0.0,0.0,0.0,0.0,0.0,0.0,0.0,0.0,0.0,0.0,0.0,0.0,0.0,0.0,0.0,0.0,0.0,0.0,0.0,0.0,0.0,0.0,0.0,0.0,0.0,0.0,0.0,0.0,0.0,0.0,0.0,0.0,0.0,0.0,0.0,0.0,0.0,0.0,0.0,0.0,0.0,0.0,0.0,0.0,0.0,0.0,0.0,0.0,0.0,0.0,0.0,0.0,0.0,0.0,0.0,0.0,0.0,0.0,0.0,0.0,0.0,0.0,0.0,0.0,0.0,0.0,0.0,0.0,0.0,0.0,0.0,0.0,0.0,0.0,0.0,0.0,0.0,0.0,0.0,0.0,0.0,0.0,0.0,0.0,0.0,0.0,0.0,0.0,0.0,0.0,0.0,0.0,0.0,0.0,0.0,0.0,0.0,0.0,0.0,0.0,0.0,0.0,0.0,0.0,0.0,0.0,0.0,0.0,0.0,0.0,0.0,0.0,0.0,0.0,0.0,0.0,0.0,0.0,0.0,0.0,0.0,0.0,0.0,0.0,0.0,0.0,0.0,0.0,0.0,0.0,0.0,0.0,0.0,0.0,0.0,0.0,0.0,0.0,0.0,0.0,0.0,0.0,0.0,0.0,0.0,0.0,0.0,0.0,0.0,0.0,0.0,0.0,0.0,0.0,0.0,0.0,0.0,0.0,0.0,0.0,0.0,0.0,0.0,0.0,0.0,0.0,0.0,0.0,0.0,0.0,0.0,0.0,0.0,0.0,0.0,0.0,0.0,0.0,0.0,0.0,0.0,0.0,0.0,0.0,0.0,0.0,0.0,0.0,0.0,0.0,0.0,0.0,0.0,0.0,0.0,0.0,0.0,0.0,0.0,0.0,0.0,0.0,0.0,0.0,0.0,0.0,0.0,0.0,0.0,0.0,0.0,0.0,0.0,0.0
2026-09-24 22:30:00+01:00,0.0,0.0,0.0,0.0,0.0,0.0,0.0,0.0,0.0,0.0,0.0,0.0,0.0,0.0,0.0,0.0,0.0,0.0,0.0,0.0,0.0,0.0,0.0,0.0,0.0,0.0,0.0,0.0,0.0,0.0,0.0,0.0,0.0,0.0,0.0,0.0,0.0,0.0,0.0,0.0,0.0,0.0,0.0,0.0,0.0,0.0,0.0,0.0,0.0,0.0,0.0,0.0,0.0,0.0,0.0,0.0,0.0,0.0,0.0,0.0,0.0,0.0,0.0,0.0,0.0,0.0,0.0,0.0,0.0,0.0,0.0,0.0,0.0,0.0,0.0,0.0,0.0,0.0,0.0,0.0,0.0,0.0,0.0,0.0,0.0,0.0,0.0,0.0,0.0,0.0,0.0,0.0,0.0,0.0,0.0,0.0,0.0,0.0,0.0,0.0,0.0,0.0,0.0,0.0,0.0,0.0,0.0,0.0,0.0,0.0,0.0,0.0,0.0,0.0,0.0,0.0,0.0,0.0,0.0,0.0,0.0,0.0,0.0,0.0,0.0,0.0,0.0,0.0,0.0,0.0,0.0,0.0,0.0,0.0,0.0,0.0,0.0,0.0,0.0,0.0,0.0,0.0,0.0,0.0,0.0,0.0,0.0,0.0,0.0,0.0,0.0,0.0,0.0,0.0,0.0,0.0,0.0,0.0,0.0,0.0,0.0,0.0,0.0,0.0,0.0,0.0,0.0,0.0,0.0,0.0,0.0,0.0,0.0,0.0,0.0,0.0,0.0,0.0,0.0,0.0,0.0,0.0,0.0,0.0,0.0,0.0,0.0,0.0,0.0,0.0,0.0,0.0,0.0,0.0,0.0,0.0,0.0,0.0,0.0,0.0,0.0,0.0,0.0,0.0,0.0,0.0,0.0,0.0,0.0,0.0,0.0,0.0,0.0,0.0,0.0,0.0,0.0,0.0,0.0,0.0,0.0,0.0,0.0,0.0,0.0,0.0,0.0,0.0,0.0,0.0,0.0,0.0,0.0,0.0,0.0,0.0,0.0,0.0,0.0,0.0,0.0,0.0,0.0,0.0,0.0,0.0,0.0,0.0,0.0,0.0,0.0,0.0,0.0,0.0,0.0,0.0,0.0,0.0,0.0,0.0,0.0,0.0,0.0,0.0,0.0,0.0
2026-09-24 23:30:00+01:00,0.0,0.0,0.0,0.0,0.0,0.0,0.0,0.0,0.0,0.0,0.0,0.0,0.0,0.0,0.0,0.0,0.0,0.0,0.0,0.0,0.0,0.0,0.0,0.0,0.0,0.0,0.0,0.0,0.0,0.0,0.0,0.0,0.0,0.0,0.0,0.0,0.0,0.0,0.0,0.0,0.0,0.0,0.0,0.0,0.0,0.0,0.0,0.0,0.0,0.0,0.0,0.0,0.0,0.0,0.0,0.0,0.0,0.0,0.0,0.0,0.0,0.0,0.0,0.0,0.0,0.0,0.0,0.0,0.0,0.0,0.0,0.0,0.0,0.0,0.0,0.0,0.0,0.0,0.0,0.0,0.0,0.0,0.0,0.0,0.0,0.0,0.0,0.0,0.0,0.0,0.0,0.0,0.0,0.0,0.0,0.0,0.0,0.0,0.0,0.0,0.0,0.0,0.0,0.0,0.0,0.0,0.0,0.0,0.0,0.0,0.0,0.0,0.0,0.0,0.0,0.0,0.0,0.0,0.0,0.0,0.0,0.0,0.0,0.0,0.0,0.0,0.0,0.0,0.0,0.0,0.0,0.0,0.0,0.0,0.0,0.0,0.0,0.0,0.0,0.0,0.0,0.0,0.0,0.0,0.0,0.0,0.0,0.0,0.0,0.0,0.0,0.0,0.0,0.0,0.0,0.0,0.0,0.0,0.0,0.0,0.0,0.0,0.0,0.0,0.0,0.0,0.0,0.0,0.0,0.0,0.0,0.0,0.0,0.0,0.0,0.0,0.0,0.0,0.0,0.0,0.0,0.0,0.0,0.0,0.0,0.0,0.0,0.0,0.0,0.0,0.0,0.0,0.0,0.0,0.0,0.0,0.0,0.0,0.0,0.0,0.0,0.0,0.0,0.0,0.0,0.0,0.0,0.0,0.0,0.0,0.0,0.0,0.0,0.0,0.0,0.0,0.0,0.0,0.0,0.0,0.0,0.0,0.0,0.0,0.0,0.0,0.0,0.0,0.0,0.0,0.0,0.0,0.0,0.0,0.0,0.0,0.0,0.0,0.0,0.0,0.0,0.0,0.0,0.0,0.0,0.0,0.0,0.0,0.0,0.0,0.0,0.0,0.0,0.0,0.0,0.0,0.0,0.0,0.0,0.0,0.0,0.0,0.0,0.0,0.0,0.0
2026-09-25 00:30:00+01:00,0.0,0.0,0.0,0.0,0.0,0.0,0.0,0.0,0.0,0.0,0.0,0.0,0.0,0.0,0.0,0.0,0.0,0.0,0.0,0.0,0.0,0.0,0.0,0.0,0.0,0.0,0.0,0.0,0.0,0.0,0.0,0.0,0.0,0.0,0.0,0.0,0.0,0.0,0.0,0.0,0.0,0.0,0.0,0.0,0.0,0.0,0.0,0.0,0.0,0.0,0.0,0.0,0.0,0.0,0.0,0.0,0.0,0.0,0.0,0.0,0.0,0.0,0.0,0.0,0.0,0.0,0.0,0.0,0.0,0.0,0.0,0.0,0.0,0.0,0.0,0.0,0.0,0.0,0.0,0.0,0.0,0.0,0.0,0.0,0.0,0.0,0.0,0.0,0.0,0.0,0.0,0.0,0.0,0.0,0.0,0.0,0.0,0.0,0.0,0.0,0.0,0.0,0.0,0.0,0.0,0.0,0.0,0.0,0.0,0.0,0.0,0.0,0.0,0.0,0.0,0.0,0.0,0.0,0.0,0.0,0.0,0.0,0.0,0.0,0.0,0.0,0.0,0.0,0.0,0.0,0.0,0.0,0.0,0.0,0.0,0.0,0.0,0.0,0.0,0.0,0.0,0.0,0.0,0.0,0.0,0.0,0.0,0.0,0.0,0.0,0.0,0.0,0.0,0.0,0.0,0.0,0.0,0.0,0.0,0.0,0.0,0.0,0.0,0.0,0.0,0.0,0.0,0.0,0.0,0.0,0.0,0.0,0.0,0.0,0.0,0.0,0.0,0.0,0.0,0.0,0.0,0.0,0.0,0.0,0.0,0.0,0.0,0.0,0.0,0.0,0.0,0.0,0.0,0.0,0.0,0.0,0.0,0.0,0.0,0.0,0.0,0.0,0.0,0.0,0.0,0.0,0.0,0.0,0.0,0.0,0.0,0.0,0.0,0.0,0.0,0.0,0.0,0.0,0.0,0.0,0.0,0.0,0.0,0.0,0.0,0.0,0.0,0.0,0.0,0.0,0.0,0.0,0.0,0.0,0.0,0.0,0.0,0.0,0.0,0.0,0.0,0.0,0.0,0.0,0.0,0.0,0.0,0.0,0.0,0.0,0.0,0.0,0.0,0.0,0.0,0.0,0.0,0.0,0.0,0.0,0.0,0.0,0.0,0.0,0.0,0.0
2026-09-25 01:30:00+01:00,0.0,0.0,0.0,0.0,0.0,0.0,0.0,0.0,0.0,0.0,0.0,0.0,0.0,0.0,0.0,0.0,0.0,0.0,0.0,0.0,0.0,0.0,0.0,0.0,0.0,0.0,0.0,0.0,0.0,0.0,0.0,0.0,0.0,0.0,0.0,0.0,0.0,0.0,0.0,0.0,0.0,0.0,0.0,0.0,0.0,0.0,0.0,0.0,0.0,0.0,0.0,0.0,0.0,0.0,0.0,0.0,0.0,0.0,0.0,0.0,0.0,0.0,0.0,0.0,0.0,0.0,0.0,0.0,0.0,0.0,0.0,0.0,0.0,0.0,0.0,0.0,0.0,0.0,0.0,0.0,0.0,0.0,0.0,0.0,0.0,0.0,0.0,0.0,0.0,0.0,0.0,0.0,0.0,0.0,0.0,0.0,0.0,0.0,0.0,0.0,0.0,0.0,0.0,0.0,0.0,0.0,0.0,0.0,0.0,0.0,0.0,0.0,0.0,0.0,0.0,0.0,0.0,0.0,0.0,0.0,0.0,0.0,0.0,0.0,0.0,0.0,0.0,0.0,0.0,0.0,0.0,0.0,0.0,0.0,0.0,0.0,0.0,0.0,0.0,0.0,0.0,0.0,0.0,0.0,0.0,0.0,0.0,0.0,0.0,0.0,0.0,0.0,0.0,0.0,0.0,0.0,0.0,0.0,0.0,0.0,0.0,0.0,0.0,0.0,0.0,0.0,0.0,0.0,0.0,0.0,0.0,0.0,0.0,0.0,0.0,0.0,0.0,0.0,0.0,0.0,0.0,0.0,0.0,0.0,0.0,0.0,0.0,0.0,0.0,0.0,0.0,0.0,0.0,0.0,0.0,0.0,0.0,0.0,0.0,0.0,0.0,0.0,0.0,0.0,0.0,0.0,0.0,0.0,0.0,0.0,0.0,0.0,0.0,0.0,0.0,0.0,0.0,0.0,0.0,0.0,0.0,0.0,0.0,0.0,0.0,0.0,0.0,0.0,0.0,0.0,0.0,0.0,0.0,0.0,0.0,0.0,0.0,0.0,0.0,0.0,0.0,0.0,0.0,0.0,0.0,0.0,0.0,0.0,0.0,0.0,0.0,0.0,0.0,0.0,0.0,0.0,0.0,0.0,0.0,0.0,0.0,0.0,0.0,0.0,0.0,0.0
2026-09-25 02:30:00+01:00,0.0,0.0,0.0,0.0,0.0,0.0,0.0,0.0,0.0,0.0,0.0,0.0,0.0,0.0,0.0,0.0,0.0,0.0,0.0,0.0,0.0,0.0,0.0,0.0,0.0,0.0,0.0,0.0,0.0,0.0,0.0,0.0,0.0,0.0,0.0,0.0,0.0,0.0,0.0,0.0,0.0,0.0,0.0,0.0,0.0,0.0,0.0,0.0,0.0,0.0,0.0,0.0,0.0,0.0,0.0,0.0,0.0,0.0,0.0,0.0,0.0,0.0,0.0,0.0,0.0,0.0,0.0,0.0,0.0,0.0,0.0,0.0,0.0,0.0,0.0,0.0,0.0,0.0,0.0,0.0,0.0,0.0,0.0,0.0,0.0,0.0,0.0,0.0,0.0,0.0,0.0,0.0,0.0,0.0,0.0,0.0,0.0,0.0,0.0,0.0,0.0,0.0,0.0,0.0,0.0,0.0,0.0,0.0,0.0,0.0,0.0,0.0,0.0,0.0,0.0,0.0,0.0,0.0,0.0,0.0,0.0,0.0,0.0,0.0,0.0,0.0,0.0,0.0,0.0,0.0,0.0,0.0,0.0,0.0,0.0,0.0,0.0,0.0,0.0,0.0,0.0,0.0,0.0,0.0,0.0,0.0,0.0,0.0,0.0,0.0,0.0,0.0,0.0,0.0,0.0,0.0,0.0,0.0,0.0,0.0,0.0,0.0,0.0,0.0,0.0,0.0,0.0,0.0,0.0,0.0,0.0,0.0,0.0,0.0,0.0,0.0,0.0,0.0,0.0,0.0,0.0,0.0,0.0,0.0,0.0,0.0,0.0,0.0,0.0,0.0,0.0,0.0,0.0,0.0,0.0,0.0,0.0,0.0,0.0,0.0,0.0,0.0,0.0,0.0,0.0,0.0,0.0,0.0,0.0,0.0,0.0,0.0,0.0,0.0,0.0,0.0,0.0,0.0,0.0,0.0,0.0,0.0,0.0,0.0,0.0,0.0,0.0,0.0,0.0,0.0,0.0,0.0,0.0,0.0,0.0,0.0,0.0,0.0,0.0,0.0,0.0,0.0,0.0,0.0,0.0,0.0,0.0,0.0,0.0,0.0,0.0,0.0,0.0,0.0,0.0,0.0,0.0,0.0,0.0,0.0,0.0,0.0,0.0,0.0,0.0,0.0
2026-09-25 03:30:00+01:00,0.0,0.0,0.0,0.0,0.0,0.0,0.0,0.0,0.0,0.0,0.0,0.0,0.0,0.0,0.0,0.0,0.0,0.0,0.0,0.0,0.0,0.0,0.0,0.0,0.0,0.0,0.0,0.0,0.0,0.0,0.0,0.0,0.0,0.0,0.0,0.0,0.0,0.0,0.0,0.0,0.0,0.0,0.0,0.0,0.0,0.0,0.0,0.0,0.0,0.0,0.0,0.0,0.0,0.0,0.0,0.0,0.0,0.0,0.0,0.0,0.0,0.0,0.0,0.0,0.0,0.0,0.0,0.0,0.0,0.0,0.0,0.0,0.0,0.0,0.0,0.0,0.0,0.0,0.0,0.0,0.0,0.0,0.0,0.0,0.0,0.0,0.0,0.0,0.0,0.0,0.0,0.0,0.0,0.0,0.0,0.0,0.0,0.0,0.0,0.0,0.0,0.0,0.0,0.0,0.0,0.0,0.0,0.0,0.0,0.0,0.0,0.0,0.0,0.0,0.0,0.0,0.0,0.0,0.0,0.0,0.0,0.0,0.0,0.0,0.0,0.0,0.0,0.0,0.0,0.0,0.0,0.0,0.0,0.0,0.0,0.0,0.0,0.0,0.0,0.0,0.0,0.0,0.0,0.0,0.0,0.0,0.0,0.0,0.0,0.0,0.0,0.0,0.0,0.0,0.0,0.0,0.0,0.0,0.0,0.0,0.0,0.0,0.0,0.0,0.0,0.0,0.0,0.0,0.0,0.0,0.0,0.0,0.0,0.0,0.0,0.0,0.0,0.0,0.0,0.0,0.0,0.0,0.0,0.0,0.0,0.0,0.0,0.0,0.0,0.0,0.0,0.0,0.0,0.0,0.0,0.0,0.0,0.0,0.0,0.0,0.0,0.0,0.0,0.0,0.0,0.0,0.0,0.0,0.0,0.0,0.0,0.0,0.0,0.0,0.0,0.0,0.0,0.0,0.0,0.0,0.0,0.0,0.0,0.0,0.0,0.0,0.0,0.0,0.0,0.0,0.0,0.0,0.0,0.0,0.0,0.0,0.0,0.0,0.0,0.0,0.0,0.0,0.0,0.0,0.0,0.0,0.0,0.0,0.0,0.0,0.0,0.0,0.0,0.0,0.0,0.0,0.0,0.0,0.0,0.0,0.0,0.0,0.0,0.0,0.0,0.0
2026-09-25 04:30:00+01:00,0.0,0.0,0.0,0.0,0.0,0.0,0.0,0.0,0.0,0.0,0.0,0.0,0.0,0.0,0.0,0.0,0.0,0.0,0.0,0.0,0.0,0.0,0.0,0.0,0.0,0.0,0.0,0.0,0.0,0.0,0.0,0.0,0.0,0.0,0.0,0.0,0.0,0.0,0.0,0.0,0.0,0.0,0.0,0.0,0.0,0.0,0.0,0.0,0.0,0.0,0.0,0.0,0.0,0.0,0.0,0.0,0.0,0.0,0.0,0.0,0.0,0.0,0.0,0.0,0.0,0.0,0.0,0.0,0.0,0.0,0.0,0.0,0.0,0.0,0.0,0.0,0.0,0.0,0.0,0.0,0.0,0.0,0.0,0.0,0.0,0.0,0.0,0.0,0.0,0.0,0.0,0.0,0.0,0.0,0.0,0.0,0.0,0.0,0.0,0.0,0.0,0.0,0.0,0.0,0.0,0.0,0.0,0.0,0.0,0.0,0.0,0.0,0.0,0.0,0.0,0.0,0.0,0.0,0.0,0.0,0.0,0.0,0.0,0.0,0.0,0.0,0.0,0.0,0.0,0.0,0.0,0.0,0.0,0.0,0.0,0.0,0.0,0.0,0.0,0.0,0.0,0.0,0.0,0.0,0.0,0.0,0.0,0.0,0.0,0.0,0.0,0.0,0.0,0.0,0.0,0.0,0.0,0.0,0.0,0.0,0.0,0.0,0.0,0.0,0.0,0.0,0.0,0.0,0.0,0.0,0.0,0.0,0.0,0.0,0.0,0.0,0.0,0.0,0.0,0.0,0.0,0.0,0.0,0.0,0.0,0.0,0.0,0.0,0.0,0.0,0.0,0.0,0.0,0.0,0.0,0.0,0.0,0.0,0.0,0.0,0.0,0.0,0.0,0.0,0.0,0.0,0.0,0.0,0.0,0.0,0.0,0.0,0.0,0.0,0.0,0.0,0.0,0.0,0.0,0.0,0.0,0.0,0.0,0.0,0.0,0.0,0.0,0.0,0.0,0.0,0.0,0.0,0.0,0.0,0.0,0.0,0.0,0.0,0.0,0.0,0.0,0.0,0.0,0.0,0.0,0.0,0.0,0.0,0.0,0.0,0.0,0.0,0.0,0.0,0.0,0.0,0.0,0.0,0.0,0.0,0.0,0.0,0.0,0.0,0.0,0.0
2026-09-25 05:30:00+01:00,0.0,0.0,0.0,0.0,0.0,0.0,0.0,0.0,0.0,0.0,0.0,0.0,0.0,0.0,0.0,0.0,0.0,0.0,0.0,0.0,0.0,0.0,0.0,0.0,0.0,0.0,0.0,0.0,0.0,0.0,0.0,0.0,0.0,0.0,0.0,0.0,0.0,0.0,0.0,0.0,0.0,0.0,0.0,0.0,0.0,0.0,0.0,0.0,0.0,0.0,0.0,0.0,0.0,0.0,0.0,0.0,0.0,0.0,0.0,0.0,0.0,0.0,0.0,0.0,0.0,0.0,0.0,0.0,0.0,0.0,0.0,0.0,0.0,0.0,0.0,0.0,0.0,0.0,0.0,0.0,0.0,0.0,0.0,0.0,0.0,0.0,0.0,0.0,0.0,0.0,0.0,0.0,0.0,0.0,0.0,0.0,0.0,0.0,0.0,0.0,0.0,0.0,0.0,0.0,0.0,0.0,0.0,0.0,0.0,0.0,0.0,0.0,0.0,0.0,0.0,0.0,0.0,0.0,0.0,0.0,0.0,0.0,0.0,0.0,0.0,0.0,0.0,0.0,0.0,0.0,0.0,0.0,0.0,0.0,0.0,0.0,0.0,0.0,0.0,0.0,0.0,0.0,0.0,0.0,0.0,0.0,0.0,0.0,0.0,0.0,0.0,0.0,0.0,0.0,0.0,0.0,0.0,0.0,0.0,0.0,0.0,0.0,0.0,0.0,0.0,0.0,0.0,0.0,0.0,0.0,0.0,0.0,0.0,0.0,0.0,0.0,0.0,0.0,0.0,0.0,0.0,0.0,0.0,0.0,0.0,0.0,0.0,0.0,0.0,0.0,0.0,0.0,0.0,0.0,0.0,0.0,0.0,0.0,0.0,0.0,0.0,0.0,0.0,0.0,0.0,0.0,0.0,0.0,0.0,0.0,0.0,0.0,0.0,0.0,0.0,0.0,0.0,0.0,0.0,0.0,0.0,0.0,0.0,0.0,0.0,0.0,0.0,0.0,0.0,0.0,0.0,0.0,0.0,0.0,0.0,0.0,0.0,0.0,0.0,0.0,0.0,0.0,0.0,0.0,0.0,0.0,0.0,0.0,0.0,0.0,0.0,0.0,0.0,0.0,0.0,0.0,0.0,0.0,0.0,0.0,0.0,0.0,0.0,0.0,0.0,0.0
2026-09-25 06:30:00+01:00,0.4571214190592678,0.17488293254608994,0.14354656924624767,0.12341994021699618,0.10091395422546444,0.09318256672990495,0.055688508798128054,0.0551538940376293,0.03850062038104896,0.03839875370288258,0.03715241465774835,0.01687849754103668,0.01665556585218427,0.013325763371784313,0.00978457725368477,0.009286925688462604,0.007387176976328684,0.007057216228044869,0.0014662548427601839,0.00010336867712748786,6.727638823751809e-05,0.26738225906842406,0.16046238864211754,0.09904544878100201,0.08185744464179358,0.04703039735840892,0.04552617290935782,0.013249442271071901,0.25799303819864355,0.2236094390787658,0.16875181238173342,0.0868804548725566,0.08017267472358623,0.06839162675640346,0.023003450325665215,0.01693929006791933,0.014731543109486671,0.009446890313355346,0.00903149475750091,0.005421711483904701,0.17519646159120736,0.10626228870915175,0.07321182616264006,0.0535740707734232,0.02878376964174721,0.028311755770278738,0.0106781972640475,0.0066015896919425195,0.17038360777714417,0.13427064511526612,0.12314197997397798,0.11174777857450188,0.09307912284685617,0.07875320242920808,0.07751303321651892,0.07656842866201982,0.07590853411794089,0.059558160914989854,0.04349513629295675,0.04050878586193674,0.0401921437532071,0.028791662043976787,0.02264472175320388,0.012028494896183349,0.06763317141761914,0.04757457686583108,0.04338224212403757,0.03189329780657633,0.014676637030051601,0.008687819700612828,0.16262907899200024,0.10343720861000351,0.06468186083868065,0.061449743036281854,0.04527115575828333,0.03726416093518696,0.033606204277160066,0.023676691064154976,0.020315914887570202,0.015855829335894564,0.0150681436046439,0.002859416980568665,0.0028342054366043835,0.0010477292713014063,0.057903466000515325,0.05419606092914863,0.043318028330476314,0.04008034560660034,0.03639867506680277,0.0152461089674496,0.00804330197802701,0.0013788453682799986,0.00048476643420692603,0.15780426228533584,0.0662605640926406,0.05923743301842094,0.036741181139573045,0.011860787709306743,0.011634677118045889,0.006290418781061408,0.0011512824565160075,0.0008474635888747519,0.06685532021660337,0.04849095200518745,0.02444136993910078,0.019645619373853427,0.01847698490260766,0.018066045157013284,0.007459784078136851,0.004179899605354725,0.0033800750958822255,0.0012390199433310537,0.00024948165164728785,0.05538571359294446,0.04244637138598734,0.04089092166244304,0.03004346443820421,0.019958977188359855,0.014995327847022729,0.011046246002034528,0.006837297473794031,0.006106534721179619,0.0027956390508704037,0.0015072497080967375,0.12023791489887138,0.09980544383237283,0.09292685761031093,0.06459478358910387,0.061050001663573876,0.04887676211926489,0.03406686196128769,0.03211214931894469,0.02049406777665666,0.018607571541779822,0.007565750228783962,0.007383094980041841,0.0072416790347134405,0.08138816400000576,0.05558688579943878,0.052502875800094245,0.040187260919625,0.03980340582597091,0.03508450023223653,0.03402310938966341,0.013697917581712805,0.011022325300998273,0.011018569551129741,0.004015921258167205,0.002267519105064492,0.001679042388294371,0.12630872438506122,0.0878188455737581,0.08212392884260995,0.07380928675949874,0.045521906093476706,0.017115101335745397,0.012311289869460037,0.01106261993031724,0.008460882399090121,0.0051314461585645395,0.0019496611601922949,0.0009903863914652949,0.27350508173425914,0.12493851373557043,0.11224861837780549,0.0795002773784521,0.07946884453821748,0.0726804828522493,0.05066883121723226,0.033644778252729796,0.02908728811262045,0.022451437282103557,0.016060942973983014,0.013806589901925693,0.01268529244924768,0.0070326628954740285,0.005430001666963564,0.0022097387330944095,0.1485290723530722,0.11614626410795245,0.06056800640144407,0.060134617721840714,0.053255477353885215,0.04073834268229788,0.03465953927027906,0.029662269732175083,0.02249974518965797,0.0168681444157156,0.011398499016947334,0.006030638606720317,0.0045139057859836145,0.20802670635991202,0.12527127117903922,0.06916281176534235,0.0499646722896891,0.039211953542405774,0.034856706144762425,0.023126234754731228,0.009797321591615483,0.0029318657739016247,0.0024810703008674747,0.0011326985077805564,0.15510421605810779,0.14279130912694246,0.1281371972416689,0.11048615716935822,0.1084063266546794,0.09823372185165935,0.09395174776600056,0.08110618395583123,0.07083528492808443,0.04601233132564045,0.038454934929280205,0.03698905110313995,0.03609015734879147,0.03484923357393377,0.034775299722013736,0.029180727829669656,0.11373682375223919,0.03682517278263789,0.03656032721979825,0.027158452463822008,0.023014172109201342,0.013401305079476932,0.01221460796577502,0.010755460847099994,0.007304411631501857,0.006640377664386735,0.0021086883303572013,0.035232525891344846,0.013226909348002542,0.01030848404806848,0.00974856136280261,0.00554999259464508,0.031132610618030885,0.027235816437058264,0.02297713274897466,0.02014146682293459,0.019732528346681794,0.011468032732748164,0.08764479124299247,0.08633573052554584,0.058922182730682886,0.054170674817915584,0.033463612025245386,0.027916272120589475,0.01928915980732202,0.017499779723695968,0.016323363963728774,0.002390807849650224,0.33915679985364605,0.19997898571268286,0.052589548625974064,0.026222484938043723,0.02580106931358202,0.021675098619321858,0.020972945243290405,0.002576338514252104,0.0013164464200312528,0.1343570779356963,0.04752729597405431,0.04495924991204954,0.023795820990045007,0.009292418720704972,0.006508448115995938,0.0014890538205893375
2026-09-25 07:30:00+01:00,3.5672306394348428,1.3647309648637234,1.1201919198071504,0.9631300873306984,0.7875005074153583,0.7271672103752399,0.43457546850011614,0.43040350439073355,0.3004466361326215,0.2996517008696002,0.2899256660710638,0.13171444405278518,0.12997475582594198,0.10399003287029152,0.07635573901807499,0.07247222396669857,0.057647187268358345,0.05507227819166014,0.01144218796633481,0.000806656386755777,0.0005250036060993952,2.1016127997387812,1.261227319351187,0.7784928724861961,0.6433959156919172,0.36965685535606063,0.3578337173258115,0.10414003368547758,2.4049621473320464,2.084444760701339,1.5730723739888965,0.8098831145614505,0.7473544608290263,0.6375337671591352,0.21443379897973056,0.157904847744988,0.13732464952339923,0.08806211893254426,0.08418988038310449,0.05054016567108601,1.2409161575893861,0.7526555605289258,0.5185592059720281,0.37946502712880503,0.20387537796349864,0.20053210473530836,0.07563364806877092,0.04675904547445578,1.570541922515884,1.2376641149223622,1.1350836180420822,1.0300554923618672,0.8579737596189305,0.7259219801779699,0.7144904946908835,0.7057834302473327,0.6997007321554422,0.5489881906203311,0.40092433694078733,0.37339710818662863,0.3704784019056571,0.26539238632697076,0.20873184516453716,0.1108748414573625,0.5436164331376622,0.3823910847554789,0.34869427576244116,0.2563493686781571,0.11796668565884094,0.06983025427312593,1.1396899808496639,0.7248786688737039,0.4532846720738222,0.4306342807714099,0.31725619402750266,0.2611438933666414,0.2355092616059792,0.16592412471829557,0.1423721070836122,0.11111622807056613,0.10559619720321564,0.020038537413015842,0.019861857177009244,0.007342392643100865,0.6397536624155665,0.5987919353154344,0.47860463608166137,0.4428326948938778,0.4021552989738817,0.1684485355233465,0.08886742459097964,0.015234344939800649,0.005356002379844681,1.531989475815355,0.6432683463768974,0.5750866462304107,0.35668936960064646,0.11514645854547724,0.11295134010466054,0.06106840988637128,0.011176837567823231,0.008227314525543568,0.5782716502400466,0.4194272459828371,0.2114080268110239,0.16992671186824554,0.15981849337456067,0.1562640297348058,0.06452413413506175,0.03615445165463301,0.02923629110291326,0.010717024538795623,0.002157916018280635,0.31955295487614604,0.24489823314094555,0.23592392328600878,0.17333852383852946,0.11515514964238839,0.08651691947258928,0.06373232953504121,0.03944841493197663,0.0352322122009332,0.016129695936364815,0.00869621544462465,0.9382064728220456,0.7787735965412043,0.7251005590236216,0.5040277363825556,0.4763680971575074,0.38138131910758977,0.2658208970747483,0.25056843652521416,0.1599135102990169,0.1451933367164619,0.05903492124235609,0.05760967749283738,0.056506220605889994,1.2361731755507006,0.8442875936808395,0.7974457650051172,0.6103886794607369,0.6045584537036643,0.532884831567033,0.5167637787765565,0.20805234377097503,0.16741381301201122,0.16735676838766564,0.06099626641620479,0.034440465971554014,0.0255023219472298,1.379145716246408,0.9588805941031087,0.8966986660345524,0.8059123560082818,0.4970467565866331,0.18687718370393233,0.13442509824714655,0.1207910614380619,0.09238308575420831,0.05602947874098222,0.02128805314361343,0.010813878105950104,3.201214695814742,1.4623311702565045,1.3138034747195775,0.930503574747185,0.9301356720031038,0.8506819263840691,0.5930486047420426,0.3937921661167289,0.3404494482409266,0.2627807516917163,0.18798380765338735,0.16159794257890656,0.14847382122389602,0.08231314631870894,0.06355494758767026,0.025863680709106208,1.0740168106358097,0.8398560508609231,0.43796851371436407,0.4348346711604512,0.3850914641178281,0.29457980303157294,0.2506238491591963,0.21448848921805608,0.16269612531660724,0.12197390301910403,0.08242278340711638,0.043607673163744545,0.032640146598696324,1.6712764849344566,1.0064233262298152,0.5556506804245579,0.40141375757178027,0.3150269358703548,0.28003708918615045,0.18579505010181913,0.07871120721912729,0.02355446764815096,0.01993279864814575,0.009100044959125473,1.3238010511392413,1.2187114568502648,1.0936398810397816,0.9429897827041452,0.9252386093866397,0.8384163083989155,0.8018700304213878,0.6922342558012599,0.6045730221183376,0.3927112629319521,0.32820953920298807,0.3156983477008468,0.3080263673568489,0.29743519040957056,0.2968041713865297,0.24905498480745855,1.5539834583984435,0.5031414406432045,0.4995228621555587,0.37106527589002564,0.31444207413722164,0.18310170556392202,0.16688789174370233,0.14695160012780337,0.09979999857753724,0.09072731862509326,0.02881095740312873,0.5778627452125904,0.21693982912512305,0.16907356882012273,0.15989005296853787,0.09102764776337005,0.5358901616538986,0.4688140757710158,0.39550873308580636,0.346698002429574,0.3396588848677885,0.1974009179765124,0.8189502686867672,0.806718445082921,0.5505670866979406,0.506169141005541,0.31268297488808927,0.26084879922305215,0.18023732366652626,0.16351741048645496,0.15252501733851068,0.022339635967882215,2.5637878721672176,1.5117010730131932,0.39754015555106675,0.1982236207301603,0.1950380137554427,0.16384856500658596,0.15854077724986831,0.01947531478150266,0.00995141293788155,1.2981945688305352,0.4592216387308476,0.43440848038129776,0.2299216836564791,0.08978587283873461,0.06288639292784473,0.014387642335527829
2026-09-25 08:30:00+01:00,6.801134584678945,2.6019396843337943,2.1357116422630096,1.8362640402548918,1.5014159379622696,1.3863869660278205,0.8285436371272739,0.8205895426886657,0.572819145827856,0.5713035550919645,0.5527602989007707,0.2511213182703208,0.2478045005587482,0.19826310112880444,0.14557669796669584,0.13817254858704656,0.10990774599940385,0.10499853071616937,0.021815202931360203,0.0015379377462361242,0.0010009501889368872,4.192424369294248,2.515972566176222,1.5529846841143513,1.283485100769491,0.7374138608520343,0.7138283497599306,0.20774484010393687,3.9678382623540607,3.43903112423179,2.5953409544884227,1.336189516976927,1.2330263195651776,1.0518381246386754,0.35378462537449706,0.26052006572694336,0.22656572759274887,0.14528970668089275,0.1389010754525493,0.08338393323899618,2.4006818660038856,1.456090763632939,1.0032069246682758,0.7341147134230743,0.39441820449211434,0.3879502933742478,0.14632118879904185,0.09046025539730403,2.726363075084493,2.1485079092164967,1.9704345480990784,1.7881122556503863,1.4893890727025871,1.2601553984493643,1.2403110507891435,1.2251961285760193,1.2146369430892343,0.9530093467145765,0.6959797076840153,0.6481941510179955,0.6431274584850698,0.46070467277392524,0.3623454981317713,0.19247182731739096,1.115165483114248,0.7844305520873363,0.7153054925978019,0.5258707245437833,0.24199484780993444,0.14324859311742205,2.4468982804573263,1.5563042566057537,0.9731957841975669,0.9245657142128865,0.6811445644644416,0.5606722480392284,0.5056350559700677,0.35623675059150994,0.3056709016150686,0.2385649711459886,0.2267135428941393,0.04302245660020073,0.04264312663070057,0.01576401322704611,1.1854184255518405,1.1095192335666266,0.886820642844873,0.8205377582082385,0.7451654118507927,0.31212325852523326,0.16466507146473625,0.028228166955176343,0.00992429474243977,3.227942020744318,1.3553832834129491,1.2117226523035225,0.7515538602991673,0.24261660928252854,0.2379914371338414,0.12867274189813976,0.023549890004961563,0.017335167567484672,1.4261133617324218,1.0343768357353444,0.5213670974316913,0.41906732624704074,0.3941387905818897,0.38537289640682115,0.1591271676659727,0.08916284685472263,0.07210152075076756,0.02642995188584165,0.005321777171488459,0.9308488726749016,0.71338174396691,0.6872398288820036,0.5049303004216134,0.3354437491240626,0.25202138089938436,0.1856505039161099,0.11491213586954475,0.10263045454169802,0.04698535579110339,0.025331833799829423,2.0250859861281296,1.6809556770360592,1.56510429542829,1.0879263095446559,1.0282239418904207,0.8231982906414376,0.5737651456047722,0.5408432408774188,0.3451677408758611,0.31339475902279323,0.12742482082912357,0.12434848184876514,0.12196670860078035,2.2795091263156357,1.556870277639839,1.4704937261408515,1.1255595841663955,1.1148086205598546,0.9826421255994983,0.9529148287380884,0.38364949649228525,0.30871185540987905,0.3086066648553719,0.11247740099600315,0.06350838058085702,0.04702640113109751,2.601875105512575,1.8090093871634316,1.6916979176439602,1.520421860882097,0.9377207694618016,0.35255962175695743,0.25360432372386277,0.22788255948726824,0.17428850930162473,0.10570435320480762,0.040161713781736705,0.020401296183913904,5.325781117705281,2.432843927827158,2.1857421019543013,1.548055609898591,1.5474435392711063,1.4152583226088056,0.9866401854102371,0.6551422137811235,0.566397263309214,0.43718178830237814,0.31274397638610935,0.26884647017644725,0.24701219652077216,0.13694233035235998,0.10573478256290976,0.043028761093407024,2.6126676835116394,2.0430450819359645,1.065408074478598,1.057784647093905,0.9367786551694833,0.7165987757120805,0.6096709333887363,0.5217675726448872,0.39577677429054475,0.29671535072262173,0.20050276723822483,0.10608061000516933,0.07940085793723509,3.3107867371849666,1.9937173953631775,1.1007400150966493,0.795197776473443,0.6240661018912698,0.5547514664120646,0.3680586624994266,0.15592633731044458,0.046661231575940536,0.03948673124653428,0.018027123836210194,2.615022182011329,2.4074293417369192,2.16036431274177,1.8627717488660673,1.8277062743810182,1.6561984463876998,1.5840053268105991,1.3674320114118086,1.1942669649072424,0.7757575526994507,0.6483415499820863,0.6236270785187684,0.6084719320847599,0.5875502364667478,0.5863037283595793,0.4919805051155641,2.920905788957686,0.9457171108847358,0.9389155411542217,0.6974634810755219,0.591033108927585,0.3441624998382424,0.31368661388681096,0.2762138664926769,0.1875865486261532,0.1705333147250886,0.05415378896693171,1.037172890584183,0.389372928988121,0.30346050778898664,0.28697753884796273,0.1633803344063654,0.9403457349671663,0.8226449152999514,0.6940133947443214,0.6083634506371879,0.5960116579550292,0.34638648846421954,1.6994429332562273,1.6740600901469296,1.1425081357780893,1.0503758318482872,0.6488634198450247,0.5412998388764694,0.37401910436547936,0.33932281158070005,0.3165119699836833,0.046358048746980664,5.155808974739773,3.040049468982283,0.7994581470880567,0.39863014169813327,0.3922238468527025,0.32950148143305147,0.3188274549080076,0.039165097793942796,0.02001241393387977,2.158928277558294,0.7636964483804628,0.7224315790745985,0.3823651988599429,0.14931603047100803,0.10458155905541214,0.023926989552534993
2026-09-25 09:30:00+01:00,9.302978151090288,3.55908087576166,2.9213476806884637,2.5117462437233105,2.0537219919198355,1.8963788311096936,1.1333290434780845,1.1224489813571594,0.7835345605668975,0.7814614494813215,0.7560969305104195,0.3434980014076676,0.3389610697652002,0.2711955299522632,0.1991280754159598,0.1890002593804626,0.15033805711937723,0.14362295363917094,0.02984007355026119,0.0021036785955099724,0.0013691565167650822,5.719183735534947,3.432216806322367,2.118536666271891,1.7508931507231935,1.0059586024334033,0.9737839322305999,0.2833994858358657,5.031235442966094,4.3607057893113685,3.290903140053047,1.6942938728418808,1.563482508842441,1.33373512301517,0.4486003785105441,0.33034052842456646,0.2872862862484092,0.18422795321232965,0.17612714220573084,0.10573117464648334,3.3606904170274667,2.0383668260921937,1.4043792914720228,1.027679809364544,0.5521420805099226,0.5430877167394402,0.2048335616511925,0.12663440239235962,3.61046281377148,2.8452218936686084,2.6094032478274585,2.3679578354305164,1.972365277160903,1.6687961509065738,1.6425167166134875,1.6225003566934713,1.6085170589837297,1.262049372269684,0.9216706596038414,0.858389295153625,0.8516795853772136,0.6101010919572647,0.479846194623847,0.2548862187794081,1.5839362418823908,1.1141736356662795,1.0159911787972007,0.7469256462491454,0.3437197578287127,0.20346454555220825,3.7551475577340985,2.3883919388720987,1.4935209205114925,1.4188904832784088,1.0453227124890745,0.8604391280704542,0.7759759613611195,0.5467009293532296,0.4690997369353961,0.36611520630613653,0.34792733874701803,0.06602467872091937,0.06544253764054815,0.02419234025476794,1.6773872166486052,1.5699885701911833,1.2548662798754815,1.1610748717317054,1.054421720790564,0.4416597149021101,0.23300387437026435,0.039943335938947486,0.014043045709764388,4.7554152967934185,1.9967553188807914,1.785113982594573,1.1071917341336575,0.357423623975827,0.35060980444473827,0.18956112630600208,0.0346937790231974,0.02553822853481278,2.2292284882826596,1.6168857060842445,0.8149747542061363,0.6550649108591886,0.6160978810513915,0.6023954773402339,0.24873956372570255,0.13937486572839874,0.1127054611639435,0.04131396792768633,0.00831873369769345,1.4903830745212991,1.142196234094915,1.100340387327698,0.8084444163302451,0.5370793270789892,0.4035116886703357,0.2972452101895109,0.18398593733579663,0.16432172490022992,0.07522830083061013,0.04055882479973519,3.1448533748575405,2.6104368753348917,2.4305256957964394,1.6894930633090393,1.5967783866530683,1.2783841971324985,0.8910274758163425,0.839901467391135,0.5360275772096147,0.4866857863452411,0.1978841296468938,0.1931067349629854,0.18940796479303743,3.165426519594619,2.1619384662763568,2.041992192041451,1.5630014883348444,1.5480722279434436,1.3645400265060312,1.3232593960603611,0.5327525458907273,0.4286908452115495,0.42854477298617266,0.15619106054788703,0.08819052741941803,0.06530292664459308,3.6428896981830747,2.5327970764053616,2.3685490912173828,2.1287451969408,1.3129044217407742,0.4936193176116056,0.35507183890225363,0.31905875366305086,0.244021634128935,0.14799684217242212,0.056230482810989316,0.02856388899701644,6.8422413295934446,3.1255706728333847,2.8081091984996913,1.9888481784097378,1.9880618271024935,1.8182382589499675,1.2675756109482008,0.8416870751582789,0.7276729325392798,0.561664708773643,0.40179453746165955,0.3453976776178871,0.31734632396539536,0.17593521997980235,0.13584165087491162,0.05528074868412274,3.9964285607282055,3.125113755504456,1.6296857363634722,1.6180246731815386,1.4329296436077743,1.0961347407142858,0.9325741448930487,0.7981140665303316,0.6053941013736918,0.45386625689822035,0.3066960986094011,0.1622646394103647,0.12145435043625037,4.761418447480724,2.867270995961799,1.5830327441198122,1.1436162045023845,0.8975026438939334,0.7978175810222288,0.5293247329092294,0.22424595658170138,0.06710599819448321,0.056787967789137,0.025925765324809957,3.724385967865692,3.4287265785626433,3.07684982070198,2.6530103685305413,2.6030691626673383,2.3588030327845937,2.255983621393368,1.9475339942988041,1.7009076085790589,1.1048550806239956,0.9233857317723947,0.8881867069402606,0.8666023337337749,0.836805083783203,0.8350297729139092,0.70069206384573,4.086717278603963,1.3231780608381882,1.313661803023779,0.9758397789076705,0.8269302035048862,0.48152694279070907,0.43888731703854733,0.38645819562309175,0.26245734881361776,0.23859771393493687,0.07576801206998413,1.4852039592312316,0.5575716652456029,0.4345473659504036,0.41094419337104166,0.2339562880246351,1.2536905148843165,1.0967690808587247,0.9252745855480494,0.8110841143898699,0.7946164209111725,0.4618104160241027,2.476292072917408,2.439306227762122,1.6647713109436717,1.53052349984251,0.9454717846215899,0.7887387530647814,0.5449906702576307,0.49443401248392915,0.46119588184835897,0.06754923415292995,7.291543003029915,4.299354678000145,1.1306244058255475,0.5637580513041704,0.5546980231719402,0.4659936458472886,0.4508980277194336,0.05538878499601891,0.02830232413734538,2.7557699730483147,0.9748224444726582,0.9221497878786769,0.48807111598380865,0.19059486021098754,0.1334934204046072,0.03054167201371342
2026-09-25 10:30:00+01:00,10.605267407697932,4.057303349535709,3.3302962601205643,2.8633562438115203,2.3412148831960127,2.1618458394271194,1.2919795544813757,1.2795764329937418,0.8932186449358879,0.8908553267520415,0.8619401232564259,0.39158300705147603,0.38641096724902046,0.30915918195282793,0.22700327291631825,0.21545770164140013,0.17138332170735068,0.1637281959055552,0.03401727428853581,0.0023981647256281022,0.001560819637266826,6.358058118465716,3.815620364525891,2.355192606694142,1.946480638898438,1.1183314883384976,1.0825626736699203,0.3150572677866935,5.476978007942569,4.747042744850365,3.5824608744037962,1.8443999263680178,1.7019993227915078,1.4518974554027626,0.4883441523079444,0.3596070646709488,0.3127384296765129,0.20054963828076253,0.19173113550294693,0.11509843354723456,3.9716040034914455,2.4089055647834585,1.6596704022991176,1.2144936720442316,0.652511664370715,0.6418113787336576,0.24206865035275846,0.14965427846998608,4.3003171726762766,3.388860985563402,3.1079842601530547,2.8204056568687075,2.349226874685734,1.987654523975892,1.9563538546689763,1.932512950957078,1.9158578520477414,1.5031902745641035,1.0977750968458344,1.022402505493374,1.014410765469043,0.7266736532516003,0.5715308361890521,0.30358755656331954,1.9588067509704428,1.3778653342149112,1.2564460155222237,0.9237006892442976,0.4250679820777787,0.2516185404894545,5.027030197443656,3.1973492959850347,1.99938208885073,1.899474041070707,1.3993774574672484,1.1518731057488174,1.038801945936458,0.7318705959154219,0.6279855869658727,0.49011980742371297,0.46577164052984926,0.08838748640462335,0.08760817194488363,0.03238637713638463,2.2993857528002364,2.152162192799803,1.7201881694199064,1.5916176011692664,1.4454159768029538,0.6054332869310715,0.31940495537142227,0.05475488108275603,0.019250402596646957,6.497934653806494,2.72842323371354,2.43923049503529,1.5128982620059348,0.4883938010393546,0.4790832043211878,0.25902171204036273,0.04740656597087372,0.03489616149930947,2.8697149695552717,2.0814381025537854,1.049127653018954,0.8432736216156969,0.7931108548350299,0.7754715714437201,0.320205691474093,0.1794190863174665,0.14508721324567458,0.05318401089748449,0.01070881461702719,1.9743248568464224,1.5130783856320147,1.4576315410659528,1.0709541283888824,0.7114741731020943,0.5345358321556366,0.3937636015117696,0.24372794860739028,0.2176785764254647,0.09965565686251449,0.053728667035699035,4.250531500579247,3.5282230509036836,3.285058093819094,2.2834907162978637,2.1581791018223315,1.7278428123856624,1.204297912302681,1.1351968498978022,0.7244859554737911,0.6577964118401348,0.26745689743545886,0.26099985026213157,0.2560006540368135,3.967664541237713,2.7098549089305886,2.5595097417976747,1.9591247955937783,1.9404118996490474,1.7103657421057112,1.658623048776599,0.6677720593101805,0.5373372135382616,0.5371541211222792,0.1957757442031944,0.11054132084540964,0.08185314202775465,4.663556688791871,3.2424376595629534,3.0321705767231886,2.7251782854908515,1.6807547592800895,0.6319218700233052,0.4545560767706278,0.40845282400536237,0.3123917599315484,0.18946268496065466,0.07198517274843025,0.03656693631332949,8.041455005508551,3.6733775851224153,3.3002758427451857,2.3374260522348225,2.3365018801176567,2.1369139795466907,1.4897387786416516,0.989206375158001,0.8552094063728043,0.6601055511226295,0.47221554148968264,0.40593421801104773,0.37296641004080133,0.2067707184242058,0.15965010159171186,0.06496959575096027,5.191704945671847,4.059791960170368,2.1171021497823093,2.1019534242456253,1.8614990370709201,1.4239734472951868,1.2114941445030403,1.0368189205566019,0.78645908526128,0.5896113629471963,0.3984246503529524,0.21079574378303076,0.15777966307956387,6.183904233099045,3.7238754469798283,2.055967774198979,1.4852744336731787,1.1656338253004905,1.0361675981523095,0.6874618336166843,0.29124000241874176,0.08715408462383027,0.07375351657784708,0.03367115318823777,4.757574410574665,4.379895631594516,3.930404125258178,3.3889866273831193,3.3251911440207502,3.013162718683776,2.8818199940666576,2.4878028149993257,2.172759371114487,1.411354866096866,1.1795437869420435,1.13458013890357,1.1070080068738928,1.068944649559834,1.0666768465889709,0.8950722780634776,5.326695476729679,1.7246523581348412,1.7122487089465805,1.2719258470691257,1.077834622336617,0.6276302502048626,0.5720530506729503,0.5037160591823084,0.34209128683292067,0.3109922406987319,0.0987572909158651,1.919742836938722,0.7207051959309996,0.5616866208232327,0.5311776653315488,0.30240688849533276,1.5407514836159724,1.3478993168207356,1.1371372547768372,0.9968002770594884,0.976561930467724,0.5675524183925904,3.2532500821294406,3.2046596088548953,2.1871076773563107,2.010738456912936,1.2421217168245748,1.0362123439516642,0.7159861965259179,0.6495669510527002,0.605900070072621,0.08874338934376974,9.104485978784332,5.368330731562244,1.4117387836611008,0.703928821566677,0.6926161406892544,0.5818566266503886,0.5630076884312726,0.0691604528929753,0.03533931201782603,3.294510873710297,1.1653959418461661,1.1024260127181091,0.5834868709937809,0.22785531651025928,0.15959079654434127,0.03651243446824081
2026-09-25 11:30:00+01:00,11.479954439985782,4.391936177683066,3.604967971867293,3.09951630267665,2.5343104666835568,2.3401476633094465,1.3985377126910985,1.3851116231718192,0.9668883352594003,0.9643300984856579,0.9330300655877,0.42387946551546457,0.41828085314564495,0.3346575986330687,0.24572574463472857,0.23322793320533816,0.18551844563067818,0.17723195062224653,0.03682290544804468,0.0025959573418967365,0.0016895508275305018,6.877647342958064,4.1274380908224275,2.547662174798314,2.105549704768925,1.2097230704732318,1.1710311792412806,0.34080417956224507,5.743277942938098,4.977851992676709,3.7566461818113264,1.9340777705706582,1.7847534087791699,1.5224911655533666,0.5120882710220351,0.37709176842673037,0.3279443011210733,0.2103007009215282,0.20105342762225265,0.12069471407406285,4.400642885923002,2.669131445936083,1.838958955231678,1.3456912958043008,0.7230002818182398,0.7111440806902658,0.26821850394535274,0.16582092155157702,4.495254520612234,3.5424811829867093,3.248872056279005,2.9482572493854042,2.455719497964987,2.0777567387563964,2.0450371812097763,2.020115547320224,2.0027054573996135,1.5713312776111619,1.1475382555656102,1.0687489550553542,1.0603949420769174,0.7596144408939318,0.5974388566900092,0.3173494608058339,2.1555948470008524,1.516290166359339,1.3826726680682786,1.0164986642606217,0.4677716938324644,0.27689695730333314,5.739012534489242,3.650192452818289,2.2825561849583917,2.1684980798772897,1.5975724142198646,1.3150138217580516,1.185928302482207,0.8355260180690001,0.7169276916037706,0.5595358706292451,0.5317392532413532,0.10090587731620967,0.10001618792165833,0.036973285823292575,2.5294491096287275,2.3674952041972626,1.8923003363981727,1.7508657341397258,1.590036013363522,0.6660094708782154,0.3513627841658794,0.0602333405927807,0.021176487524454744,7.4677067099914165,3.135621636047595,2.8032688701047634,1.7386879223381795,0.561283216814635,0.5505830775718453,0.29767892108674376,0.054481669893519206,0.040104173597480114,3.2363160329417733,2.347338176207321,1.183151873997436,0.9510003504684965,0.8944293780509291,0.874536707087253,0.3611114079798004,0.20233956048776752,0.16362185073543592,0.05997817518105398,0.012076846936564306,2.2251955526423326,1.7053400724972496,1.6428477873453897,1.2070366005427144,0.8018787588661818,0.6024574691019123,0.4437977933762979,0.2746976240587297,0.24533824739518872,0.11231855977355364,0.06055578468895213,4.7132424623621585,3.9123038372820003,3.6426680515141796,2.53207049635985,2.393117515469638,1.9159350096602175,1.335397245456379,1.2587738722437283,0.8033531731875774,0.7294038356031205,0.29657213590174714,0.28941217745545533,0.28386877096061136,4.338506563619972,2.9631344048016848,2.7987370653503985,2.1422364961284677,2.1217745792913085,1.8702269108672098,1.8136480312027257,0.7301860911395202,0.5875600125926432,0.5873598072476014,0.21407413413992438,0.12087318397371989,0.08950363374962933,5.0957128076291704,3.5429034559574264,3.313151629497484,2.9777113947865606,1.8365046518960553,0.6904799451109324,0.496678260125494,0.4463027739318892,0.3413400540207416,0.2070195549765955,0.07865579668306781,0.03995547135846324,8.19358974045269,3.742873506554485,3.362713124335974,2.3816473645053855,2.380705708154335,2.1773418426204834,1.5179228590188223,1.007920979615357,0.871388948044198,0.6725939606189711,0.48114929616365953,0.4136140091209356,0.3800224895557344,0.21068257373150123,0.16267049104521528,0.0661987429913825,5.646277926850551,4.415257410077818,2.30247043356521,2.285995322688772,2.024487337753927,1.5486530779425183,1.317569607325018,1.1276002481921055,0.8553195183373808,0.6412362911348405,0.43330973781097765,0.22925250330113828,0.1715944642991982,6.546275826705092,3.942091420133127,2.176445758762753,1.5723102678621472,1.2339389883355867,1.0968861490276087,0.7277465196015721,0.30830642192010244,0.09226124077372207,0.07807541069666507,0.03564425448144139,5.179687141158126,4.768499055350448,4.279126704125594,3.689672286868732,3.620216590263849,3.2805036435148938,3.137507620106027,2.708531520168593,2.3655360492896906,1.536576419127382,1.2841980510229536,1.2352450322227053,1.2052265805068483,1.1637860762888337,1.1613170639575183,0.9744869904268089,5.756478130701745,1.8638053603848308,1.8504009268847286,1.3745507612578856,1.1647993505728207,0.6782703883213761,0.6182089609188243,0.5443582219846461,0.3696928086015422,0.33608454626718925,0.10672549010696483,2.1254517596461655,0.7979319403636213,0.6218738226950111,0.5880956978925399,0.3348111220492827,1.6450090874453192,1.4391072465026453,1.2140836063908422,1.0642504852778527,1.0426426760936052,0.6059568306669781,3.5133610884176365,3.460885602746138,2.361976121052904,2.1715054407617935,1.3414345644505346,1.1190618724874766,0.7732322997658239,0.701502556685354,0.6543443251891902,0.095838796005075,9.766528112841431,5.758694464575794,1.514394832475288,0.7551157353957791,0.7429804412036182,0.6241669343075732,0.603947376010358,0.07418952690465658,0.03790904671772121,3.351462348969658,1.1855418817728005,1.121483405513381,0.5935734784968061,0.23179420058695183,0.16234960707780927,0.03714361678573463
2026-09-25 12:30:00+01:00,11.712244046362406,4.480804224266229,3.677912215292916,3.1622330517430837,2.585590633675474,2.3874990689631086,1.4268362374354424,1.4131384794991921,0.9864527082699114,0.9838427071955091,0.9519093379581562,0.4324563980033467,0.42674450125853763,0.3414291831601513,0.25069784942801854,0.2379471527008093,0.18927229386556774,0.1808181268795326,0.037567993615152465,0.00264848489435978,0.0017237378183179706,7.044220695865667,4.227402681535383,2.6093653429560333,2.156545118832439,1.2390219888227934,1.1993929983574187,0.34905829496592783,5.69686672433811,4.937626153132485,3.726288861674794,1.9184485589790958,1.7703308818833967,1.5101879702347538,0.5079501044688881,0.37404450366423897,0.3252941952409173,0.20860126866364817,0.19942872224104666,0.11971938451237202,4.572763416192712,2.7735280833691425,1.9108853984182446,1.3983247644627304,0.751278693658878,0.7389587658259584,0.27870922367062295,0.17230660686782215,4.320662867120379,3.4048943913233085,3.1226887797396414,2.833749582304644,2.36034155535997,1.9970585306994433,1.9656097714196157,1.9416560714364854,1.9249221737921394,1.5103021802188659,1.1029688990217958,1.027239704272065,1.0192101536644484,0.7301116973576436,0.5742348673782791,0.30502389239968875,2.2045549438243626,1.5507297148954562,1.4140773579607375,1.0395864319329244,0.47839620773552893,0.2831861270230366,5.964579840878394,3.793660353338829,2.372270233713085,2.2537291658608822,1.6603637226673658,1.3666993902867615,1.2325402677208188,0.8683657012342245,0.7451059622207118,0.5815279813638805,0.5526388401187508,0.10487190227403413,0.10394724434804188,0.03842649130792889,2.5419139916838165,2.379161992975092,1.9016254105481998,1.7594938321659996,1.5978715579864493,0.6692915015268919,0.3530942661895751,0.06053016470496187,0.021280843219269308,7.847525919440989,3.295104242581019,2.945847496645255,1.8271203016198192,0.5898309565648605,0.5785865915528987,0.3128193352550847,0.05725269259058932,0.04214393441066834,3.3761974165128854,2.4487957929712514,1.2342905512542046,0.9921048790269221,0.9330887727561755,0.9123362925807288,0.376719513880883,0.21108516424960783,0.1706939817110175,0.06257057655440505,0.012598837385416601,2.300197786404514,1.7628201059305237,1.6982214616437434,1.2477208636250814,0.8289068095244677,0.622763844366638,0.45875640040857596,0.2839565565552932,0.2536075954801638,0.11610435867377357,0.06259687231987962,4.734726751136136,3.930137221853856,3.65927236010883,2.5436123879926855,2.404026020216208,1.9246683819296089,1.3414843628237676,1.2645117186601564,0.8070150835811288,0.7327286640544644,0.2979239953617493,0.2907313998049973,0.28516272489952565,4.399704283468868,3.004931522432037,2.8382152416178386,2.1724542650813774,2.1517037183583785,1.8966077912154973,1.8392308262245771,0.7404858851326476,0.5958479643377378,0.5956449349539539,0.21709380201316114,0.1225781861770347,0.0907661461426261,5.124927256754961,3.5632154273496703,3.3321464008631443,2.9947830393902426,1.847033595293683,0.6944385652275568,0.49952578750980775,0.44886149146090915,0.343297005289238,0.20820642764490063,0.07910674159644786,0.04018454178086835,7.6811520744205755,3.50878937191898,3.152404710129836,2.232696067767498,2.231813303818682,2.0411680766241322,1.4229900064191723,0.9448843020784168,0.8168911597869501,0.6305290671736423,0.4510575988552368,0.38774605573468174,0.3562553931112772,0.19750621394580312,0.15249686881075583,0.06205858825733675,5.5783078115423255,4.362106368069887,2.274753204110566,2.2584764212655313,2.0001164797179087,1.5300103314033116,1.3017086526754744,1.1140261521443835,0.8450231484030732,0.633517063492682,0.42809353817915796,0.22649275266789776,0.16952880340262674,6.213541620050127,3.741722737852971,2.0658213408432924,1.492392857804605,1.1712203187876946,1.04113360326737,0.6907566085046822,0.29263581844724984,0.08757178503331241,0.07410699254180542,0.03383252777595982,5.189922144369603,4.777921555554684,4.287582210098345,3.696963037579393,3.627370097303525,3.286985881613763,3.1437072996798476,2.713883547820424,2.370210321770158,1.5396126767537324,1.2867356118481919,1.2376858624364262,1.2076080945994712,1.1660857044137913,1.1636118133420326,0.9764125656989732,5.658284613437877,1.8320127261254648,1.8188369443187105,1.3511037905857002,1.1449303017303696,0.666700509382726,0.6076636047308279,0.5350726054575731,0.3633866199286221,0.3303516444917101,0.10490497571997878,2.1675730053281193,0.8137449961739914,0.6341978380249442,0.5997503135586022,0.34144625806913587,1.6262838006103393,1.4227257588970603,1.200263583179529,1.0521360260002794,1.0307741804571682,0.5990591694014858,3.4459958703170184,3.3945265500945685,2.31668756899723,2.129868975296901,1.3157138856680934,1.0976049697635504,0.7584063364773117,0.6880519401560596,0.6417979210280612,0.0940011820414359,9.572078732938989,5.644040151932996,1.4842435716894724,0.7400815508006183,0.728187867588668,0.6117399109140568,0.5919229194786136,0.07271243009653927,0.03715428611684182,3.105503833454284,1.0985368401044118,1.039179513995698,0.5500120606980191,0.2147831911990747,0.15043502645790813,0.03441770555826706
2026-09-25 13:30:00+01:00,11.716379509273011,4.482386346326338,3.679210845128036,3.1633496010096813,2.5865035769274463,2.3883420682901138,1.4273400374174154,1.4136374429554168,0.9868010137331488,0.9841900910964398,0.9522454465421136,0.43260909354036914,0.426895179988444,0.3415497380015607,0.2507863680461394,0.2380311691899452,0.189339123804236,0.1808819717460087,0.03758125845522977,0.002649420044874623,0.00172434645094098,7.173924770850034,4.305241150553934,2.6574111570661754,2.1962532287677763,1.2618358965471597,1.2214772240100844,0.3554854478361876,5.520750915107336,4.784981889589705,3.6110924896940677,1.8591406732971696,1.7156019807249538,1.4635012581633258,0.4922470789241246,0.362481103353377,0.31523788653561163,0.20215246390570768,0.19326348220632883,0.11601831911901647,4.655115326601461,2.8234771656743747,1.9452989573123425,1.42350750523554,0.7648086382549861,0.7522668381096819,0.28372855988568674,0.17540971476126063,3.737826576373827,2.94559078943288,2.7014533347366556,2.4514906219901147,2.0419430226973603,1.727665101442517,1.7004586259906456,1.679736162990633,1.665259586302056,1.3065698021794132,0.954183788568798,0.8886700918402246,0.8817236883413813,0.6316231999659905,0.4967733920414741,0.26387766102204935,2.170271367039258,1.5266139352445605,1.3920866927620628,1.0234195673402475,0.47095655050786567,0.278782229829425,5.8897432448722515,3.7460619248122144,2.3425057517488974,2.2254519990541164,1.6395314138624906,1.3495516392529403,1.2170757889918122,0.8574704605127447,0.7357572410426803,0.5742316460362294,0.5457049720645711,0.10355609187460091,0.10264303547855669,0.03794436048184181,2.328314239826974,2.1792384656687744,1.7418297930935374,1.6116416832837528,1.4636007016940522,0.613050220699236,0.3234233772897478,0.05544375021449005,0.019492591199015388,7.731101939548454,3.2462188799813645,2.9021436219162453,1.800013590607875,0.5810803684008913,0.570002822044834,0.30817842391925715,0.056403305611892336,0.041518697282076675,3.3647006745394314,2.4404570704665267,1.2300875031982357,0.988726529837686,0.929911387214016,0.909229574088049,0.37543669581275985,0.21036636988766308,0.1701127287740432,0.06235750910454034,0.012555935396961423,2.200364497841543,1.686310107807684,1.6245151768076378,1.193567226159396,0.7929305586141404,0.5957346197718161,0.4388454343287029,0.27163226121969775,0.24260050712846673,0.11106519203714454,0.05988004003076663,4.388111825624809,3.64242384534796,3.3913881751935278,2.357402271816031,2.228034596904486,1.7837692713998499,1.2432783782052899,1.1719406668953598,0.7479359671326732,0.6790878301351027,0.27611388700954703,0.26944783946795525,0.2642868302925268,4.200595989242264,2.8689435670716663,2.709772019301787,2.0741400068638627,2.0543285246088576,1.8107769449141475,1.7559965702600295,0.7069752507835148,0.5688829084717232,0.5686890671677917,0.20726923794679425,0.11703091936394384,0.08665853086496197,4.812754938804305,3.346170938016255,3.129176912010921,2.812363208565616,1.7345260942329455,0.6521385508623424,0.4690984048074431,0.4215201995345797,0.322385913966838,0.1955240460472955,0.07428814932137953,0.03773679941789448,6.477356356974415,2.9588893597316415,2.658357560308542,1.8827863226281083,1.8820419060848383,1.7212747370025103,1.199977981777634,0.7968013497681794,0.6888673854568034,0.5317120950013773,0.3803675252096838,0.3269782129908234,0.30042278982607207,0.1665528970197223,0.12859744905969137,0.052332721349465115,5.05206213678043,3.950594546456477,2.0601578330310035,2.0454165672030675,1.8114297521239862,1.3856724163144363,1.178908231577664,1.0089312983027616,0.7653054648430752,0.573752413384802,0.38770810580947834,0.20512590890754198,0.15353581725840648,5.335975006732237,3.213262295834449,1.774056040365745,1.2816154580464252,1.0058035707464503,0.8940895909954402,0.5931979254508275,0.25130553696951985,0.07520362537282135,0.06364052648350585,0.029054206709512535,4.929712219726753,4.538368326558925,4.072613389226904,3.5116064085864966,3.4455026870775236,3.1221844983242804,2.9860895518998887,2.577816105222285,2.251373808994217,1.4624202859137485,1.2222218547473214,1.1756313390664572,1.147061596491648,1.1076210367690569,1.1052711805077344,0.927457642470212,5.0156262883495275,1.62393584230873,1.6122565433490117,1.197647724233682,1.0148910689378927,0.5909778015362702,0.5386462079201382,0.47429997065455026,0.32211378682153063,0.2928308676055449,0.0929900473281612,2.070863427945457,0.7774385213822324,0.6059021336857466,0.5729915380909258,0.32621211221310786,1.5040034145946115,1.3157509154366749,1.1100156853546037,0.9730258489499491,0.9532702019793379,0.5540158710219636,3.0647313588648006,3.018956597187363,2.0603695734391283,1.8942205633766909,1.170143481434267,0.9761661061337087,0.6744963632095007,0.6119259676681074,0.5707894868858283,0.08360090412593685,8.360981883280244,4.929934111013004,1.2964512682670533,0.6464435376091006,0.6360546897281913,0.534340184105598,0.5170305159555967,0.06351256897150315,0.03245338048047428,2.502049186127833,0.885071587130323,0.8372484455578855,0.44313493160279155,0.17304699577067667,0.12120282430804766,0.027729733015548437
2026-09-25 14:30:00+01:00,10.009109976341986,3.829228804113556,3.1430892065156093,2.7023974449670294,2.2096073906772156,2.040321278746554,1.2193530771890688,1.2076471765033825,0.843007847552533,0.8407773793614116,0.8134875958368726,0.3695708209677006,0.3646895187624192,0.29178031381987335,0.21424266227929134,0.20334610605040554,0.16174929392487894,0.15452448826111154,0.03210504991153764,0.002263355892636193,0.0014730807628007753,6.146898682792055,3.6888986158557726,2.2769735762187926,1.8818354680614833,1.0811902352115714,1.0466093497156133,0.30459380337174763,4.53156588793072,3.927628874886381,2.964072061226529,1.5260276338357868,1.4082076030355417,1.201277232104154,0.40404830893239724,0.2975332573836501,0.25875488229310534,0.16593163207009864,0.1586353408831302,0.09523064260264198,4.060959176611438,2.463102351165413,1.697010513747589,1.2418179702933136,0.667192204696841,0.6562511785744048,0.24751483434798524,0.1530212767782458,3.0905570005431526,2.435510596601515,2.2336497814220735,2.026972452774304,1.6883451317395801,1.428489889714792,1.4059946879043703,1.3888606792004898,1.376890973138796,1.080314553475425,0.7889502970003911,0.7347814344491543,0.7290379213344355,0.5222466753003068,0.410748453168416,0.21818266200830957,1.87519322767621,1.3190498460808127,1.2028134261232102,0.8842716495706476,0.4069235522592247,0.2408779645311305,5.121688013750939,3.2575546439623513,2.03702999130231,1.9352406980825458,1.4257274114382523,1.1735626100029826,1.058362346394785,0.7456515500191178,0.6398104103705273,0.4993486500758353,0.4745420128289527,0.09005180233735953,0.08925781356652988,0.03299620512973808,1.9696649549747944,1.843552541550323,1.4735215042288687,1.3633873337374323,1.238150315318917,0.5186170812753276,0.2736038293158176,0.04690329591334406,0.016489987953345987,6.889274906159961,2.892743420618318,2.5861339541084267,1.6040130575805094,0.5178074783890716,0.5079361479203562,0.27462137986643453,0.050261642003284285,0.03699779430648263,3.0019689623457926,2.1773634828544375,1.0974778628937025,0.8821368204548772,0.8296622470082016,0.8112100377050109,0.33496272541682687,0.1876878136301269,0.1517737181627688,0.055635054944864905,0.01120234219944588,1.9699002954752325,1.5096875008171706,1.4543649154203993,1.068554066286461,0.7098797236719558,0.5333379104527967,0.3928811574628138,0.24318174200782888,0.21719074778001768,0.0994323235198554,0.053608258388729256,3.7799775371687816,3.137632053007857,2.921386608060302,2.0306974816591996,1.9192584562574788,1.5365624317067852,1.0709764310517482,1.0095251834491028,0.6442819297567832,0.5849752343788276,0.23784815247907617,0.2321059310019997,0.22766016947005335,3.6376355718817277,2.4844501113718636,2.346610603434888,1.7961654701746306,1.7790091064664628,1.56809810903791,1.5206593551103338,0.6122270095187196,0.492641689272662,0.4924738264207507,0.17949118526109048,0.10134653186799289,0.07504462587897208,4.1694838756675985,2.898922955498026,2.7109322715655058,2.4364637717349455,1.5026899715001323,0.5649739509066519,0.40639888376114874,0.36517996398633634,0.2792959307338107,0.16939037363536044,0.06435882248050474,0.03269291262340986,5.19246234634904,2.371943234353079,2.131027038549722,1.509303571964343,1.508706823127641,1.379830561581481,0.9619419008990137,0.6387422241693573,0.5522188009250037,0.4262379403319775,0.3049151449416007,0.2621165125805126,0.24082881011747498,0.13351429175562857,0.10308795367727576,0.041951634295446176,4.259410221461284,3.3307592694712054,1.7369258521091624,1.7244974423539325,1.5272223881579146,1.1682649765285695,0.993941411604809,0.8506332995107735,0.6452315571815476,0.4837325488076273,0.32687798053899064,0.17294232917810476,0.12944655304806496,4.361069264102509,2.6261853584739394,1.4499283187558396,1.0474587634749382,0.8220389024635119,0.7307355506209667,0.4848180954650397,0.2053909270178008,0.06146359732733068,0.052013126682256654,0.02374587731649289,4.254845407269562,3.9170756364815182,3.5150815306004013,3.0308751776469403,2.973820910921109,2.6947642745116713,2.577300428360726,2.2249187228820633,1.9431656624728872,1.2622181497975655,1.054902358098375,1.0146899820343553,0.9900313746830242,0.955990141256804,0.9539619751741629,0.8004907212859919,4.254138770038233,1.3773850023211356,1.3674788897730745,1.0158172327043815,0.8608072443042748,0.5012537683653288,0.4568673152084427,0.40229031785649405,0.2732094996918578,0.24837240163573138,0.07887201773491719,1.7897993085966977,0.6719221119409363,0.5236671840904109,0.4952233183838468,0.28193757493421073,1.2478907881873722,1.0916952920383425,0.9209941513802101,0.8073319394026257,0.7909404275017352,0.4596740241738469,2.6322380841486037,2.5929230327227564,1.769611304736461,1.6269091554388035,1.0050134498217171,0.838410059527031,0.5793117917902635,0.5255712975025999,0.49023997521565393,0.07180318858063241,7.1599644075062745,4.221771229619715,1.1102218694458732,0.5535848283560341,0.544688291788833,0.45758461782426957,0.44276140571952916,0.054389273845291464,0.02779159821026804,2.029969756406187,0.7180788307801016,0.6792788217368663,0.35952550978941145,0.14039698731704933,0.0983346247149991,0.022497766905172866
2026-09-25 15:30:00+01:00,7.406002488430752,2.8333466331239303,2.3256539832047802,1.9995746124741052,1.6349463511231292,1.5096871253599362,0.9022312618487496,0.8935697594961498,0.6237635745333721,0.6221131927299094,0.6019207675123641,0.27345512500188246,0.2698433217182194,0.21589589237532167,0.15852375423177667,0.1504611070296578,0.11968253682305637,0.11433671398258786,0.023755366870585503,0.001674716274742561,0.0010899710184770236,4.550108402591128,2.730627175505693,1.6854802944181837,1.392987881757515,0.8003276168855106,0.7747298665753117,0.22546895526012756,3.1362498977700644,2.718271335334381,2.0514036271134826,1.0561479473042035,0.9746059221652361,0.8313915519609804,0.2796376570311873,0.20591969114649075,0.17908157868798566,0.1148395669370488,0.10978987924516805,0.06590814312610511,3.0933174704256152,1.8761965345989977,1.2926483723117808,0.9459186993852247,0.508214245247015,0.49988023700486484,0.1885372218681092,0.11655950434841611,2.240486758530438,1.7656135256483751,1.6192753466740946,1.4694454558025172,1.2239589532977586,1.0355779498770354,1.0192701445921428,1.006848914498395,0.9981715246524826,0.7831696524878954,0.5719463168798954,0.5326768197473811,0.5285130832174573,0.37860060839882415,0.2977704246350937,0.15817063561184244,1.4180049718655432,0.9974541355393788,0.9095571556553456,0.6686786071240202,0.30771208628341046,0.1821498426278304,3.903153940751656,2.482528652986751,1.5523869506760553,1.4748150095718018,1.0865233394638947,0.8943527043532817,0.8065604839621255,0.5682487449588389,0.48758895853610207,0.38054536826914487,0.36164063926827467,0.06862699294083677,0.06802190719733663,0.025145863577829802,1.4543975389793622,1.3612763290720427,1.0880459866896801,1.0067230865102796,0.9142482669136988,0.3829460461153144,0.2020286419815734,0.03463332074528448,0.012176181454907715,5.453476899979212,2.2898649911333004,2.047156191484216,1.2697197130221802,0.40989090441236065,0.40207686397755865,0.21738736975104875,0.03978658238399689,0.029287061316159452,2.3834411390922403,1.7287379599478494,0.8713527423081253,0.7003807216371856,0.6587180466802159,0.6440677437250519,0.26594676688364793,0.14901648282291366,0.12050215316665408,0.0441719685961143,0.008894203633432773,1.5946755440547409,1.222123648718714,1.1773388572403065,0.8650168949775113,0.5746625030516618,0.4317482080031626,0.31804552492577975,0.19686071301743704,0.17582045887058467,0.08049254826239809,0.043397007862903174,2.9062902757963704,2.412413681038382,2.246150250196127,1.5613310624196937,1.4756495596370531,1.1814081987292122,0.8234356835633801,0.7761880050819646,0.4953654588979243,0.4497666503410697,0.18287298426218293,0.17845799441735008,0.17503980650968254,2.767558457115272,1.8902005935276625,1.7853305788224108,1.36654506454278,1.353492289316777,1.1930285751547616,1.1569365802220863,0.46578993535392405,0.37480793403634527,0.3746802218875435,0.13655912966839828,0.07710570391895366,0.05709488619965407,3.1841819787698467,2.213870711098759,2.070304608961308,1.8606964951127973,1.147585281442723,0.43146344406076326,0.31036167555804123,0.2788833090635065,0.21329476163136768,0.1293612809620098,0.0491500168433817,0.02496716291828587,3.6026310382212468,1.6457001990563649,1.4785478719486629,1.0471840779510253,1.046770042039405,0.9573531933524669,0.6674139392808568,0.4431717379391306,0.38314010952829874,0.29573214615358434,0.21155603871884088,0.18186151788213423,0.16709169722475725,0.09263480396023682,0.07152442074916548,0.029106857158656005,3.1900458642154517,2.4945413284538405,1.3008545415634598,1.2915463991031066,1.1437990730578156,0.8749612417946818,0.7444032212221636,0.6370739369962213,0.48324020308664717,0.36228701544993863,0.244812238245455,0.12952355684424538,0.09694779786818877,3.183529855153723,1.9170847761322893,1.0584308138802263,0.764632718176082,0.6000788406714183,0.5334284554416012,0.35391157254397654,0.1499329885725701,0.04486771139072292,0.03796897770366726,0.017334214339617918,3.2079354739743247,2.9532743697434007,2.6501914068744457,2.2851246212024527,2.242108626811991,2.0317142182028527,1.943152495529386,1.6774747410677986,1.4650473668926587,0.9516478252563033,0.7953423384880571,0.7650242668965098,0.7464329401409036,0.7207675939689284,0.7192384606395482,0.6035289970848849,3.2262418884634734,1.0445773942136516,1.0370648242242855,0.7703726381131827,0.652816595694245,0.3801394340118945,0.34647775953535154,0.3050878085907484,0.2071958579348596,0.18835996882355313,0.059814740702907744,1.362180805395397,0.511386611454393,0.39855272217235665,0.3769046593361357,0.21457710428786836,0.8885575783539915,0.777338958005347,0.6557916290233178,0.5748587294609598,0.5631871935716918,0.3273097626960115,2.052712376534694,2.0220531086166713,1.380005497513031,1.268721313234484,0.7837450417028466,0.6538218241603276,0.45176782907348484,0.4098590904948239,0.38230647548841645,0.055994666577355745,5.556417897030557,3.276262825110577,0.8615764428376967,0.42960390202182175,0.4226998348798457,0.3551039104634587,0.343600506767218,0.042208245376701425,0.021567388452479595,1.4570927774086466,0.5154300819693447,0.48757980845572496,0.25806395487179407,0.10077560788480645,0.07058364834709627,0.016148680817484693
2026-09-25 16:30:00+01:00,4.058992588968192,1.5528664760501378,1.2746164070399535,1.0959027553393492,0.8960616922470833,0.8274111253769088,0.4944840365771283,0.4897369447535091,0.34186482252124334,0.3409603011523014,0.32989348009204045,0.14987198931298198,0.14789247569762728,0.11832561878139301,0.08688178873924948,0.0824629102292856,0.06559416240442448,0.06266428824825251,0.01301955518196943,0.0009178583126893901,0.0005973781798074693,2.4925606894952907,1.4958443520723868,0.9233102935291164,0.7630822230597523,0.43842145726248305,0.4243989460347542,0.12351245395888368,1.5565633868595241,1.3491149538624725,1.0181394600940632,0.5241805594157066,0.4837101457181432,0.41263091019848896,0.13878796419616152,0.10220073728817013,0.08888061785029291,0.05699643557871842,0.054490207047042584,0.03271110588443099,1.7722548689716475,1.0749295781571684,0.7405972369795653,0.5419453504738821,0.29117126813881355,0.2863964634747555,0.10801866042937065,0.06678045531420336,1.2393261812938905,0.9766498552385513,0.8957028307425646,0.8128243643599525,0.677033403511798,0.5728303732065223,0.5638097039380876,0.5569388953513168,0.5521389935530189,0.43321061864240445,0.31637234279786364,0.29465040414445604,0.29234723155309955,0.20942308382586403,0.16471183409596454,0.08749215280086158,0.8024965780575422,0.5644927531436014,0.5147489038778755,0.37842765341741835,0.1741445912876524,0.103084705838686,2.258492769027885,1.4364724263464177,0.8982619584202037,0.8533762914127492,0.6286980075109904,0.5175017809708621,0.4667023254689494,0.32880734426056446,0.28213494876903455,0.22019601982631654,0.20925712415450637,0.039709826891213884,0.03935970445251915,0.014550220648113487,0.8352730944944073,0.7817927776774977,0.6248742272297023,0.5781697818042955,0.5250606925373724,0.21992922869465575,0.11602679765456209,0.019890215856547603,0.006992886394804674,3.4348245491822675,1.442251361858281,1.2893833551485776,0.7997218143320408,0.25816618769714883,0.2532445829290305,0.13691952638616867,0.02505922962672423,0.018446198457819505,1.493542942729306,1.0832843058552435,0.5460184090796477,0.43888169372761454,0.4127744854829393,0.40359412175225995,0.16665102834132814,0.09337865014584373,0.07551062935596035,0.027679614520840858,0.005573401771931394,1.059056929922608,0.8116375297929742,0.7818950257788045,0.5744755668583972,0.3816452246304987,0.28673289270166485,0.21122059497261483,0.13073926111672138,0.1167659942383074,0.053456762011706384,0.028820848282561887,1.7492698725939384,1.4520100100178557,1.3519375523873916,0.9397510673249823,0.8881801445219675,0.711078926452452,0.49561850214067854,0.46718055111911444,0.2981559964571561,0.27071048535354564,0.11006959784618411,0.10741225532685918,0.10535487889218446,1.6283297590186565,1.112124612595897,1.0504229472401891,0.8040249303187158,0.7963451567321314,0.7019342002658232,0.6806989959072193,0.27405369206861885,0.22052322376013409,0.22044808262194152,0.08034637683372292,0.04536616451895391,0.03359253425981312,1.8990283127723364,1.3203401028034805,1.234718082915436,1.1097089768281923,0.6844134397188173,0.25732238347577063,0.18509796645224444,0.16632444483460124,0.12720780219366698,0.07715034403224039,0.029312794991346036,0.014890276242861527,1.8454495344623156,0.8430107424246854,0.7573868800384043,0.5364205628187861,0.5362084727179004,0.4904046476712281,0.3418831211057469,0.22701494235458192,0.1962637109549648,0.1514889384048984,0.10836968566149352,0.0931586526490098,0.08559280469870013,0.04745222422994298,0.036638419969702185,0.014910002002210045,1.849128251597609,1.4459750867426053,0.7540477430143897,0.7486522252300185,0.6630096463088087,0.5071762664620426,0.4314975663463379,0.36928353553498167,0.2801129356348761,0.21000173162720892,0.14190680803514036,0.07507906732463426,0.05619634312446823,1.778100017954367,1.0707512195440894,0.5911663891316042,0.42707105376014676,0.3351626169437517,0.29793631263190457,0.1976705738995862,0.0837422175392056,0.025060006363773674,0.02120684994591946,0.009681695548921173,1.8810099985607394,1.7316865202086558,1.553970326047301,1.3399092018250296,1.3146862769242846,1.1913190865784133,1.1393898981050021,0.9836066797105629,0.8590474365358858,0.5580096884548548,0.46635816184957635,0.4485808105707092,0.43767957150355297,0.4226303994869483,0.42173377450647975,0.3538861947654905,1.948520342185855,0.6308827335268904,0.6263454434065433,0.4652740892722785,0.3942749677187315,0.22958892905329034,0.20925863153154428,0.18426076585196755,0.12513796483964262,0.11376184539001967,0.03612569765427479,0.8266717699651436,0.31034710924793124,0.24187118402906363,0.22873354301235527,0.13022121137888024,0.4635351332520244,0.405515552687627,0.3421077795633662,0.2998873953170178,0.29379868809591714,0.17074816327270215,1.2755640106933988,1.2565122140571563,0.8575411574018487,0.7883887023147306,0.4870224295345409,0.4062876016330804,0.28073040847936076,0.25468814397334055,0.2375668343810075,0.03479531876620139,3.689380730476327,2.175390900925324,0.5720742364854304,0.2852507473751722,0.2806665471318583,0.23578383571200107,0.22814574284024614,0.028025661504553025,0.014320432486872446,0.8049803214764398,0.2847526797986094,0.2693666162110381,0.14256909963113343,0.05567413584766132,0.038994392682718385,0.008921443079964925
2026-09-25 17:30:00+01:00,1.2118312045309159,0.4636155427487191,0.38054268442277245,0.32718688860410733,0.2675234053890762,0.24702745785566088,0.14763051977360153,0.1462132533271758,0.10206534024935923,0.10179529116796206,0.09849124002674196,0.04474498273985854,0.044153989700009104,0.03532666640595463,0.025938964014331763,0.024619687186391917,0.01958344369802276,0.018708716077812833,0.003887049038104656,0.0002740308882746309,0.00017835004704470144,0.7249332352368792,0.4350495015542519,0.2685344116339678,0.22193387990342903,0.1275099486042663,0.1234316589669049,0.03592220771907861,0.3863209352671681,0.33483464609212793,0.2526903766184017,0.13009552047276726,0.12005123432144273,0.10241019446669618,0.0344455590981507,0.02536503476020871,0.022059135981815105,0.014145852642782574,0.013523835859833761,0.008118516165533579,0.6107647733448218,0.3704484787482963,0.25522892418181975,0.18676835648335635,0.10034513472236473,0.09869961378772547,0.03722601856494676,0.0230142686404412,0.2318973212811036,0.1827464703625834,0.16760001543439226,0.152092157506346,0.1266835438982656,0.10718552637721332,0.1054976180032219,0.10421198220341665,0.10331384546892473,0.08106048555257658,0.05919821587699827,0.0551337012538192,0.05470274162233138,0.03918633599989234,0.030820161541551396,0.016371150851065153,0.22011395560073901,0.15483272602002318,0.1411886610756108,0.103797586157982,0.04776550565185168,0.028274740334736703,0.6880475033843713,0.43761984992033415,0.2736545834247682,0.25998021105318236,0.19153220253029943,0.15765638627535988,0.14218038431037644,0.10017081985624618,0.0859521224863461,0.06708249137405231,0.06374996803814158,0.012097557993991499,0.011990893552499196,0.004432709782345381,0.24014462304074544,0.22476880092130996,0.17965403978058903,0.16622630995792506,0.15095721736281104,0.06323060334235826,0.03335820556059611,0.005718522984343133,0.002010485047723957,0.8629133737159308,0.36232942049509154,0.32392517436423623,0.20091001416761656,0.0648577686619141,0.06362133911107593,0.03439759112866601,0.006295501872160208,0.004634143932405548,0.4342293756313624,0.3149516858907161,0.15874818599096507,0.12759949405613927,0.12000914200717382,0.11734006333739218,0.04845175181420611,0.027148702451120707,0.02195379356073369,0.008047509975935074,0.0016203985184021117,0.2807365500338597,0.21515020916650296,0.20726601736303082,0.15228292659428405,0.10116714283479845,0.07600762603401938,0.05599070215521306,0.034656578020377464,0.0309525214911076,0.014170406254028493,0.007639877788710546,0.5229947388121939,0.4341203194770045,0.40420076866285287,0.28096571701386575,0.2655471005246493,0.21259757756154019,0.14817946226512582,0.13967711565761104,0.0891423444349213,0.0809367163977134,0.03290848455039456,0.03211399527312368,0.031498883180959475,0.28109357979395944,0.19198266616459306,0.18133129662594538,0.13879636152021413,0.13747062572406857,0.12117275142809057,0.11750698312915972,0.04730904961519952,0.03806824879979989,0.0380552774152217,0.013869948984582098,0.007831422054117451,0.005798976317384805,0.39768612589522634,0.27649979561466914,0.258569210192859,0.23239035505568376,0.14332684116491778,0.053887317583596876,0.03876239900921501,0.03483093098879806,0.026639296369516792,0.01615648446276947,0.006138556124132376,0.0031182559168317363,0.38965591687280604,0.17799680654438585,0.15991782688047532,0.11326207643791246,0.1132172948488324,0.10354608406167709,0.0721866290733385,0.04793288239809526,0.0414399390570698,0.031986006708900394,0.022881627722185386,0.01966990672717657,0.018072422014132335,0.010019260670468356,0.007735988906477874,0.003148160051116892,0.5108447897223118,0.39946868936350577,0.20831511302039957,0.20682453379982968,0.18316470102052798,0.14011378224798757,0.11920659551625948,0.10201919195993722,0.07738469929236506,0.05801560294248744,0.0392035292566883,0.020741530679044693,0.015524942124365398,0.44940839572678315,0.2706285264826736,0.14941518242200916,0.10794067554900615,0.08471114811728629,0.07530233335394625,0.04996052786772168,0.021165544828121993,0.0063338266369308,0.005359955186086091,0.002447013790349934,0.36128725780765275,0.3326065649557255,0.29847245801015043,0.2573575481305311,0.2525129585864823,0.22881771298034614,0.2188436277186565,0.1889222068706853,0.16499800262104874,0.10717741549817032,0.08957382554041234,0.08615931392189906,0.08406550327108271,0.08117499546181271,0.08100277990701865,0.06797123512402235,0.48509216299548913,0.15706085442236328,0.15593127736280427,0.11583190047564713,0.09815637679774002,0.057157109311643806,0.05209579802551048,0.04587247642591492,0.031153611652223467,0.028321479869538545,0.0089936411929754,0.2318994196982772,0.08705911723907987,0.06785013019186573,0.0641647360140684,0.036529883380972746,0.09512075996181146,0.08321472264111843,0.07020298925911705,0.061539061225837154,0.06028961449244106,0.03503875734000139,0.2947325064725552,0.2903303880932881,0.19814392112476592,0.1821655176532869,0.11253166455130648,0.09387703178686156,0.0648657191960194,0.0588483795503922,0.05489232054595401,0.008039825071498584,0.8834995205734029,0.5209429328209039,0.13699516276326915,0.06830926840034532,0.06721148559801106,0.0564633799081007,0.05463427852679128,0.0067113318770514315,0.003429327619142768,0.15387950294072983,0.054433132909489736,0.05149194322583703,0.02725341427689583,0.01064263078528378,0.007454142173918916,0.0017054171263976624
2026-09-25 18:30:00+01:00,0.0,0.0,0.0,0.0,0.0,0.0,0.0,0.0,0.0,0.0,0.0,0.0,0.0,0.0,0.0,0.0,0.0,0.0,0.0,0.0,0.0,0.0,0.0,0.0,0.0,0.0,0.0,0.0,0.0,0.0,0.0,0.0,0.0,0.0,0.0,0.0,0.0,0.0,0.0,0.0,0.0,0.0,0.0,0.0,0.0,0.0,0.0,0.0,0.0,0.0,0.0,0.0,0.0,0.0,0.0,0.0,0.0,0.0,0.0,0.0,0.0,0.0,0.0,0.0,0.0,0.0,0.0,0.0,0.0,0.0,0.0,0.0,0.0,0.0,0.0,0.0,0.0,0.0,0.0,0.0,0.0,0.0,0.0,0.0,0.0,0.0,0.0,0.0,0.0,0.0,0.0,0.0,0.0,0.0,0.0,0.0,0.0,0.0,0.0,0.0,0.0,0.0,0.0,0.0,0.0,0.0,0.0,0.0,0.0,0.0,0.0,0.0,0.0,0.0,0.0,0.0,0.0,0.0,0.0,0.0,0.0,0.0,0.0,0.0,0.0,0.0,0.0,0.0,0.0,0.0,0.0,0.0,0.0,0.0,0.0,0.0,0.0,0.0,0.0,0.0,0.0,0.0,0.0,0.0,0.0,0.0,0.0,0.0,0.0,0.0,0.0,0.0,0.0,0.0,0.0,0.0,0.0,0.0,0.0,0.0,0.0,0.0,0.0,0.0,0.0,0.0,0.0,0.0,0.0,0.0,0.0,0.0,0.0,0.0,0.0,0.0,0.0,0.0,0.0,0.0,0.0,0.0,0.0,0.0,0.0,0.0,0.0,0.0,0.0,0.0,0.0,0.0,0.0,0.0,0.0,0.0,0.0,0.0,0.0,0.0,0.0,0.0,0.0,0.0,0.0,0.0,0.0,0.0,0.0,0.0,0.0,0.0,0.0,0.0,0.0,0.0,0.0,0.0,0.0,0.0,0.0,0.0,0.0,0.0,0.0,0.0,0.0,0.0,0.0,0.0,0.0,0.0,0.0,0.0,0.0,0.0,0.0,0.0,0.0,0.0,0.0,0.0,0.0,0.0,0.0,0.0,0.0,0.0,0.0,0.0,0.0,0.0,0.0,0.0,0.0,0.0,0.0,0.0,0.0,0.0,0.0,0.0,0.0,0.0,0.0,0.0
2026-09-25 19:30:00+01:00,0.0,0.0,0.0,0.0,0.0,0.0,0.0,0.0,0.0,0.0,0.0,0.0,0.0,0.0,0.0,0.0,0.0,0.0,0.0,0.0,0.0,0.0,0.0,0.0,0.0,0.0,0.0,0.0,0.0,0.0,0.0,0.0,0.0,0.0,0.0,0.0,0.0,0.0,0.0,0.0,0.0,0.0,0.0,0.0,0.0,0.0,0.0,0.0,0.0,0.0,0.0,0.0,0.0,0.0,0.0,0.0,0.0,0.0,0.0,0.0,0.0,0.0,0.0,0.0,0.0,0.0,0.0,0.0,0.0,0.0,0.0,0.0,0.0,0.0,0.0,0.0,0.0,0.0,0.0,0.0,0.0,0.0,0.0,0.0,0.0,0.0,0.0,0.0,0.0,0.0,0.0,0.0,0.0,0.0,0.0,0.0,0.0,0.0,0.0,0.0,0.0,0.0,0.0,0.0,0.0,0.0,0.0,0.0,0.0,0.0,0.0,0.0,0.0,0.0,0.0,0.0,0.0,0.0,0.0,0.0,0.0,0.0,0.0,0.0,0.0,0.0,0.0,0.0,0.0,0.0,0.0,0.0,0.0,0.0,0.0,0.0,0.0,0.0,0.0,0.0,0.0,0.0,0.0,0.0,0.0,0.0,0.0,0.0,0.0,0.0,0.0,0.0,0.0,0.0,0.0,0.0,0.0,0.0,0.0,0.0,0.0,0.0,0.0,0.0,0.0,0.0,0.0,0.0,0.0,0.0,0.0,0.0,0.0,0.0,0.0,0.0,0.0,0.0,0.0,0.0,0.0,0.0,0.0,0.0,0.0,0.0,0.0,0.0,0.0,0.0,0.0,0.0,0.0,0.0,0.0,0.0,0.0,0.0,0.0,0.0,0.0,0.0,0.0,0.0,0.0,0.0,0.0,0.0,0.0,0.0,0.0,0.0,0.0,0.0,0.0,0.0,0.0,0.0,0.0,0.0,0.0,0.0,0.0,0.0,0.0,0.0,0.0,0.0,0.0,0.0,0.0,0.0,0.0,0.0,0.0,0.0,0.0,0.0,0.0,0.0,0.0,0.0,0.0,0.0,0.0,0.0,0.0,0.0,0.0,0.0,0.0,0.0,0.0,0.0,0.0,0.0,0.0,0.0,0.0,0.0,0.0,0.0,0.0,0.0,0.0,0.0
2026-09-25 20:30:00+01:00,0.0,0.0,0.0,0.0,0.0,0.0,0.0,0.0,0.0,0.0,0.0,0.0,0.0,0.0,0.0,0.0,0.0,0.0,0.0,0.0,0.0,0.0,0.0,0.0,0.0,0.0,0.0,0.0,0.0,0.0,0.0,0.0,0.0,0.0,0.0,0.0,0.0,0.0,0.0,0.0,0.0,0.0,0.0,0.0,0.0,0.0,0.0,0.0,0.0,0.0,0.0,0.0,0.0,0.0,0.0,0.0,0.0,0.0,0.0,0.0,0.0,0.0,0.0,0.0,0.0,0.0,0.0,0.0,0.0,0.0,0.0,0.0,0.0,0.0,0.0,0.0,0.0,0.0,0.0,0.0,0.0,0.0,0.0,0.0,0.0,0.0,0.0,0.0,0.0,0.0,0.0,0.0,0.0,0.0,0.0,0.0,0.0,0.0,0.0,0.0,0.0,0.0,0.0,0.0,0.0,0.0,0.0,0.0,0.0,0.0,0.0,0.0,0.0,0.0,0.0,0.0,0.0,0.0,0.0,0.0,0.0,0.0,0.0,0.0,0.0,0.0,0.0,0.0,0.0,0.0,0.0,0.0,0.0,0.0,0.0,0.0,0.0,0.0,0.0,0.0,0.0,0.0,0.0,0.0,0.0,0.0,0.0,0.0,0.0,0.0,0.0,0.0,0.0,0.0,0.0,0.0,0.0,0.0,0.0,0.0,0.0,0.0,0.0,0.0,0.0,0.0,0.0,0.0,0.0,0.0,0.0,0.0,0.0,0.0,0.0,0.0,0.0,0.0,0.0,0.0,0.0,0.0,0.0,0.0,0.0,0.0,0.0,0.0,0.0,0.0,0.0,0.0,0.0,0.0,0.0,0.0,0.0,0.0,0.0,0.0,0.0,0.0,0.0,0.0,0.0,0.0,0.0,0.0,0.0,0.0,0.0,0.0,0.0,0.0,0.0,0.0,0.0,0.0,0.0,0.0,0.0,0.0,0.0,0.0,0.0,0.0,0.0,0.0,0.0,0.0,0.0,0.0,0.0,0.0,0.0,0.0,0.0,0.0,0.0,0.0,0.0,0.0,0.0,0.0,0.0,0.0,0.0,0.0,0.0,0.0,0.0,0.0,0.0,0.0,0.0,0.0,0.0,0.0,0.0,0.0,0.0,0.0,0.0,0.0,0.0,0.0
2026-09-25 21:30:00+01:00,0.0,0.0,0.0,0.0,0.0,0.0,0.0,0.0,0.0,0.0,0.0,0.0,0.0,0.0,0.0,0.0,0.0,0.0,0.0,0.0,0.0,0.0,0.0,0.0,0.0,0.0,0.0,0.0,0.0,0.0,0.0,0.0,0.0,0.0,0.0,0.0,0.0,0.0,0.0,0.0,0.0,0.0,0.0,0.0,0.0,0.0,0.0,0.0,0.0,0.0,0.0,0.0,0.0,0.0,0.0,0.0,0.0,0.0,0.0,0.0,0.0,0.0,0.0,0.0,0.0,0.0,0.0,0.0,0.0,0.0,0.0,0.0,0.0,0.0,0.0,0.0,0.0,0.0,0.0,0.0,0.0,0.0,0.0,0.0,0.0,0.0,0.0,0.0,0.0,0.0,0.0,0.0,0.0,0.0,0.0,0.0,0.0,0.0,0.0,0.0,0.0,0.0,0.0,0.0,0.0,0.0,0.0,0.0,0.0,0.0,0.0,0.0,0.0,0.0,0.0,0.0,0.0,0.0,0.0,0.0,0.0,0.0,0.0,0.0,0.0,0.0,0.0,0.0,0.0,0.0,0.0,0.0,0.0,0.0,0.0,0.0,0.0,0.0,0.0,0.0,0.0,0.0,0.0,0.0,0.0,0.0,0.0,0.0,0.0,0.0,0.0,0.0,0.0,0.0,0.0,0.0,0.0,0.0,0.0,0.0,0.0,0.0,0.0,0.0,0.0,0.0,0.0,0.0,0.0,0.0,0.0,0.0,0.0,0.0,0.0,0.0,0.0,0.0,0.0,0.0,0.0,0.0,0.0,0.0,0.0,0.0,0.0,0.0,0.0,0.0,0.0,0.0,0.0,0.0,0.0,0.0,0.0,0.0,0.0,0.0,0.0,0.0,0.0,0.0,0.0,0.0,0.0,0.0,0.0,0.0,0.0,0.0,0.0,0.0,0.0,0.0,0.0,0.0,0.0,0.0,0.0,0.0,0.0,0.0,0.0,0.0,0.0,0.0,0.0,0.0,0.0,0.0,0.0,0.0,0.0,0.0,0.0,0.0,0.0,0.0,0.0,0.0,0.0,0.0,0.0,0.0,0.0,0.0,0.0,0.0,0.0,0.0,0.0,0.0,0.0,0.0,0.0,0.0,0.0,0.0,0.0,0.0,0.0,0.0,0.0,0.0
2026-09-25 22:30:00+01:00,0.0,0.0,0.0,0.0,0.0,0.0,0.0,0.0,0.0,0.0,0.0,0.0,0.0,0.0,0.0,0.0,0.0,0.0,0.0,0.0,0.0,0.0,0.0,0.0,0.0,0.0,0.0,0.0,0.0,0.0,0.0,0.0,0.0,0.0,0.0,0.0,0.0,0.0,0.0,0.0,0.0,0.0,0.0,0.0,0.0,0.0,0.0,0.0,0.0,0.0,0.0,0.0,0.0,0.0,0.0,0.0,0.0,0.0,0.0,0.0,0.0,0.0,0.0,0.0,0.0,0.0,0.0,0.0,0.0,0.0,0.0,0.0,0.0,0.0,0.0,0.0,0.0,0.0,0.0,0.0,0.0,0.0,0.0,0.0,0.0,0.0,0.0,0.0,0.0,0.0,0.0,0.0,0.0,0.0,0.0,0.0,0.0,0.0,0.0,0.0,0.0,0.0,0.0,0.0,0.0,0.0,0.0,0.0,0.0,0.0,0.0,0.0,0.0,0.0,0.0,0.0,0.0,0.0,0.0,0.0,0.0,0.0,0.0,0.0,0.0,0.0,0.0,0.0,0.0,0.0,0.0,0.0,0.0,0.0,0.0,0.0,0.0,0.0,0.0,0.0,0.0,0.0,0.0,0.0,0.0,0.0,0.0,0.0,0.0,0.0,0.0,0.0,0.0,0.0,0.0,0.0,0.0,0.0,0.0,0.0,0.0,0.0,0.0,0.0,0.0,0.0,0.0,0.0,0.0,0.0,0.0,0.0,0.0,0.0,0.0,0.0,0.0,0.0,0.0,0.0,0.0,0.0,0.0,0.0,0.0,0.0,0.0,0.0,0.0,0.0,0.0,0.0,0.0,0.0,0.0,0.0,0.0,0.0,0.0,0.0,0.0,0.0,0.0,0.0,0.0,0.0,0.0,0.0,0.0,0.0,0.0,0.0,0.0,0.0,0.0,0.0,0.0,0.0,0.0,0.0,0.0,0.0,0.0,0.0,0.0,0.0,0.0,0.0,0.0,0.0,0.0,0.0,0.0,0.0,0.0,0.0,0.0,0.0,0.0,0.0,0.0,0.0,0.0,0.0,0.0,0.0,0.0,0.0,0.0,0.0,0.0,0.0,0.0,0.0,0.0,0.0,0.0,0.0,0.0,0.0,0.0,0.0,0.0,0.0,0.0,0.0
